"ResponseId","state","juris","species","dur","freqchange","field","career","agency","surveyYear","minCareer","idk","CC","duration.cent","career.cent","management_shift"
"R_1HSUmXBNOowEz38","Michigan","Single site","Retnoutria",5,"At the same frequency despite a change in phenology","Invasive plant management ","6 to 10 years","Nongovernmental Organization",2025,6,1,1,-0.691403863245749,-0.515142477920408,0
"R_5ywqK8B333ZmZQ5","Massachusetts","Network of sites within one state/province","Retnoutria",NA,"More frequently due to changing phenology","Invasive plant management ","10+ years","Nongovernmental Organization",2025,10,1,1,NA,0.79049810961295,1
"R_3dKb9I322MuEgFz","Maine","Single site","Retnoutria",5,"At the same frequency despite a change in phenology","Invasive plant management ","10+ years","City/Municipal Government",2025,10,1,1,-0.691403863245749,0.79049810961295,0
"R_5JIsRlFQz08hfmF","Massachusetts","Single site","Retnoutria",2,"More frequently due to changing phenology","Invasive plant management ","6 to 10 years","Nongovernmental Organization",2025,6,1,1,-1.08364334227082,-0.515142477920408,1
"R_7tgxSJVgLjTP0qd","New Jersey","Network of sites within one state/province","Retnoutria",NA,"At the same frequency due to no change in phenology,At the same frequency despite a change in phenology","Invasive plant management ","2 to 5 years","County Government",2025,2,1,1,NA,-1.82078306545377,0
"R_7iTaBPxUwzHaGg9","Michigan","Network of sites within one state/province","Retnoutria",12,"At the same frequency despite a change in phenology","Invasive plant management ","10+ years","State Government",2025,10,1,1,0.22382158781276,0.79049810961295,0
"R_1JL9iDUjnpJZLQR","New York","Network of sites within one state/province","Retnoutria",NA,"At the same frequency despite a change in phenology","Invasive plant management ","6 to 10 years","State Government",2025,6,1,1,NA,-0.515142477920408,0
"R_7eyioy07o8xNtFD","Wisconsin","Multi-state network of sites","Retnoutria",5,"More frequently due to changing phenology","Invasive plant management ","2 to 5 years","Industry/Private Sector",2025,2,1,1,-0.691403863245749,-1.82078306545377,1
"R_7GCx4T0QvASYfS2","Massachusetts","Network of sites within one state/province","Retnoutria",10,"Less frequently due to changing phenology","Invasive plant management ","10+ years","Nongovernmental Organization",2025,10,1,1,-0.0376713982039572,0.79049810961295,1
"R_5oaOcorb0tWwDku","Maine","Network of sites within one state/province","Retnoutria",6,"More frequently due to changing phenology","Invasive plant management ","6 to 10 years","Nongovernmental Organization",2025,6,1,1,-0.560657370237391,-0.515142477920408,1
"R_1EhS8EtoQX5KeVO","Virginia"," Other (please specify)","Retnoutria",10,"At the same frequency despite a change in phenology","Invasive plant management ","10+ years","City/Municipal Government",2025,10,1,1,-0.0376713982039572,0.79049810961295,0
"R_7q3sEFKcJH3jV4h","North Carolina","Multi-state network of sites","Retnoutria",5,"More frequently due to changing phenology","Invasive plant management ","6 to 10 years","Nongovernmental Organization",2025,6,1,1,-0.691403863245749,-0.515142477920408,1
"R_3f2NE46NtdzB3GN","Missouri","Multi-state network of sites","Retnoutria",2,"More frequently due to changing phenology","Invasive plant management ","6 to 10 years","Nongovernmental Organization",2025,6,1,1,-1.08364334227082,-0.515142477920408,1
"R_4DdacjI5qhmJw0t","Vermont","Multi-state network of sites","Retnoutria",10,"At the same frequency despite a change in phenology","Invasive plant management ","10+ years","Industry/Private Sector",2025,10,1,1,-0.0376713982039572,0.79049810961295,0
"R_6xnYQypkLxxXJct","Michigan","Multi-state network of sites","Retnoutria",11,"At the same frequency despite a change in phenology","Invasive plant management ","10+ years","Nongovernmental Organization",2025,10,1,1,0.0930750948044013,0.79049810961295,0
"R_7CIWuckyx3sjsAs","Ontario"," Other (please specify)","Retnoutria",10,"At the same frequency despite a change in phenology","Invasive plant management ","6 to 10 years","Other",2025,6,1,1,-0.0376713982039572,-0.515142477920408,0
"R_7zisJUcklmC59IQ","Massachusetts"," Other (please specify)","Retnoutria",6,"More frequently due to changing phenology","Invasive plant management ","10+ years","Industry/Private Sector",2025,10,1,1,-0.560657370237391,0.79049810961295,1
"R_3U5fotg9fbz2uIA","Maine","Network of sites within one state/province","Retnoutria",15,"At the same frequency despite a change in phenology","Invasive plant management ","10+ years","Nongovernmental Organization",2025,10,1,1,0.616061066837835,0.79049810961295,0
"R_3dKb9I322MuEgFz","Maine","Single site","Artemesia",3,"At the same frequency despite a change in phenology","Invasive plant management ","10+ years","City/Municipal Government",2025,10,1,1,-0.952896849262466,0.79049810961295,0
"R_5JIsRlFQz08hfmF","Massachusetts","Single site","Artemesia",6,"More frequently due to changing phenology","Invasive plant management ","6 to 10 years","Nongovernmental Organization",2025,6,1,1,-0.560657370237391,-0.515142477920408,1
"R_7OoxW9EzfNxUWpb","Massachusetts","Single site","Artemesia",5,"More frequently due to changing phenology","Invasive plant management ","6 to 10 years","Nongovernmental Organization",2025,6,1,1,-0.691403863245749,-0.515142477920408,1
"R_5FL0Dh9GY67xaof","Massachusetts","Single site","Artemesia",25,"More frequently due to changing phenology","Invasive plant management ","10+ years","City/Municipal Government",2025,10,1,1,1.92352599692142,0.79049810961295,1
"R_1EhS8EtoQX5KeVO","Virginia"," Other (please specify)","Artemesia",2,"At the same frequency despite a change in phenology","Invasive plant management ","10+ years","City/Municipal Government",2025,10,1,1,-1.08364334227082,0.79049810961295,0
"R_7zisJUcklmC59IQ","Massachusetts"," Other (please specify)","Artemesia",2,"At the same frequency despite a change in phenology","Invasive plant management ","10+ years","Industry/Private Sector",2025,10,1,1,-1.08364334227082,0.79049810961295,0
"R_5ywqK8B333ZmZQ5","Massachusetts","Network of sites within one state/province","Berberis",NA,"At the same frequency despite a change in phenology","Invasive plant management ","10+ years","Nongovernmental Organization",2025,10,1,1,NA,0.79049810961295,0
"R_3dKb9I322MuEgFz","Maine","Single site","Berberis",10,"At the same frequency despite a change in phenology","Invasive plant management ","10+ years","City/Municipal Government",2025,10,1,1,-0.0376713982039572,0.79049810961295,0
"R_5JIsRlFQz08hfmF","Massachusetts","Single site","Berberis",6,"More frequently due to changing phenology","Invasive plant management ","6 to 10 years","Nongovernmental Organization",2025,6,1,1,-0.560657370237391,-0.515142477920408,1
"R_1LgxvH8g74WcAal","New York","Network of sites within one state/province","Berberis",16,"At the same frequency despite a change in phenology","Invasive plant management ","10+ years","City/Municipal Government",2025,10,1,1,0.746807559846193,0.79049810961295,0
"R_7iTaBPxUwzHaGg9","Michigan","Network of sites within one state/province","Berberis",12,"At the same frequency despite a change in phenology","Invasive plant management ","10+ years","State Government",2025,10,1,1,0.22382158781276,0.79049810961295,0
"R_3GKeTuOGsGrWsBx","Michigan","Single site","Berberis",2,"At the same frequency despite a change in phenology","Invasive plant management ","6 to 10 years","Academia/University",2025,6,1,1,-1.08364334227082,-0.515142477920408,0
"R_1JL9iDUjnpJZLQR","New York","Network of sites within one state/province","Berberis",NA,"At the same frequency despite a change in phenology","Invasive plant management ","6 to 10 years","State Government",2025,6,1,1,NA,-0.515142477920408,0
"R_7eyioy07o8xNtFD","Wisconsin","Multi-state network of sites","Berberis",3,"At the same frequency despite a change in phenology","Invasive plant management ","2 to 5 years","Industry/Private Sector",2025,2,1,1,-0.952896849262466,-1.82078306545377,0
"R_1EhS8EtoQX5KeVO","Virginia"," Other (please specify)","Berberis",15,"At the same frequency despite a change in phenology","Invasive plant management ","10+ years","City/Municipal Government",2025,10,1,1,0.616061066837835,0.79049810961295,0
"R_3BXy7lTi8qCQ0cF","Indiana"," Other (please specify)","Berberis",10,"At the same frequency despite a change in phenology","Invasive plant management ","10+ years","Other",2025,10,1,1,-0.0376713982039572,0.79049810961295,0
"R_4DdacjI5qhmJw0t","Vermont","Multi-state network of sites","Berberis",10,"At the same frequency despite a change in phenology","Invasive plant management ","10+ years","Industry/Private Sector",2025,10,1,1,-0.0376713982039572,0.79049810961295,0
"R_5cCxuqU3LPDqcRW","Wisconsin","Network of sites within one state/province","Berberis",9,"Less frequently due to changing phenology","Invasive plant management ","2 to 5 years","Nongovernmental Organization",2025,2,1,1,-0.168417891212316,-1.82078306545377,1
"R_3oKFNE7EJdtd7QR","Wisconsin","Network of sites within one state/province","Berberis",2,"Less frequently due to changing phenology","Other (I work with invasive plants but not as a manager, researcher, or extension)","10+ years","Industry/Private Sector",2025,10,1,1,-1.08364334227082,0.79049810961295,1
"R_7zisJUcklmC59IQ","Massachusetts"," Other (please specify)","Berberis",5,"At the same frequency despite a change in phenology","Invasive plant management ","10+ years","Industry/Private Sector",2025,10,1,1,-0.691403863245749,0.79049810961295,0
"R_3U5fotg9fbz2uIA","Maine","Network of sites within one state/province","Berberis",15,"At the same frequency despite a change in phenology","Invasive plant management ","10+ years","Nongovernmental Organization",2025,10,1,1,0.616061066837835,0.79049810961295,0
"R_6ForFLcNvl9Gfip","Maine","Network of sites within one state/province","Microstegium",2,"More frequently due to changing phenology","Invasive plant management ","2 to 5 years","State Government",2025,2,1,1,-1.08364334227082,-1.82078306545377,1
"R_1HSUmXBNOowEz38","Michigan","Single site","Microstegium",7,"At the same frequency despite a change in phenology","Invasive plant management ","6 to 10 years","Nongovernmental Organization",2025,6,1,1,-0.429910877229032,-0.515142477920408,0
"R_5ywqK8B333ZmZQ5","Massachusetts","Network of sites within one state/province","Microstegium",NA,"At the same frequency despite a change in phenology","Invasive plant management ","10+ years","Nongovernmental Organization",2025,10,1,1,NA,0.79049810961295,0
"R_5JIsRlFQz08hfmF","Massachusetts","Single site","Microstegium",2,"More frequently due to changing phenology","Invasive plant management ","6 to 10 years","Nongovernmental Organization",2025,6,1,1,-1.08364334227082,-0.515142477920408,1
"R_3lIwOYVE6uiBLFL","Missouri","Network of sites within one state/province","Microstegium",5,"More frequently due to changing phenology","Invasive plant management ","6 to 10 years","Nongovernmental Organization",2025,6,1,1,-0.691403863245749,-0.515142477920408,1
"R_7iTaBPxUwzHaGg9","Michigan","Network of sites within one state/province","Microstegium",5,"More frequently due to changing phenology","Invasive plant management ","10+ years","State Government",2025,10,1,1,-0.691403863245749,0.79049810961295,1
"R_7OoxW9EzfNxUWpb","Massachusetts","Single site","Microstegium",1,"More frequently due to changing phenology","Invasive plant management ","6 to 10 years","Nongovernmental Organization",2025,6,1,1,-1.21438983527918,-0.515142477920408,1
"R_5wUlVJP5S6N1qEN","Virginia","Network of sites within one state/province","Microstegium",10,"At the same frequency despite a change in phenology","Invasive plant management ","6 to 10 years","County Government",2025,6,1,1,-0.0376713982039572,-0.515142477920408,0
"R_1EiGIcVTKZ2CXkf","Maryland","Single site","Microstegium",3,"More frequently due to changing phenology","Invasive plant management ","6 to 10 years","Nongovernmental Organization",2025,6,1,1,-0.952896849262466,-0.515142477920408,1
"R_5oaOcorb0tWwDku","Maine","Network of sites within one state/province","Microstegium",3,"More frequently due to changing phenology","Invasive plant management ","6 to 10 years","Nongovernmental Organization",2025,6,1,1,-0.952896849262466,-0.515142477920408,1
"R_5B5a3B4ABmQZKnh","Missouri","Single site","Microstegium",9,"At the same frequency despite a change in phenology","Invasive plant management ","10+ years","Nongovernmental Organization",2025,10,1,1,-0.168417891212316,0.79049810961295,0
"R_1EhS8EtoQX5KeVO","Virginia"," Other (please specify)","Microstegium",15,"At the same frequency despite a change in phenology","Invasive plant management ","10+ years","City/Municipal Government",2025,10,1,1,0.616061066837835,0.79049810961295,0
"R_6bkD5LQEewba1fb","New York","Network of sites within one state/province","Microstegium",8,"Less frequently due to changing phenology","Invasive plant management ","6 to 10 years","Nongovernmental Organization",2025,6,1,1,-0.299164384220674,-0.515142477920408,1
"R_6dEOH3nQWsRf2ff","Tennessee","Multi-state network of sites","Microstegium",10,"More frequently due to changing phenology","Invasive plant management ","10+ years","Nongovernmental Organization",2025,10,1,1,-0.0376713982039572,0.79049810961295,1
"R_7iTaBPxUwzHaGg9","Michigan","Network of sites within one state/province","Pueria",7,"At the same frequency despite a change in phenology","Invasive plant management ","10+ years","State Government",2025,10,1,1,-0.429910877229032,0.79049810961295,0
"R_51b9eoP3TpoI1sr","Missouri"," Other (please specify)","Pueria",4,"At the same frequency despite a change in phenology","Invasive plant management ","2 to 5 years"," Federal Government",2025,2,1,1,-0.822150356254108,-1.82078306545377,0
"R_1EhS8EtoQX5KeVO","Virginia"," Other (please specify)","Pueria",10,"At the same frequency despite a change in phenology","Invasive plant management ","10+ years","City/Municipal Government",2025,10,1,1,-0.0376713982039572,0.79049810961295,0
"R_5R23jr6FuDmhief","Massachusetts","Single site","Celastrus",3,"At the same frequency despite a change in phenology","Invasive plant management ","10+ years","Nongovernmental Organization",2025,10,1,1,-0.952896849262466,0.79049810961295,0
"R_5ywqK8B333ZmZQ5","Massachusetts","Network of sites within one state/province","Celastrus",NA,"At the same frequency despite a change in phenology","Invasive plant management ","10+ years","Nongovernmental Organization",2025,10,1,1,NA,0.79049810961295,0
"R_3dKb9I322MuEgFz","Maine","Single site","Celastrus",12,"At the same frequency despite a change in phenology","Invasive plant management ","10+ years","City/Municipal Government",2025,10,1,1,0.22382158781276,0.79049810961295,0
"R_73eVhyZmS8L43ik","Maine","Network of sites within one state/province","Celastrus",NA,"At the same frequency despite a change in phenology","Invasive plant management ","6 to 10 years","Tribal/First Nation",2025,6,1,1,NA,-0.515142477920408,0
"R_5JIsRlFQz08hfmF","Massachusetts","Single site","Celastrus",6,"More frequently due to changing phenology","Invasive plant management ","6 to 10 years","Nongovernmental Organization",2025,6,1,1,-0.560657370237391,-0.515142477920408,1
"R_1LgxvH8g74WcAal","New York","Network of sites within one state/province","Celastrus",20,"At the same frequency despite a change in phenology","Invasive plant management ","10+ years","City/Municipal Government",2025,10,1,1,1.26979353187963,0.79049810961295,0
"R_6otqeEqxavLiZSY","New York","Single site","Celastrus",10,"At the same frequency despite a change in phenology","Invasive plant management ","10+ years","Nongovernmental Organization",2025,10,1,1,-0.0376713982039572,0.79049810961295,0
"R_7iTaBPxUwzHaGg9","Michigan","Network of sites within one state/province","Celastrus",12,"At the same frequency despite a change in phenology","Invasive plant management ","10+ years","State Government",2025,10,1,1,0.22382158781276,0.79049810961295,0
"R_3GKeTuOGsGrWsBx","Michigan","Single site","Celastrus",9,"More frequently due to changing phenology","Invasive plant management ","6 to 10 years","Academia/University",2025,6,1,1,-0.168417891212316,-0.515142477920408,1
"R_1EhS8EtoQX5KeVO","Virginia"," Other (please specify)","Celastrus",15,"At the same frequency despite a change in phenology","Invasive plant management ","10+ years","City/Municipal Government",2025,10,1,1,0.616061066837835,0.79049810961295,0
"R_3BXy7lTi8qCQ0cF","Indiana"," Other (please specify)","Celastrus",10,"At the same frequency despite a change in phenology","Invasive plant management ","10+ years","Other",2025,10,1,1,-0.0376713982039572,0.79049810961295,0
"R_4DdacjI5qhmJw0t","Vermont","Multi-state network of sites","Celastrus",10,"At the same frequency despite a change in phenology","Invasive plant management ","10+ years","Industry/Private Sector",2025,10,1,1,-0.0376713982039572,0.79049810961295,0
"R_3oKFNE7EJdtd7QR","Wisconsin","Network of sites within one state/province","Celastrus",NA,"More frequently due to changing phenology","Other (I work with invasive plants but not as a manager, researcher, or extension)","10+ years","Industry/Private Sector",2025,10,1,1,NA,0.79049810961295,1
"R_69m69niC7eQvmfH","Massachusetts","Single site","Celastrus",25,"More frequently due to changing phenology","Invasive plant management ","10+ years","Other",2025,10,1,1,1.92352599692142,0.79049810961295,1
"R_7zisJUcklmC59IQ","Massachusetts"," Other (please specify)","Celastrus",5,"At the same frequency despite a change in phenology","Invasive plant management ","10+ years","Industry/Private Sector",2025,10,1,1,-0.691403863245749,0.79049810961295,0
"R_3U5fotg9fbz2uIA","Maine","Network of sites within one state/province","Celastrus",15,"At the same frequency despite a change in phenology","Invasive plant management ","10+ years","Nongovernmental Organization",2025,10,1,1,0.616061066837835,0.79049810961295,0
"R_1HSUmXBNOowEz38","Michigan","Single site","Vinetoxicum",3,"At the same frequency despite a change in phenology","Invasive plant management ","6 to 10 years","Nongovernmental Organization",2025,6,1,1,-0.952896849262466,-0.515142477920408,0
"R_5ywqK8B333ZmZQ5","Massachusetts","Network of sites within one state/province","Vinetoxicum",NA,"At the same frequency despite a change in phenology","Invasive plant management ","10+ years","Nongovernmental Organization",2025,10,1,1,NA,0.79049810961295,0
"R_3dKb9I322MuEgFz","Maine","Single site","Vinetoxicum",12,"At the same frequency despite a change in phenology","Invasive plant management ","10+ years","City/Municipal Government",2025,10,1,1,0.22382158781276,0.79049810961295,0
"R_6otqeEqxavLiZSY","New York","Single site","Vinetoxicum",10,"At the same frequency despite a change in phenology","Invasive plant management ","10+ years","Nongovernmental Organization",2025,10,1,1,-0.0376713982039572,0.79049810961295,0
"R_7iTaBPxUwzHaGg9","Michigan","Network of sites within one state/province","Vinetoxicum",8,"At the same frequency despite a change in phenology","Invasive plant management ","10+ years","State Government",2025,10,1,1,-0.299164384220674,0.79049810961295,0
"R_3GKeTuOGsGrWsBx","Michigan","Single site","Vinetoxicum",8,"More frequently due to changing phenology","Invasive plant management ","6 to 10 years","Academia/University",2025,6,1,1,-0.299164384220674,-0.515142477920408,1
"R_4DdacjI5qhmJw0t","Vermont","Multi-state network of sites","Vinetoxicum",10,"At the same frequency despite a change in phenology","Invasive plant management ","10+ years","Industry/Private Sector",2025,10,1,1,-0.0376713982039572,0.79049810961295,0
"R_7CIWuckyx3sjsAs","Ontario"," Other (please specify)","Vinetoxicum",10,"More frequently due to changing phenology","Invasive plant management ","6 to 10 years","Other",2025,6,1,1,-0.0376713982039572,-0.515142477920408,1
"R_7zisJUcklmC59IQ","Massachusetts"," Other (please specify)","Vinetoxicum",5,"More frequently due to changing phenology","Invasive plant management ","10+ years","Industry/Private Sector",2025,10,1,1,-0.691403863245749,0.79049810961295,1
"R_5ywqK8B333ZmZQ5","Massachusetts","Network of sites within one state/province","Rhamnus",NA,"At the same frequency despite a change in phenology","Invasive plant management ","10+ years","Nongovernmental Organization",2025,10,1,1,NA,0.79049810961295,0
"R_3dKb9I322MuEgFz","Maine","Single site","Rhamnus",3,"At the same frequency despite a change in phenology","Invasive plant management ","10+ years","City/Municipal Government",2025,10,1,1,-0.952896849262466,0.79049810961295,0
"R_73eVhyZmS8L43ik","Maine","Network of sites within one state/province","Rhamnus",NA,"At the same frequency despite a change in phenology","Invasive plant management ","6 to 10 years","Tribal/First Nation",2025,6,1,1,NA,-0.515142477920408,0
"R_5JIsRlFQz08hfmF","Massachusetts","Single site","Rhamnus",6,"More frequently due to changing phenology","Invasive plant management ","6 to 10 years","Nongovernmental Organization",2025,6,1,1,-0.560657370237391,-0.515142477920408,1
"R_6otqeEqxavLiZSY","New York","Single site","Rhamnus",10,"At the same frequency despite a change in phenology","Invasive plant management ","10+ years","Nongovernmental Organization",2025,10,1,1,-0.0376713982039572,0.79049810961295,0
"R_30JFe2RxkYRhFAk","Michigan","Network of sites within one state/province","Rhamnus",26,"At the same frequency despite a change in phenology","Invasive plant management ","10+ years","Nongovernmental Organization",2025,10,1,1,2.05427248992978,0.79049810961295,0
"R_7iTaBPxUwzHaGg9","Michigan","Network of sites within one state/province","Rhamnus",12,"At the same frequency despite a change in phenology","Invasive plant management ","10+ years","State Government",2025,10,1,1,0.22382158781276,0.79049810961295,0
"R_3GKeTuOGsGrWsBx","Michigan","Single site","Rhamnus",9,"More frequently due to changing phenology","Invasive plant management ","6 to 10 years","Academia/University",2025,6,1,1,-0.168417891212316,-0.515142477920408,1
"R_7eyioy07o8xNtFD","Wisconsin","Multi-state network of sites","Rhamnus",5,"More frequently due to changing phenology","Invasive plant management ","2 to 5 years","Industry/Private Sector",2025,2,1,1,-0.691403863245749,-1.82078306545377,1
"R_3BXy7lTi8qCQ0cF","Indiana"," Other (please specify)","Rhamnus",20,"At the same frequency despite a change in phenology","Invasive plant management ","10+ years","Other",2025,10,1,1,1.26979353187963,0.79049810961295,0
"R_4DdacjI5qhmJw0t","Vermont","Multi-state network of sites","Rhamnus",10,"At the same frequency despite a change in phenology","Invasive plant management ","10+ years","Industry/Private Sector",2025,10,1,1,-0.0376713982039572,0.79049810961295,0
"R_3oKFNE7EJdtd7QR","Wisconsin","Network of sites within one state/province","Rhamnus",40,"More frequently due to changing phenology","Other (I work with invasive plants but not as a manager, researcher, or extension)","10+ years","Industry/Private Sector",2025,10,1,1,3.8847233920468,0.79049810961295,1
"R_7CIWuckyx3sjsAs","Ontario"," Other (please specify)","Rhamnus",10,"At the same frequency despite a change in phenology","Invasive plant management ","6 to 10 years","Other",2025,6,1,1,-0.0376713982039572,-0.515142477920408,0
"R_7zisJUcklmC59IQ","Massachusetts"," Other (please specify)","Rhamnus",5,"At the same frequency despite a change in phenology","Invasive plant management ","10+ years","Industry/Private Sector",2025,10,1,1,-0.691403863245749,0.79049810961295,0
"R_3U5fotg9fbz2uIA","Maine","Network of sites within one state/province","Rhamnus",15,"At the same frequency despite a change in phenology","Invasive plant management ","10+ years","Nongovernmental Organization",2025,10,1,1,0.616061066837835,0.79049810961295,0
"R_5ywqK8B333ZmZQ5","Massachusetts","Network of sites within one state/province","Elaeagnus",NA,"At the same frequency despite a change in phenology","Invasive plant management ","10+ years","Nongovernmental Organization",2025,10,1,1,NA,0.79049810961295,0
"R_73eVhyZmS8L43ik","Maine","Network of sites within one state/province","Elaeagnus",NA,"At the same frequency despite a change in phenology","Invasive plant management ","6 to 10 years","Tribal/First Nation",2025,6,1,1,NA,-0.515142477920408,0
"R_5JIsRlFQz08hfmF","Massachusetts","Single site","Elaeagnus",6,"More frequently due to changing phenology","Invasive plant management ","6 to 10 years","Nongovernmental Organization",2025,6,1,1,-0.560657370237391,-0.515142477920408,1
"R_3lIwOYVE6uiBLFL","Missouri","Network of sites within one state/province","Elaeagnus",6,"More frequently due to changing phenology","Invasive plant management ","6 to 10 years","Nongovernmental Organization",2025,6,1,1,-0.560657370237391,-0.515142477920408,1
"R_3zHHEZE9YczuVki","Indiana"," Other (please specify)","Elaeagnus",20,"More frequently due to changing phenology","Invasive plant management ","2 to 5 years","Other",2025,2,1,1,1.26979353187963,-1.82078306545377,1
"R_6otqeEqxavLiZSY","New York","Single site","Elaeagnus",10,"At the same frequency despite a change in phenology","Invasive plant management ","10+ years","Nongovernmental Organization",2025,10,1,1,-0.0376713982039572,0.79049810961295,0
"R_30JFe2RxkYRhFAk","Michigan","Network of sites within one state/province","Elaeagnus",20,"At the same frequency despite a change in phenology","Invasive plant management ","10+ years","Nongovernmental Organization",2025,10,1,1,1.26979353187963,0.79049810961295,0
"R_7iTaBPxUwzHaGg9","Michigan","Network of sites within one state/province","Elaeagnus",20,"At the same frequency despite a change in phenology","Invasive plant management ","10+ years","State Government",2025,10,1,1,1.26979353187963,0.79049810961295,0
"R_3GKeTuOGsGrWsBx","Michigan","Single site","Elaeagnus",9,"More frequently due to changing phenology","Invasive plant management ","6 to 10 years","Academia/University",2025,6,1,1,-0.168417891212316,-0.515142477920408,1
"R_51b9eoP3TpoI1sr","Missouri"," Other (please specify)","Elaeagnus",5,"At the same frequency despite a change in phenology","Invasive plant management ","2 to 5 years"," Federal Government",2025,2,1,1,-0.691403863245749,-1.82078306545377,0
"R_7eyioy07o8xNtFD","Wisconsin","Multi-state network of sites","Elaeagnus",4,"More frequently due to changing phenology,At the same frequency despite a change in phenology","Invasive plant management ","2 to 5 years","Industry/Private Sector",2025,2,1,1,-0.822150356254108,-1.82078306545377,1
"R_7Vru9EQVgndVy1V","North Carolina","Network of sites within one state/province","Elaeagnus",30,"More frequently due to changing phenology","Invasive plant management ","6 to 10 years","County Government",2025,6,1,1,2.57725846196321,-0.515142477920408,1
"R_1EhS8EtoQX5KeVO","Virginia"," Other (please specify)","Elaeagnus",15,"At the same frequency despite a change in phenology","Invasive plant management ","10+ years","City/Municipal Government",2025,10,1,1,0.616061066837835,0.79049810961295,0
"R_3f2NE46NtdzB3GN","Missouri","Multi-state network of sites","Elaeagnus",4,"More frequently due to changing phenology","Invasive plant management ","6 to 10 years","Nongovernmental Organization",2025,6,1,1,-0.822150356254108,-0.515142477920408,1
"R_7916UIaOGbhT1AV","Indiana","Network of sites within one state/province","Elaeagnus",4.75,"At the same frequency despite a change in phenology","Invasive plant management ","2 to 5 years","County Government",2025,2,1,1,-0.724090486497839,-1.82078306545377,0
"R_3BXy7lTi8qCQ0cF","Indiana"," Other (please specify)","Elaeagnus",10,"At the same frequency despite a change in phenology","Invasive plant management ","10+ years","Other",2025,10,1,1,-0.0376713982039572,0.79049810961295,0
"R_4DdacjI5qhmJw0t","Vermont","Multi-state network of sites","Elaeagnus",10,"At the same frequency despite a change in phenology","Invasive plant management ","10+ years","Industry/Private Sector",2025,10,1,1,-0.0376713982039572,0.79049810961295,0
"R_7CIWuckyx3sjsAs","Ontario"," Other (please specify)","Elaeagnus",10,"At the same frequency despite a change in phenology","Invasive plant management ","6 to 10 years","Other",2025,6,1,1,-0.0376713982039572,-0.515142477920408,0
"R_7zisJUcklmC59IQ","Massachusetts"," Other (please specify)","Elaeagnus",2,"At the same frequency despite a change in phenology","Invasive plant management ","10+ years","Industry/Private Sector",2025,10,1,1,-1.08364334227082,0.79049810961295,0
"R_3U5fotg9fbz2uIA","Maine","Network of sites within one state/province","Elaeagnus",10,"At the same frequency despite a change in phenology","Invasive plant management ","10+ years","Nongovernmental Organization",2025,10,1,1,-0.0376713982039572,0.79049810961295,0
"R_6dEOH3nQWsRf2ff","Tennessee","Multi-state network of sites","Elaeagnus",10,"More frequently due to changing phenology","Invasive plant management ","10+ years","Nongovernmental Organization",2025,10,1,1,-0.0376713982039572,0.79049810961295,1
"R_7iTaBPxUwzHaGg9","Michigan","Network of sites within one state/province","impatiens",5,"More frequently due to changing phenology","Invasive plant management ","10+ years","State Government",2025,10,1,1,-0.691403863245749,0.79049810961295,1
"R_7CIWuckyx3sjsAs","Ontario"," Other (please specify)","impatiens",10,"At the same frequency despite a change in phenology","Invasive plant management ","6 to 10 years","Other",2025,6,1,1,-0.0376713982039572,-0.515142477920408,0
"R_3U5fotg9fbz2uIA","Maine","Network of sites within one state/province","impatiens",8,"At the same frequency despite a change in phenology","Invasive plant management ","10+ years","Nongovernmental Organization",2025,10,1,1,-0.299164384220674,0.79049810961295,0
"R_5R23jr6FuDmhief","Massachusetts","Single site","Lonicera",8,"At the same frequency despite a change in phenology","Invasive plant management ","10+ years","Nongovernmental Organization",2025,10,1,1,-0.299164384220674,0.79049810961295,0
"R_5ywqK8B333ZmZQ5","Massachusetts","Network of sites within one state/province","Lonicera",NA,"At the same frequency despite a change in phenology","Invasive plant management ","10+ years","Nongovernmental Organization",2025,10,1,1,NA,0.79049810961295,0
"R_3dKb9I322MuEgFz","Maine","Single site","Lonicera",5,"At the same frequency despite a change in phenology","Invasive plant management ","10+ years","City/Municipal Government",2025,10,1,1,-0.691403863245749,0.79049810961295,0
"R_73eVhyZmS8L43ik","Maine","Network of sites within one state/province","Lonicera",NA,"At the same frequency despite a change in phenology","Invasive plant management ","6 to 10 years","Tribal/First Nation",2025,6,1,1,NA,-0.515142477920408,0
"R_5JIsRlFQz08hfmF","Massachusetts","Single site","Lonicera",6,"More frequently due to changing phenology","Invasive plant management ","6 to 10 years","Nongovernmental Organization",2025,6,1,1,-0.560657370237391,-0.515142477920408,1
"R_3Uciec0XTEPN8VM","Kansas","Network of sites within one state/province","Lonicera",5,"More frequently due to changing phenology","Other (I work with invasive plants but not as a manager, researcher, or extension)","10+ years","City/Municipal Government",2025,10,1,1,-0.691403863245749,0.79049810961295,1
"R_3zHHEZE9YczuVki","Indiana"," Other (please specify)","Lonicera",20,"More frequently due to changing phenology","Invasive plant management ","2 to 5 years","Other",2025,2,1,1,1.26979353187963,-1.82078306545377,1
"R_6otqeEqxavLiZSY","New York","Single site","Lonicera",8,"At the same frequency despite a change in phenology","Invasive plant management ","10+ years","Nongovernmental Organization",2025,10,1,1,-0.299164384220674,0.79049810961295,0
"R_30JFe2RxkYRhFAk","Michigan","Network of sites within one state/province","Lonicera",20,"At the same frequency despite a change in phenology","Invasive plant management ","10+ years","Nongovernmental Organization",2025,10,1,1,1.26979353187963,0.79049810961295,0
"R_7iTaBPxUwzHaGg9","Michigan","Network of sites within one state/province","Lonicera",12,"At the same frequency despite a change in phenology","Invasive plant management ","10+ years","State Government",2025,10,1,1,0.22382158781276,0.79049810961295,0
"R_3GKeTuOGsGrWsBx","Michigan","Single site","Lonicera",9,"More frequently due to changing phenology","Invasive plant management ","6 to 10 years","Academia/University",2025,6,1,1,-0.168417891212316,-0.515142477920408,1
"R_51b9eoP3TpoI1sr","Missouri"," Other (please specify)","Lonicera",4,"At the same frequency despite a change in phenology","Invasive plant management ","2 to 5 years"," Federal Government",2025,2,1,1,-0.822150356254108,-1.82078306545377,0
"R_1JL9iDUjnpJZLQR","New York","Network of sites within one state/province","Lonicera",NA,"At the same frequency despite a change in phenology","Invasive plant management ","6 to 10 years","State Government",2025,6,1,1,NA,-0.515142477920408,0
"R_7eyioy07o8xNtFD","Wisconsin","Multi-state network of sites","Lonicera",5,"More frequently due to changing phenology","Invasive plant management ","2 to 5 years","Industry/Private Sector",2025,2,1,1,-0.691403863245749,-1.82078306545377,1
"R_1EhS8EtoQX5KeVO","Virginia"," Other (please specify)","Lonicera",15,"At the same frequency despite a change in phenology","Invasive plant management ","10+ years","City/Municipal Government",2025,10,1,1,0.616061066837835,0.79049810961295,0
"R_3f2NE46NtdzB3GN","Missouri","Multi-state network of sites","Lonicera",6,"More frequently due to changing phenology","Invasive plant management ","6 to 10 years","Nongovernmental Organization",2025,6,1,1,-0.560657370237391,-0.515142477920408,1
"R_7916UIaOGbhT1AV","Indiana","Network of sites within one state/province","Lonicera",4.75,"At the same frequency despite a change in phenology","Invasive plant management ","2 to 5 years","County Government",2025,2,1,1,-0.724090486497839,-1.82078306545377,0
"R_3BXy7lTi8qCQ0cF","Indiana"," Other (please specify)","Lonicera",10,"At the same frequency despite a change in phenology","Invasive plant management ","10+ years","Other",2025,10,1,1,-0.0376713982039572,0.79049810961295,0
"R_4DdacjI5qhmJw0t","Vermont","Multi-state network of sites","Lonicera",10,"At the same frequency despite a change in phenology","Invasive plant management ","10+ years","Industry/Private Sector",2025,10,1,1,-0.0376713982039572,0.79049810961295,0
"R_3oKFNE7EJdtd7QR","Wisconsin","Network of sites within one state/province","Lonicera",20,"More frequently due to changing phenology","Other (I work with invasive plants but not as a manager, researcher, or extension)","10+ years","Industry/Private Sector",2025,10,1,1,1.26979353187963,0.79049810961295,1
"R_7CIWuckyx3sjsAs","Ontario"," Other (please specify)","Lonicera",10,"At the same frequency despite a change in phenology","Invasive plant management ","6 to 10 years","Other",2025,6,1,1,-0.0376713982039572,-0.515142477920408,0
"R_7zisJUcklmC59IQ","Massachusetts"," Other (please specify)","Lonicera",5,"At the same frequency despite a change in phenology","Invasive plant management ","10+ years","Industry/Private Sector",2025,10,1,1,-0.691403863245749,0.79049810961295,0
"R_3U5fotg9fbz2uIA","Maine","Network of sites within one state/province","Lonicera",15,"At the same frequency despite a change in phenology","Invasive plant management ","10+ years","Nongovernmental Organization",2025,10,1,1,0.616061066837835,0.79049810961295,0
"R_6dEOH3nQWsRf2ff","Tennessee","Multi-state network of sites","Lonicera",5,"More frequently due to changing phenology","Invasive plant management ","10+ years","Nongovernmental Organization",2025,10,1,1,-0.691403863245749,0.79049810961295,1
"R_5JIsRlFQz08hfmF","Massachusetts","Single site","Miscanthus",2,"More frequently due to changing phenology","Invasive plant management ","6 to 10 years","Nongovernmental Organization",2025,6,1,1,-1.08364334227082,-0.515142477920408,1
"R_7q3sEFKcJH3jV4h","North Carolina","Multi-state network of sites","Miscanthus",10,"More frequently due to changing phenology","Invasive plant management ","6 to 10 years","Nongovernmental Organization",2025,6,1,1,-0.0376713982039572,-0.515142477920408,1
"R_7CIWuckyx3sjsAs","Ontario"," Other (please specify)","Miscanthus",5,"At the same frequency despite a change in phenology","Invasive plant management ","6 to 10 years","Other",2025,6,1,1,-0.691403863245749,-0.515142477920408,0
"R_5ywqK8B333ZmZQ5","Massachusetts","Network of sites within one state/province","Rosa",NA,"At the same frequency despite a change in phenology","Invasive plant management ","10+ years","Nongovernmental Organization",2025,10,1,1,NA,0.79049810961295,0
"R_3dKb9I322MuEgFz","Maine","Single site","Rosa",10,"At the same frequency despite a change in phenology","Invasive plant management ","10+ years","City/Municipal Government",2025,10,1,1,-0.0376713982039572,0.79049810961295,0
"R_73eVhyZmS8L43ik","Maine","Network of sites within one state/province","Rosa",NA,"At the same frequency despite a change in phenology","Invasive plant management ","6 to 10 years","Tribal/First Nation",2025,6,1,1,NA,-0.515142477920408,0
"R_5JIsRlFQz08hfmF","Massachusetts","Single site","Rosa",6,"More frequently due to changing phenology","Invasive plant management ","6 to 10 years","Nongovernmental Organization",2025,6,1,1,-0.560657370237391,-0.515142477920408,1
"R_3zHHEZE9YczuVki","Indiana"," Other (please specify)","Rosa",20,"Less frequently due to changing phenology","Invasive plant management ","2 to 5 years","Other",2025,2,1,1,1.26979353187963,-1.82078306545377,1
"R_1LgxvH8g74WcAal","New York","Network of sites within one state/province","Rosa",20,"At the same frequency despite a change in phenology","Invasive plant management ","10+ years","City/Municipal Government",2025,10,1,1,1.26979353187963,0.79049810961295,0
"R_30JFe2RxkYRhFAk","Michigan","Network of sites within one state/province","Rosa",20,"At the same frequency despite a change in phenology","Invasive plant management ","10+ years","Nongovernmental Organization",2025,10,1,1,1.26979353187963,0.79049810961295,0
"R_7iTaBPxUwzHaGg9","Michigan","Network of sites within one state/province","Rosa",12,"At the same frequency despite a change in phenology","Invasive plant management ","10+ years","State Government",2025,10,1,1,0.22382158781276,0.79049810961295,0
"R_3GKeTuOGsGrWsBx","Michigan","Single site","Rosa",9,"More frequently due to changing phenology","Invasive plant management ","6 to 10 years","Academia/University",2025,6,1,1,-0.168417891212316,-0.515142477920408,1
"R_51b9eoP3TpoI1sr","Missouri"," Other (please specify)","Rosa",10,"At the same frequency despite a change in phenology","Invasive plant management ","2 to 5 years"," Federal Government",2025,2,1,1,-0.0376713982039572,-1.82078306545377,0
"R_7eyioy07o8xNtFD","Wisconsin","Multi-state network of sites","Rosa",5,"More frequently due to changing phenology","Invasive plant management ","2 to 5 years","Industry/Private Sector",2025,2,1,1,-0.691403863245749,-1.82078306545377,1
"R_1EhS8EtoQX5KeVO","Virginia"," Other (please specify)","Rosa",15,"At the same frequency despite a change in phenology","Invasive plant management ","10+ years","City/Municipal Government",2025,10,1,1,0.616061066837835,0.79049810961295,0
"R_3f2NE46NtdzB3GN","Missouri","Multi-state network of sites","Rosa",3,"More frequently due to changing phenology","Invasive plant management ","6 to 10 years","Nongovernmental Organization",2025,6,1,1,-0.952896849262466,-0.515142477920408,1
"R_7916UIaOGbhT1AV","Indiana","Network of sites within one state/province","Rosa",4.75,"At the same frequency despite a change in phenology","Invasive plant management ","2 to 5 years","County Government",2025,2,1,1,-0.724090486497839,-1.82078306545377,0
"R_3BXy7lTi8qCQ0cF","Indiana"," Other (please specify)","Rosa",16,"At the same frequency despite a change in phenology","Invasive plant management ","10+ years","Other",2025,10,1,1,0.746807559846193,0.79049810961295,0
"R_4DdacjI5qhmJw0t","Vermont","Multi-state network of sites","Rosa",10,"At the same frequency despite a change in phenology","Invasive plant management ","10+ years","Industry/Private Sector",2025,10,1,1,-0.0376713982039572,0.79049810961295,0
"R_7CIWuckyx3sjsAs","Ontario"," Other (please specify)","Rosa",10,"At the same frequency despite a change in phenology","Invasive plant management ","6 to 10 years","Other",2025,6,1,1,-0.0376713982039572,-0.515142477920408,0
"R_7zisJUcklmC59IQ","Massachusetts"," Other (please specify)","Rosa",5,"At the same frequency despite a change in phenology","Invasive plant management ","10+ years","Industry/Private Sector",2025,10,1,1,-0.691403863245749,0.79049810961295,0
"R_3U5fotg9fbz2uIA","Maine","Network of sites within one state/province","Rosa",15,"At the same frequency despite a change in phenology","Invasive plant management ","10+ years","Nongovernmental Organization",2025,10,1,1,0.616061066837835,0.79049810961295,0
"R_3dKb9I322MuEgFz","Maine","Single site","Acer",5,"At the same frequency despite a change in phenology","Invasive plant management ","10+ years","City/Municipal Government",2025,10,1,1,-0.691403863245749,0.79049810961295,0
"R_1LgxvH8g74WcAal","New York","Network of sites within one state/province","Acer",20,"At the same frequency despite a change in phenology","Invasive plant management ","10+ years","City/Municipal Government",2025,10,1,1,1.26979353187963,0.79049810961295,0
"R_6otqeEqxavLiZSY","New York","Single site","Acer",15,"At the same frequency despite a change in phenology","Invasive plant management ","10+ years","Nongovernmental Organization",2025,10,1,1,0.616061066837835,0.79049810961295,0
"R_7CIWuckyx3sjsAs","Ontario"," Other (please specify)","Acer",10,"At the same frequency despite a change in phenology","Invasive plant management ","6 to 10 years","Other",2025,6,1,1,-0.0376713982039572,-0.515142477920408,0
"R_7zisJUcklmC59IQ","Massachusetts"," Other (please specify)","Acer",3,"At the same frequency despite a change in phenology","Invasive plant management ","10+ years","Industry/Private Sector",2025,10,1,1,-0.952896849262466,0.79049810961295,0
"R_3U5fotg9fbz2uIA","Maine","Network of sites within one state/province","Acer",15,"At the same frequency despite a change in phenology","Invasive plant management ","10+ years","Nongovernmental Organization",2025,10,1,1,0.616061066837835,0.79049810961295,0
"R_1HSUmXBNOowEz38","Michigan","Single site","Centaurea",2,"At the same frequency despite a change in phenology","Invasive plant management ","6 to 10 years","Nongovernmental Organization",2025,6,1,1,-1.08364334227082,-0.515142477920408,0
"R_5JIsRlFQz08hfmF","Massachusetts","Single site","Centaurea",6,"More frequently due to changing phenology","Invasive plant management ","6 to 10 years","Nongovernmental Organization",2025,6,1,1,-0.560657370237391,-0.515142477920408,1
"R_3lIwOYVE6uiBLFL","Missouri","Network of sites within one state/province","Centaurea",6,"More frequently due to changing phenology","Invasive plant management ","6 to 10 years","Nongovernmental Organization",2025,6,1,1,-0.560657370237391,-0.515142477920408,1
"R_7iTaBPxUwzHaGg9","Michigan","Network of sites within one state/province","Centaurea",18,"At the same frequency despite a change in phenology","Invasive plant management ","10+ years","State Government",2025,10,1,1,1.00830054586291,0.79049810961295,0
"R_7OoxW9EzfNxUWpb","Massachusetts","Single site","Centaurea",5,"More frequently due to changing phenology","Invasive plant management ","6 to 10 years","Nongovernmental Organization",2025,6,1,1,-0.691403863245749,-0.515142477920408,1
"R_7eyioy07o8xNtFD","Wisconsin","Multi-state network of sites","Centaurea",5,"More frequently due to changing phenology","Invasive plant management ","2 to 5 years","Industry/Private Sector",2025,2,1,1,-0.691403863245749,-1.82078306545377,1
"R_4DdacjI5qhmJw0t","Vermont","Multi-state network of sites","Centaurea",10,"At the same frequency despite a change in phenology","Invasive plant management ","10+ years","Industry/Private Sector",2025,10,1,1,-0.0376713982039572,0.79049810961295,0
"R_3ccJaCdsXnlVJg6","Minnesota","Single site","Centaurea",6,"At the same frequency due to no change in phenology,At the same frequency despite a change in phenology","Invasive plant management ","10+ years","Academia/University",2025,10,1,1,-0.560657370237391,0.79049810961295,0
"R_3U5fotg9fbz2uIA","Maine","Network of sites within one state/province","Centaurea",5,"At the same frequency despite a change in phenology","Invasive plant management ","10+ years","Nongovernmental Organization",2025,10,1,1,-0.691403863245749,0.79049810961295,0
"R_5JIsRlFQz08hfmF","Massachusetts","Single site","Ailanthis",2,"More frequently due to changing phenology","Invasive plant management ","6 to 10 years","Nongovernmental Organization",2025,6,1,1,-1.08364334227082,-0.515142477920408,1
"R_1LgxvH8g74WcAal","New York","Network of sites within one state/province","Ailanthis",16,"At the same frequency despite a change in phenology","Invasive plant management ","10+ years","City/Municipal Government",2025,10,1,1,0.746807559846193,0.79049810961295,0
"R_6otqeEqxavLiZSY","New York","Single site","Ailanthis",3,"At the same frequency despite a change in phenology","Invasive plant management ","10+ years","Nongovernmental Organization",2025,10,1,1,-0.952896849262466,0.79049810961295,0
"R_7iTaBPxUwzHaGg9","Michigan","Network of sites within one state/province","Ailanthis",15,"At the same frequency despite a change in phenology","Invasive plant management ","10+ years","State Government",2025,10,1,1,0.616061066837835,0.79049810961295,0
"R_3GKeTuOGsGrWsBx","Michigan","Single site","Ailanthis",9,"More frequently due to changing phenology","Invasive plant management ","6 to 10 years","Academia/University",2025,6,1,1,-0.168417891212316,-0.515142477920408,1
"R_51b9eoP3TpoI1sr","Missouri"," Other (please specify)","Ailanthis",20,"At the same frequency despite a change in phenology","Invasive plant management ","2 to 5 years"," Federal Government",2025,2,1,1,1.26979353187963,-1.82078306545377,0
"R_1EhS8EtoQX5KeVO","Virginia"," Other (please specify)","Ailanthis",5,"At the same frequency despite a change in phenology","Invasive plant management ","10+ years","City/Municipal Government",2025,10,1,1,-0.691403863245749,0.79049810961295,0
"R_3f2NE46NtdzB3GN","Missouri","Multi-state network of sites","Ailanthis",3,"More frequently due to changing phenology","Invasive plant management ","6 to 10 years","Nongovernmental Organization",2025,6,1,1,-0.952896849262466,-0.515142477920408,1
"R_7916UIaOGbhT1AV","Indiana","Network of sites within one state/province","Ailanthis",4.75,"At the same frequency despite a change in phenology","Invasive plant management ","2 to 5 years","County Government",2025,2,1,1,-0.724090486497839,-1.82078306545377,0
"R_3BXy7lTi8qCQ0cF","Indiana"," Other (please specify)","Ailanthis",3,"At the same frequency despite a change in phenology","Invasive plant management ","10+ years","Other",2025,10,1,1,-0.952896849262466,0.79049810961295,0
"R_7CIWuckyx3sjsAs","Ontario"," Other (please specify)","Ailanthis",10,"At the same frequency despite a change in phenology","Invasive plant management ","6 to 10 years","Other",2025,6,1,1,-0.0376713982039572,-0.515142477920408,0
"R_7zisJUcklmC59IQ","Massachusetts"," Other (please specify)","Ailanthis",3,"At the same frequency despite a change in phenology","Invasive plant management ","10+ years","Industry/Private Sector",2025,10,1,1,-0.952896849262466,0.79049810961295,0
"R_5JIsRlFQz08hfmF","Massachusetts","Single site","Pastinaca",4,"More frequently due to changing phenology","Invasive plant management ","6 to 10 years","Nongovernmental Organization",2025,6,1,1,-0.822150356254108,-0.515142477920408,1
"R_7iTaBPxUwzHaGg9","Michigan","Network of sites within one state/province","Pastinaca",12,"At the same frequency despite a change in phenology","Invasive plant management ","10+ years","State Government",2025,10,1,1,0.22382158781276,0.79049810961295,0
"R_7OoxW9EzfNxUWpb","Massachusetts","Single site","Pastinaca",5,"More frequently due to changing phenology","Invasive plant management ","6 to 10 years","Nongovernmental Organization",2025,6,1,1,-0.691403863245749,-0.515142477920408,1
"R_7eyioy07o8xNtFD","Wisconsin","Multi-state network of sites","Pastinaca",5,"More frequently due to changing phenology","Invasive plant management ","2 to 5 years","Industry/Private Sector",2025,2,1,1,-0.691403863245749,-1.82078306545377,1
"R_3BXy7lTi8qCQ0cF","Indiana"," Other (please specify)","Pastinaca",3,"At the same frequency despite a change in phenology","Invasive plant management ","10+ years","Other",2025,10,1,1,-0.952896849262466,0.79049810961295,0
"R_4DdacjI5qhmJw0t","Vermont","Multi-state network of sites","Pastinaca",10,"At the same frequency despite a change in phenology","Invasive plant management ","10+ years","Industry/Private Sector",2025,10,1,1,-0.0376713982039572,0.79049810961295,0
"R_3ccJaCdsXnlVJg6","Minnesota","Single site","Pastinaca",30,"More or less frequently for other reasons,At the same frequency despite a change in phenology","Invasive plant management ","10+ years","Academia/University",2025,10,1,1,2.57725846196321,0.79049810961295,0
"R_6xnYQypkLxxXJct","Michigan","Multi-state network of sites","Pastinaca",11,"More frequently due to changing phenology","Invasive plant management ","10+ years","Nongovernmental Organization",2025,10,1,1,0.0930750948044013,0.79049810961295,1
"R_7q9CGoR98EHdtT8","Wisconsin","Single site","Pastinaca",10,"Less frequently due to changing phenology","Invasive plant management ","10+ years","Industry/Private Sector",2025,10,1,1,-0.0376713982039572,0.79049810961295,1
"R_3oKFNE7EJdtd7QR","Wisconsin","Network of sites within one state/province","Pastinaca",5,"Less frequently due to changing phenology","Other (I work with invasive plants but not as a manager, researcher, or extension)","10+ years","Industry/Private Sector",2025,10,1,1,-0.691403863245749,0.79049810961295,1
"R_7CIWuckyx3sjsAs","Ontario"," Other (please specify)","Pastinaca",10,"At the same frequency despite a change in phenology","Invasive plant management ","6 to 10 years","Other",2025,6,1,1,-0.0376713982039572,-0.515142477920408,0
"R_3dKb9I322MuEgFz","Maine","Single site","Ligustrum",4,"At the same frequency despite a change in phenology","Invasive plant management ","10+ years","City/Municipal Government",2025,10,1,1,-0.822150356254108,0.79049810961295,0
"R_5JIsRlFQz08hfmF","Massachusetts","Single site","Ligustrum",6,"More frequently due to changing phenology","Invasive plant management ","6 to 10 years","Nongovernmental Organization",2025,6,1,1,-0.560657370237391,-0.515142477920408,1
"R_6otqeEqxavLiZSY","New York","Single site","Ligustrum",6,"At the same frequency despite a change in phenology","Invasive plant management ","10+ years","Nongovernmental Organization",2025,10,1,1,-0.560657370237391,0.79049810961295,0
"R_7iTaBPxUwzHaGg9","Michigan","Network of sites within one state/province","Ligustrum",12,"At the same frequency despite a change in phenology","Invasive plant management ","10+ years","State Government",2025,10,1,1,0.22382158781276,0.79049810961295,0
"R_3GKeTuOGsGrWsBx","Michigan","Single site","Ligustrum",9,"More frequently due to changing phenology","Invasive plant management ","6 to 10 years","Academia/University",2025,6,1,1,-0.168417891212316,-0.515142477920408,1
"R_51b9eoP3TpoI1sr","Missouri"," Other (please specify)","Ligustrum",20,"At the same frequency despite a change in phenology","Invasive plant management ","2 to 5 years"," Federal Government",2025,2,1,1,1.26979353187963,-1.82078306545377,0
"R_1EhS8EtoQX5KeVO","Virginia"," Other (please specify)","Ligustrum",15,"At the same frequency despite a change in phenology","Invasive plant management ","10+ years","City/Municipal Government",2025,10,1,1,0.616061066837835,0.79049810961295,0
"R_3f2NE46NtdzB3GN","Missouri","Multi-state network of sites","Ligustrum",2,"More frequently due to changing phenology","Invasive plant management ","6 to 10 years","Nongovernmental Organization",2025,6,1,1,-1.08364334227082,-0.515142477920408,1
"R_7916UIaOGbhT1AV","Indiana","Network of sites within one state/province","Ligustrum",4.75,"At the same frequency despite a change in phenology","Invasive plant management ","2 to 5 years","County Government",2025,2,1,1,-0.724090486497839,-1.82078306545377,0
"R_3BXy7lTi8qCQ0cF","Indiana"," Other (please specify)","Ligustrum",16,"At the same frequency despite a change in phenology","Invasive plant management ","10+ years","Other",2025,10,1,1,0.746807559846193,0.79049810961295,0
"R_4DdacjI5qhmJw0t","Vermont","Multi-state network of sites","Ligustrum",10,"At the same frequency despite a change in phenology","Invasive plant management ","10+ years","Industry/Private Sector",2025,10,1,1,-0.0376713982039572,0.79049810961295,0
"R_7CIWuckyx3sjsAs","Ontario"," Other (please specify)","Ligustrum",10,"At the same frequency despite a change in phenology","Invasive plant management ","6 to 10 years","Other",2025,6,1,1,-0.0376713982039572,-0.515142477920408,0
"R_7zisJUcklmC59IQ","Massachusetts"," Other (please specify)","Ligustrum",2,"At the same frequency despite a change in phenology","Invasive plant management ","10+ years","Industry/Private Sector",2025,10,1,1,-1.08364334227082,0.79049810961295,0
"R_7qkAjat39MtPBoG","Massachusetts","Network of sites within one state/province","Celastrus",25,"At the same frequency despite a change in phenology","Invasive plant management ","10+ years"," Federal Government",2026,10,1,1,1.92352599692142,0.79049810961295,0
"R_6PgMN2Ont2gs1u9","Vermont","Network of sites within one state/province","Celastrus",8,"At the same frequency despite a change in phenology","Invasive plant management ","10+ years","Industry/Private Sector",2026,10,1,1,-0.299164384220674,0.79049810961295,0
"R_3OZoTtXsYc0ZVCo","Michigan","Network of sites within one state/province","Celastrus",20,"At the same frequency despite a change in phenology","Invasive plant management ","10+ years","State Government",2026,10,1,1,1.26979353187963,0.79049810961295,0
"R_7EvlQO9OfQ8OoER","Michigan","Network of sites within one state/province","Celastrus",10,"At the same frequency despite a change in phenology","Invasive plant management ","10+ years","Nongovernmental Organization",2026,10,1,1,-0.0376713982039572,0.79049810961295,0
"R_5GB0QBBYaO426fP","Maine","Single site","Celastrus",10,"At the same frequency despite a change in phenology","Invasive plant management ","10+ years","City/Municipal Government",2026,10,1,1,-0.0376713982039572,0.79049810961295,0
"R_6b7y38YC6VhzhAZ","New Jersey"," Other (please specify)","Celastrus",5,"At the same frequency despite a change in phenology","Invasive plant management ","6 to 10 years","County Government",2026,6,1,1,-0.691403863245749,-0.515142477920408,0
"R_3Qxjb9i4NVkgesX","Massachusetts","Network of sites within one state/province","Celastrus",10,"At the same frequency despite a change in phenology","Invasive plant management ","10+ years","Nongovernmental Organization",2026,10,1,1,-0.0376713982039572,0.79049810961295,0
"R_3Ed8zccgOdxwidw","Massachusetts","Network of sites within one state/province","Celastrus",NA,"At the same frequency despite a change in phenology","Other (I work with invasive plants but not as a manager, researcher, or extension)","10+ years","City/Municipal Government",2026,10,1,1,NA,0.79049810961295,0
"R_5H6Li12o7rFfCKo","Rhode Island","Network of sites within one state/province","Celastrus",10,"More frequently due to changing phenology","Invasive plant management ","10+ years","Industry/Private Sector",2026,10,1,1,-0.0376713982039572,0.79049810961295,1
"R_5rdlHlOy7XfBCJX","Rhode Island","Network of sites within one state/province","Celastrus",5,"At the same frequency despite a change in phenology","Invasive plant management ","6 to 10 years","State Government",2026,6,1,1,-0.691403863245749,-0.515142477920408,0
"R_3Z0oewLXyyqJj9v","Virginia","Multi-state network of sites","Celastrus",6,"At the same frequency despite a change in phenology","Invasive plant management ","10+ years","Nongovernmental Organization",2026,10,1,1,-0.560657370237391,0.79049810961295,0
"R_1rqNLxE1UVT5Prc","Massachusetts","Single site","Celastrus",3,"At the same frequency despite a change in phenology","Invasive plant management ","10+ years","Nongovernmental Organization",2026,10,1,1,-0.952896849262466,0.79049810961295,0
"R_7eqSNbi6mQ46E1Z","Virginia","Multi-state network of sites","Celastrus",20,"More frequently due to changing phenology","Invasive plant management ","10+ years","Industry/Private Sector",2026,10,1,1,1.26979353187963,0.79049810961295,1
"R_3lpMOKMac0cgCvT","Massachusetts","Network of sites within one state/province","Celastrus",3,"At the same frequency despite a change in phenology","Invasive plant management ","10+ years","Industry/Private Sector",2026,10,1,1,-0.952896849262466,0.79049810961295,0
"R_5O9uAodgBqlcrtL","Massachusetts","Network of sites within one state/province","Celastrus",1,"At the same frequency despite a change in phenology","Invasive plant management ","2 to 5 years","Nongovernmental Organization",2026,2,1,1,-1.21438983527918,-1.82078306545377,0
"R_6lGDmKoRK5yHshi","Maine","Single site","Celastrus",20,"At the same frequency despite a change in phenology","Invasive plant management ","10+ years"," Federal Government",2026,10,1,1,1.26979353187963,0.79049810961295,0
"R_6Q75yjxK5fIfXwZ","Maryland","Network of sites within one state/province","Celastrus",5,"At the same frequency despite a change in phenology","Invasive plant management ","10+ years","County Government",2026,10,1,1,-0.691403863245749,0.79049810961295,0
"R_1IvpUjUVXHoOlPW","Vermont","Single site","Celastrus",10,"At the same frequency despite a change in phenology","Invasive plant management ","10+ years","Nongovernmental Organization",2026,10,1,1,-0.0376713982039572,0.79049810961295,0
"R_3mwJdcOf68mSU8i","Ohio"," Other (please specify)","Celastrus",10,"At the same frequency despite a change in phenology","Invasive plant management ","10+ years","Nongovernmental Organization",2026,10,1,1,-0.0376713982039572,0.79049810961295,0
"R_6RfvvrSVaZFoLRH","Virginia","Network of sites within one state/province","Celastrus",12,"At the same frequency despite a change in phenology","Invasive plant management ","10+ years","Nongovernmental Organization",2026,10,1,1,0.22382158781276,0.79049810961295,0
"R_3Si9tax1RwMIZLT","Massachusetts","Multi-state network of sites","Celastrus",9,"At the same frequency despite a change in phenology","Invasive plant management ","10+ years","Industry/Private Sector",2026,10,1,1,-0.168417891212316,0.79049810961295,0
"R_1flgE1bOQDY1J2D","Maine","Single site","Celastrus",3,"At the same frequency despite a change in phenology","Invasive plant management ","6 to 10 years","Other",2026,6,1,1,-0.952896849262466,-0.515142477920408,0
"R_7qkAjat39MtPBoG","Massachusetts","Network of sites within one state/province","Lonicera",25,"At the same frequency despite a change in phenology","Invasive plant management ","10+ years"," Federal Government",2026,10,1,1,1.92352599692142,0.79049810961295,0
"R_6PgMN2Ont2gs1u9","Vermont","Network of sites within one state/province","Lonicera",14,"At the same frequency despite a change in phenology","Invasive plant management ","10+ years","Industry/Private Sector",2026,10,1,1,0.485314573829477,0.79049810961295,0
"R_3OZoTtXsYc0ZVCo","Michigan","Network of sites within one state/province","Lonicera",20,"At the same frequency despite a change in phenology","Invasive plant management ","10+ years","State Government",2026,10,1,1,1.26979353187963,0.79049810961295,0
"R_7EvlQO9OfQ8OoER","Michigan","Network of sites within one state/province","Lonicera",20,"At the same frequency despite a change in phenology","Invasive plant management ","10+ years","Nongovernmental Organization",2026,10,1,1,1.26979353187963,0.79049810961295,0
"R_5IQt3joF5gjoi45","Kentucky","Network of sites within one state/province","Lonicera",1,"At the same frequency despite a change in phenology","Invasive plant management ","Less than 2 years","State Government",2026,0.1,1,1,-1.21438983527918,-2.44096234453211,0
"R_3Qxjb9i4NVkgesX","Massachusetts","Network of sites within one state/province","Lonicera",10,"At the same frequency despite a change in phenology","Invasive plant management ","10+ years","Nongovernmental Organization",2026,10,1,1,-0.0376713982039572,0.79049810961295,0
"R_3Ed8zccgOdxwidw","Massachusetts","Network of sites within one state/province","Lonicera",NA,"At the same frequency despite a change in phenology","Other (I work with invasive plants but not as a manager, researcher, or extension)","10+ years","City/Municipal Government",2026,10,1,1,NA,0.79049810961295,0
"R_5H6Li12o7rFfCKo","Rhode Island","Network of sites within one state/province","Lonicera",6,"At the same frequency despite a change in phenology","Invasive plant management ","10+ years","Industry/Private Sector",2026,10,1,1,-0.560657370237391,0.79049810961295,0
"R_5rdlHlOy7XfBCJX","Rhode Island","Network of sites within one state/province","Lonicera",5,"At the same frequency despite a change in phenology","Invasive plant management ","6 to 10 years","State Government",2026,6,1,1,-0.691403863245749,-0.515142477920408,0
"R_3Z0oewLXyyqJj9v","Virginia","Multi-state network of sites","Lonicera",6,"At the same frequency despite a change in phenology","Invasive plant management ","10+ years","Nongovernmental Organization",2026,10,1,1,-0.560657370237391,0.79049810961295,0
"R_6M9cNcffDgSe0XJ","Massachusetts","Single site","Lonicera",5,"At the same frequency despite a change in phenology","Invasive plant management ","6 to 10 years","Nongovernmental Organization",2026,6,1,1,-0.691403863245749,-0.515142477920408,0
"R_1rqNLxE1UVT5Prc","Massachusetts","Single site","Lonicera",3,"At the same frequency despite a change in phenology","Invasive plant management ","10+ years","Nongovernmental Organization",2026,10,1,1,-0.952896849262466,0.79049810961295,0
"R_7eqSNbi6mQ46E1Z","Virginia","Multi-state network of sites","Lonicera",20,"More frequently due to changing phenology","Invasive plant management ","10+ years","Industry/Private Sector",2026,10,1,1,1.26979353187963,0.79049810961295,1
"R_3lpMOKMac0cgCvT","Massachusetts","Network of sites within one state/province","Lonicera",3,"At the same frequency despite a change in phenology","Invasive plant management ","10+ years","Industry/Private Sector",2026,10,1,1,-0.952896849262466,0.79049810961295,0
"R_5O9uAodgBqlcrtL","Massachusetts","Network of sites within one state/province","Lonicera",1,"At the same frequency despite a change in phenology","Invasive plant management ","2 to 5 years","Nongovernmental Organization",2026,2,1,1,-1.21438983527918,-1.82078306545377,0
"R_7IvjAhNgByZUh4p","Michigan","Network of sites within one state/province","Lonicera",10,"At the same frequency despite a change in phenology","Invasive plant management ","10+ years","City/Municipal Government",2026,10,1,1,-0.0376713982039572,0.79049810961295,0
"R_6Q75yjxK5fIfXwZ","Maryland","Network of sites within one state/province","Lonicera",5,"At the same frequency despite a change in phenology","Invasive plant management ","10+ years","County Government",2026,10,1,1,-0.691403863245749,0.79049810961295,0
"R_1IvpUjUVXHoOlPW","Vermont","Single site","Lonicera",18,"At the same frequency despite a change in phenology","Invasive plant management ","10+ years","Nongovernmental Organization",2026,10,1,1,1.00830054586291,0.79049810961295,0
"R_3mwJdcOf68mSU8i","Ohio"," Other (please specify)","Lonicera",10,"At the same frequency despite a change in phenology","Invasive plant management ","10+ years","Nongovernmental Organization",2026,10,1,1,-0.0376713982039572,0.79049810961295,0
"R_1EGs8JgbiTLIdrk","Michigan","Multi-state network of sites","Lonicera",15,"At the same frequency despite a change in phenology","Invasive plant management ","10+ years","Nongovernmental Organization",2026,10,1,1,0.616061066837835,0.79049810961295,0
"R_3Si9tax1RwMIZLT","Massachusetts","Multi-state network of sites","Lonicera",9,"At the same frequency despite a change in phenology","Invasive plant management ","10+ years","Industry/Private Sector",2026,10,1,1,-0.168417891212316,0.79049810961295,0
"R_1flgE1bOQDY1J2D","Maine","Single site","Lonicera",3,"At the same frequency despite a change in phenology","Invasive plant management ","6 to 10 years","Other",2026,6,1,1,-0.952896849262466,-0.515142477920408,0
"R_7GwBwiGreoKhfNs","Massachusetts","Network of sites within one state/province","Retnoutria",NA,"More frequently due to changing phenology","Invasive plant management ","6 to 10 years","County Government",2026,6,1,1,NA,-0.515142477920408,1
"R_5hAPDFkgmRMkZzy","New York","Network of sites within one state/province","Retnoutria",3,"At the same frequency despite a change in phenology","Invasive plant management ","10+ years","Nongovernmental Organization",2026,10,1,1,-0.952896849262466,0.79049810961295,0
"R_7qkAjat39MtPBoG","Massachusetts","Network of sites within one state/province","Retnoutria",25,"At the same frequency despite a change in phenology","Invasive plant management ","10+ years"," Federal Government",2026,10,1,1,1.92352599692142,0.79049810961295,0
"R_5FqDfQSEijhcVoz","Vermont","Multi-state network of sites","Retnoutria",15,"More frequently due to changing phenology","Invasive plant management ","10+ years","Industry/Private Sector",2026,10,1,1,0.616061066837835,0.79049810961295,1
"R_6PgMN2Ont2gs1u9","Vermont","Network of sites within one state/province","Retnoutria",14,"At the same frequency despite a change in phenology","Invasive plant management ","10+ years","Industry/Private Sector",2026,10,1,1,0.485314573829477,0.79049810961295,0
"R_3OZoTtXsYc0ZVCo","Michigan","Network of sites within one state/province","Retnoutria",20,"More frequently due to changing phenology","Invasive plant management ","10+ years","State Government",2026,10,1,1,1.26979353187963,0.79049810961295,1
"R_5GB0QBBYaO426fP","Maine","Single site","Retnoutria",4,"At the same frequency despite a change in phenology","Invasive plant management ","10+ years","City/Municipal Government",2026,10,1,1,-0.822150356254108,0.79049810961295,0
"R_6b7y38YC6VhzhAZ","New Jersey"," Other (please specify)","Retnoutria",5,"At the same frequency despite a change in phenology","Invasive plant management ","6 to 10 years","County Government",2026,6,1,1,-0.691403863245749,-0.515142477920408,0
"R_5IQt3joF5gjoi45","Kentucky","Network of sites within one state/province","Retnoutria",3,"More frequently due to changing phenology","Invasive plant management ","Less than 2 years","State Government",2026,0.1,1,1,-0.952896849262466,-2.44096234453211,1
"R_3Qxjb9i4NVkgesX","Massachusetts","Network of sites within one state/province","Retnoutria",10,"At the same frequency despite a change in phenology","Invasive plant management ","10+ years","Nongovernmental Organization",2026,10,1,1,-0.0376713982039572,0.79049810961295,0
"R_3Ed8zccgOdxwidw","Massachusetts","Network of sites within one state/province","Retnoutria",NA,"At the same frequency despite a change in phenology","Other (I work with invasive plants but not as a manager, researcher, or extension)","10+ years","City/Municipal Government",2026,10,1,1,NA,0.79049810961295,0
"R_7ZUfZ0EoHO82Ct3","Rhode Island","Network of sites within one state/province","Retnoutria",10,"More frequently due to changing phenology","Invasive plant management ","6 to 10 years","Industry/Private Sector",2026,6,1,1,-0.0376713982039572,-0.515142477920408,1
"R_5H6Li12o7rFfCKo","Rhode Island","Network of sites within one state/province","Retnoutria",6,"More frequently due to changing phenology","Invasive plant management ","10+ years","Industry/Private Sector",2026,10,1,1,-0.560657370237391,0.79049810961295,1
"R_3Z0oewLXyyqJj9v","Virginia","Multi-state network of sites","Retnoutria",4,"At the same frequency despite a change in phenology","Invasive plant management ","10+ years","Nongovernmental Organization",2026,10,1,1,-0.822150356254108,0.79049810961295,0
"R_3Hq4RrgAKLo0gVL","Massachusetts"," Other (please specify)","Retnoutria",30,"At the same frequency despite a change in phenology","Invasive plant management ","2 to 5 years","City/Municipal Government",2026,2,1,1,2.57725846196321,-1.82078306545377,0
"R_6M9cNcffDgSe0XJ","Massachusetts","Single site","Retnoutria",1,"At the same frequency despite a change in phenology","Invasive plant management ","6 to 10 years","Nongovernmental Organization",2026,6,1,1,-1.21438983527918,-0.515142477920408,0
"R_1rqNLxE1UVT5Prc","Massachusetts","Single site","Retnoutria",3,"At the same frequency despite a change in phenology","Invasive plant management ","10+ years","Nongovernmental Organization",2026,10,1,1,-0.952896849262466,0.79049810961295,0
"R_7eqSNbi6mQ46E1Z","Virginia","Multi-state network of sites","Retnoutria",20,"More frequently due to changing phenology","Invasive plant management ","10+ years","Industry/Private Sector",2026,10,1,1,1.26979353187963,0.79049810961295,1
"R_3VxbJkG46TDSZKp","Pennsylvania","Multi-state network of sites","Retnoutria",19,"More frequently due to changing phenology","Invasive plant management ","10+ years"," Federal Government",2026,10,1,1,1.13904703887127,0.79049810961295,1
"R_7IvjAhNgByZUh4p","Michigan","Network of sites within one state/province","Retnoutria",10,"At the same frequency despite a change in phenology","Invasive plant management ","10+ years","City/Municipal Government",2026,10,1,1,-0.0376713982039572,0.79049810961295,0
"R_74FeknDhSsDq3Tj","Virginia","Multi-state network of sites","Retnoutria",10,"More frequently due to changing phenology","Invasive plant management ","6 to 10 years","Industry/Private Sector",2026,6,1,1,-0.0376713982039572,-0.515142477920408,1
"R_6Q75yjxK5fIfXwZ","Maryland","Network of sites within one state/province","Retnoutria",3,"At the same frequency despite a change in phenology","Invasive plant management ","10+ years","County Government",2026,10,1,1,-0.952896849262466,0.79049810961295,0
"R_7B9gKVBYajQN8hK","Vermont","Single site","Retnoutria",2,"Less frequently due to changing phenology,Other","Invasive plant management ","10+ years","Nongovernmental Organization",2026,10,1,1,-1.08364334227082,0.79049810961295,1
"R_3YsNgjgIfC3NqDf","Ontario","Network of sites within one state/province","Retnoutria",8,"More frequently due to changing phenology","Invasive plant management ","2 to 5 years","City/Municipal Government",2026,2,1,1,-0.299164384220674,-1.82078306545377,1
"R_1EGs8JgbiTLIdrk","Michigan","Multi-state network of sites","Retnoutria",15,"At the same frequency despite a change in phenology","Invasive plant management ","10+ years","Nongovernmental Organization",2026,10,1,1,0.616061066837835,0.79049810961295,0
"R_3Si9tax1RwMIZLT","Massachusetts","Multi-state network of sites","Retnoutria",9,"At the same frequency despite a change in phenology","Invasive plant management ","10+ years","Industry/Private Sector",2026,10,1,1,-0.168417891212316,0.79049810961295,0
"R_1flgE1bOQDY1J2D","Maine","Single site","Retnoutria",3,"At the same frequency despite a change in phenology","Invasive plant management ","6 to 10 years","Other",2026,6,1,1,-0.952896849262466,-0.515142477920408,0
"R_3OZoTtXsYc0ZVCo","Michigan","Network of sites within one state/province","Pueria",10,"At the same frequency despite a change in phenology","Invasive plant management ","10+ years","State Government",2026,10,1,1,-0.0376713982039572,0.79049810961295,0
"R_7MHtOez4Anav6YF","New York","Network of sites within one state/province","Pueria",3,"At the same frequency despite a change in phenology","Invasive plant extension","6 to 10 years","Nongovernmental Organization",2026,6,1,1,-0.952896849262466,-0.515142477920408,0
"R_7eqSNbi6mQ46E1Z","Virginia","Multi-state network of sites","Pueria",20,"More frequently due to changing phenology","Invasive plant management ","10+ years","Industry/Private Sector",2026,10,1,1,1.26979353187963,0.79049810961295,1
"R_7qkAjat39MtPBoG","Massachusetts","Network of sites within one state/province","Rosa",25,"At the same frequency despite a change in phenology","Invasive plant management ","10+ years"," Federal Government",2026,10,1,1,1.92352599692142,0.79049810961295,0
"R_5FqDfQSEijhcVoz","Vermont","Multi-state network of sites","Rosa",10,"More frequently due to changing phenology","Invasive plant management ","10+ years","Industry/Private Sector",2026,10,1,1,-0.0376713982039572,0.79049810961295,1
"R_6PgMN2Ont2gs1u9","Vermont","Network of sites within one state/province","Rosa",8,"At the same frequency despite a change in phenology","Invasive plant management ","10+ years","Industry/Private Sector",2026,10,1,1,-0.299164384220674,0.79049810961295,0
"R_3OZoTtXsYc0ZVCo","Michigan","Network of sites within one state/province","Rosa",20,"At the same frequency despite a change in phenology","Invasive plant management ","10+ years","State Government",2026,10,1,1,1.26979353187963,0.79049810961295,0
"R_7EvlQO9OfQ8OoER","Michigan","Network of sites within one state/province","Rosa",20,"At the same frequency despite a change in phenology","Invasive plant management ","10+ years","Nongovernmental Organization",2026,10,1,1,1.26979353187963,0.79049810961295,0
"R_3Qxjb9i4NVkgesX","Massachusetts","Network of sites within one state/province","Rosa",10,"At the same frequency despite a change in phenology","Invasive plant management ","10+ years","Nongovernmental Organization",2026,10,1,1,-0.0376713982039572,0.79049810961295,0
"R_3Ed8zccgOdxwidw","Massachusetts","Network of sites within one state/province","Rosa",NA,"At the same frequency despite a change in phenology","Other (I work with invasive plants but not as a manager, researcher, or extension)","10+ years","City/Municipal Government",2026,10,1,1,NA,0.79049810961295,0
"R_7ZUfZ0EoHO82Ct3","Rhode Island","Network of sites within one state/province","Rosa",10,"More frequently due to changing phenology","Invasive plant management ","6 to 10 years","Industry/Private Sector",2026,6,1,1,-0.0376713982039572,-0.515142477920408,1
"R_5H6Li12o7rFfCKo","Rhode Island","Network of sites within one state/province","Rosa",10,"At the same frequency despite a change in phenology","Invasive plant management ","10+ years","Industry/Private Sector",2026,10,1,1,-0.0376713982039572,0.79049810961295,0
"R_5rdlHlOy7XfBCJX","Rhode Island","Network of sites within one state/province","Rosa",5,"At the same frequency despite a change in phenology","Invasive plant management ","6 to 10 years","State Government",2026,6,1,1,-0.691403863245749,-0.515142477920408,0
"R_3Z0oewLXyyqJj9v","Virginia","Multi-state network of sites","Rosa",6,"At the same frequency despite a change in phenology","Invasive plant management ","10+ years","Nongovernmental Organization",2026,10,1,1,-0.560657370237391,0.79049810961295,0
"R_6M9cNcffDgSe0XJ","Massachusetts","Single site","Rosa",5,"At the same frequency despite a change in phenology","Invasive plant management ","6 to 10 years","Nongovernmental Organization",2026,6,1,1,-0.691403863245749,-0.515142477920408,0
"R_1rqNLxE1UVT5Prc","Massachusetts","Single site","Rosa",3,"At the same frequency despite a change in phenology","Invasive plant management ","10+ years","Nongovernmental Organization",2026,10,1,1,-0.952896849262466,0.79049810961295,0
"R_7eqSNbi6mQ46E1Z","Virginia","Multi-state network of sites","Rosa",20,"More frequently due to changing phenology","Invasive plant management ","10+ years","Industry/Private Sector",2026,10,1,1,1.26979353187963,0.79049810961295,1
"R_3lpMOKMac0cgCvT","Massachusetts","Network of sites within one state/province","Rosa",3,"At the same frequency despite a change in phenology","Invasive plant management ","10+ years","Industry/Private Sector",2026,10,1,1,-0.952896849262466,0.79049810961295,0
"R_5O9uAodgBqlcrtL","Massachusetts","Network of sites within one state/province","Rosa",1,"At the same frequency despite a change in phenology","Invasive plant management ","2 to 5 years","Nongovernmental Organization",2026,2,1,1,-1.21438983527918,-1.82078306545377,0
"R_7IvjAhNgByZUh4p","Michigan","Network of sites within one state/province","Rosa",NA,"At the same frequency despite a change in phenology","Invasive plant management ","10+ years","City/Municipal Government",2026,10,1,1,NA,0.79049810961295,0
"R_6Q75yjxK5fIfXwZ","Maryland","Network of sites within one state/province","Rosa",5,"At the same frequency despite a change in phenology","Invasive plant management ","10+ years","County Government",2026,10,1,1,-0.691403863245749,0.79049810961295,0
"R_3mwJdcOf68mSU8i","Ohio"," Other (please specify)","Rosa",10,"At the same frequency despite a change in phenology","Invasive plant management ","10+ years","Nongovernmental Organization",2026,10,1,1,-0.0376713982039572,0.79049810961295,0
"R_6RfvvrSVaZFoLRH","Virginia","Network of sites within one state/province","Rosa",12,"At the same frequency despite a change in phenology","Invasive plant management ","10+ years","Nongovernmental Organization",2026,10,1,1,0.22382158781276,0.79049810961295,0
"R_3Si9tax1RwMIZLT","Massachusetts","Multi-state network of sites","Rosa",9,"At the same frequency despite a change in phenology","Invasive plant management ","10+ years","Industry/Private Sector",2026,10,1,1,-0.168417891212316,0.79049810961295,0
"R_1flgE1bOQDY1J2D","Maine","Single site","Rosa",3,"At the same frequency despite a change in phenology","Invasive plant management ","6 to 10 years","Other",2026,6,1,1,-0.952896849262466,-0.515142477920408,0
"R_7qkAjat39MtPBoG","Massachusetts","Network of sites within one state/province","Microstegium",5,"At the same frequency despite a change in phenology","Invasive plant management ","10+ years"," Federal Government",2026,10,1,1,-0.691403863245749,0.79049810961295,0
"R_5EsAG4x9K525yff","Pennsylvania","Network of sites within one state/province","Microstegium",NA,"At the same frequency despite a change in phenology","Invasive plant management ","6 to 10 years","Nongovernmental Organization",2026,6,1,1,NA,-0.515142477920408,0
"R_3OZoTtXsYc0ZVCo","Michigan","Network of sites within one state/province","Microstegium",10,"More frequently due to changing phenology","Invasive plant management ","10+ years","State Government",2026,10,1,1,-0.0376713982039572,0.79049810961295,1
"R_1nGlxwRGRwMbHVL","Massachusetts","Network of sites within one state/province","Microstegium",10,"At the same frequency despite a change in phenology","Invasive plant management ","10+ years","Nongovernmental Organization",2026,10,1,1,-0.0376713982039572,0.79049810961295,0
"R_1D5srXkx8ozWrQm","Maryland","Single site","Microstegium",2,"More frequently due to changing phenology","Invasive plant management ","6 to 10 years","Nongovernmental Organization",2026,6,1,1,-1.08364334227082,-0.515142477920408,1
"R_5IQt3joF5gjoi45","Kentucky","Network of sites within one state/province","Microstegium",3,"At the same frequency despite a change in phenology","Invasive plant management ","Less than 2 years","State Government",2026,0.1,1,1,-0.952896849262466,-2.44096234453211,0
"R_3Qxjb9i4NVkgesX","Massachusetts","Network of sites within one state/province","Microstegium",10,"At the same frequency despite a change in phenology","Invasive plant management ","10+ years","Nongovernmental Organization",2026,10,1,1,-0.0376713982039572,0.79049810961295,0
"R_7MHtOez4Anav6YF","New York","Network of sites within one state/province","Microstegium",1,"At the same frequency despite a change in phenology","Invasive plant extension","6 to 10 years","Nongovernmental Organization",2026,6,1,1,-1.21438983527918,-0.515142477920408,0
"R_1rqNLxE1UVT5Prc","Massachusetts","Single site","Microstegium",3,"At the same frequency despite a change in phenology","Invasive plant management ","10+ years","Nongovernmental Organization",2026,10,1,1,-0.952896849262466,0.79049810961295,0
"R_7eqSNbi6mQ46E1Z","Virginia","Multi-state network of sites","Microstegium",20,"More frequently due to changing phenology","Invasive plant management ","10+ years","Industry/Private Sector",2026,10,1,1,1.26979353187963,0.79049810961295,1
"R_3lpMOKMac0cgCvT","Massachusetts","Network of sites within one state/province","Microstegium",2,"At the same frequency despite a change in phenology","Invasive plant management ","10+ years","Industry/Private Sector",2026,10,1,1,-1.08364334227082,0.79049810961295,0
"R_5O9uAodgBqlcrtL","Massachusetts","Network of sites within one state/province","Microstegium",1,"At the same frequency despite a change in phenology","Invasive plant management ","2 to 5 years","Nongovernmental Organization",2026,2,1,1,-1.21438983527918,-1.82078306545377,0
"R_6Q75yjxK5fIfXwZ","Maryland","Network of sites within one state/province","Microstegium",5,"At the same frequency despite a change in phenology","Invasive plant management ","10+ years","County Government",2026,10,1,1,-0.691403863245749,0.79049810961295,0
"R_3mwJdcOf68mSU8i","Ohio"," Other (please specify)","Microstegium",10,"More frequently due to changing phenology","Invasive plant management ","10+ years","Nongovernmental Organization",2026,10,1,1,-0.0376713982039572,0.79049810961295,1
"R_6RfvvrSVaZFoLRH","Virginia","Network of sites within one state/province","Microstegium",12,"More frequently due to changing phenology","Invasive plant management ","10+ years","Nongovernmental Organization",2026,10,1,1,0.22382158781276,0.79049810961295,1
"R_3Si9tax1RwMIZLT","Massachusetts","Multi-state network of sites","Microstegium",5,"At the same frequency despite a change in phenology","Invasive plant management ","10+ years","Industry/Private Sector",2026,10,1,1,-0.691403863245749,0.79049810961295,0
"R_7qkAjat39MtPBoG","Massachusetts","Network of sites within one state/province","Elaeagnus",25,"At the same frequency despite a change in phenology","Invasive plant management ","10+ years"," Federal Government",2026,10,1,1,1.92352599692142,0.79049810961295,0
"R_5FqDfQSEijhcVoz","Vermont","Multi-state network of sites","Elaeagnus",12,"More frequently due to changing phenology","Invasive plant management ","10+ years","Industry/Private Sector",2026,10,1,1,0.22382158781276,0.79049810961295,1
"R_6PgMN2Ont2gs1u9","Vermont","Network of sites within one state/province","Elaeagnus",1,"At the same frequency despite a change in phenology","Invasive plant management ","10+ years","Industry/Private Sector",2026,10,1,1,-1.21438983527918,0.79049810961295,0
"R_3OZoTtXsYc0ZVCo","Michigan","Network of sites within one state/province","Elaeagnus",20,"At the same frequency despite a change in phenology","Invasive plant management ","10+ years","State Government",2026,10,1,1,1.26979353187963,0.79049810961295,0
"R_7EvlQO9OfQ8OoER","Michigan","Network of sites within one state/province","Elaeagnus",20,"At the same frequency despite a change in phenology","Invasive plant management ","10+ years","Nongovernmental Organization",2026,10,1,1,1.26979353187963,0.79049810961295,0
"R_6b7y38YC6VhzhAZ","New Jersey"," Other (please specify)","Elaeagnus",5,"At the same frequency despite a change in phenology","Invasive plant management ","6 to 10 years","County Government",2026,6,1,1,-0.691403863245749,-0.515142477920408,0
"R_3Qxjb9i4NVkgesX","Massachusetts","Network of sites within one state/province","Elaeagnus",10,"At the same frequency despite a change in phenology","Invasive plant management ","10+ years","Nongovernmental Organization",2026,10,1,1,-0.0376713982039572,0.79049810961295,0
"R_3Ed8zccgOdxwidw","Massachusetts","Network of sites within one state/province","Elaeagnus",NA,"At the same frequency despite a change in phenology","Other (I work with invasive plants but not as a manager, researcher, or extension)","10+ years","City/Municipal Government",2026,10,1,1,NA,0.79049810961295,0
"R_5rdlHlOy7XfBCJX","Rhode Island","Network of sites within one state/province","Elaeagnus",5,"At the same frequency despite a change in phenology","Invasive plant management ","6 to 10 years","State Government",2026,6,1,1,-0.691403863245749,-0.515142477920408,0
"R_3Z0oewLXyyqJj9v","Virginia","Multi-state network of sites","Elaeagnus",6,"At the same frequency despite a change in phenology","Invasive plant management ","10+ years","Nongovernmental Organization",2026,10,1,1,-0.560657370237391,0.79049810961295,0
"R_1rqNLxE1UVT5Prc","Massachusetts","Single site","Elaeagnus",3,"At the same frequency despite a change in phenology","Invasive plant management ","10+ years","Nongovernmental Organization",2026,10,1,1,-0.952896849262466,0.79049810961295,0
"R_7eqSNbi6mQ46E1Z","Virginia","Multi-state network of sites","Elaeagnus",20,"More frequently due to changing phenology","Invasive plant management ","10+ years","Industry/Private Sector",2026,10,1,1,1.26979353187963,0.79049810961295,1
"R_5O9uAodgBqlcrtL","Massachusetts","Network of sites within one state/province","Elaeagnus",1,"At the same frequency despite a change in phenology","Invasive plant management ","2 to 5 years","Nongovernmental Organization",2026,2,1,1,-1.21438983527918,-1.82078306545377,0
"R_6Q75yjxK5fIfXwZ","Maryland","Network of sites within one state/province","Elaeagnus",2,"At the same frequency despite a change in phenology","Invasive plant management ","10+ years","County Government",2026,10,1,1,-1.08364334227082,0.79049810961295,0
"R_3mwJdcOf68mSU8i","Ohio"," Other (please specify)","Elaeagnus",10,"At the same frequency despite a change in phenology","Invasive plant management ","10+ years","Nongovernmental Organization",2026,10,1,1,-0.0376713982039572,0.79049810961295,0
"R_6RfvvrSVaZFoLRH","Virginia","Network of sites within one state/province","Elaeagnus",12,"At the same frequency despite a change in phenology","Invasive plant management ","10+ years","Nongovernmental Organization",2026,10,1,1,0.22382158781276,0.79049810961295,0
"R_1EGs8JgbiTLIdrk","Michigan","Multi-state network of sites","Elaeagnus",15,"At the same frequency despite a change in phenology","Invasive plant management ","10+ years","Nongovernmental Organization",2026,10,1,1,0.616061066837835,0.79049810961295,0
"R_3Si9tax1RwMIZLT","Massachusetts","Multi-state network of sites","Elaeagnus",9,"At the same frequency despite a change in phenology","Invasive plant management ","10+ years","Industry/Private Sector",2026,10,1,1,-0.168417891212316,0.79049810961295,0
"R_7qkAjat39MtPBoG","Massachusetts","Network of sites within one state/province","Berberis",25,"At the same frequency despite a change in phenology","Invasive plant management ","10+ years"," Federal Government",2026,10,1,1,1.92352599692142,0.79049810961295,0
"R_6PgMN2Ont2gs1u9","Vermont","Network of sites within one state/province","Berberis",8,"At the same frequency despite a change in phenology","Invasive plant management ","10+ years","Industry/Private Sector",2026,10,1,1,-0.299164384220674,0.79049810961295,0
"R_3OZoTtXsYc0ZVCo","Michigan","Network of sites within one state/province","Berberis",20,"At the same frequency despite a change in phenology","Invasive plant management ","10+ years","State Government",2026,10,1,1,1.26979353187963,0.79049810961295,0
"R_7EvlQO9OfQ8OoER","Michigan","Network of sites within one state/province","Berberis",20,"At the same frequency despite a change in phenology","Invasive plant management ","10+ years","Nongovernmental Organization",2026,10,1,1,1.26979353187963,0.79049810961295,0
"R_3Qxjb9i4NVkgesX","Massachusetts","Network of sites within one state/province","Berberis",10,"At the same frequency despite a change in phenology","Invasive plant management ","10+ years","Nongovernmental Organization",2026,10,1,1,-0.0376713982039572,0.79049810961295,0
"R_3Ed8zccgOdxwidw","Massachusetts","Network of sites within one state/province","Berberis",NA,"At the same frequency despite a change in phenology","Other (I work with invasive plants but not as a manager, researcher, or extension)","10+ years","City/Municipal Government",2026,10,1,1,NA,0.79049810961295,0
"R_5rdlHlOy7XfBCJX","Rhode Island","Network of sites within one state/province","Berberis",5,"At the same frequency despite a change in phenology","Invasive plant management ","6 to 10 years","State Government",2026,6,1,1,-0.691403863245749,-0.515142477920408,0
"R_3Z0oewLXyyqJj9v","Virginia","Multi-state network of sites","Berberis",6,"At the same frequency despite a change in phenology","Invasive plant management ","10+ years","Nongovernmental Organization",2026,10,1,1,-0.560657370237391,0.79049810961295,0
"R_6M9cNcffDgSe0XJ","Massachusetts","Single site","Berberis",5,"At the same frequency despite a change in phenology","Invasive plant management ","6 to 10 years","Nongovernmental Organization",2026,6,1,1,-0.691403863245749,-0.515142477920408,0
"R_1rqNLxE1UVT5Prc","Massachusetts","Single site","Berberis",3,"At the same frequency despite a change in phenology","Invasive plant management ","10+ years","Nongovernmental Organization",2026,10,1,1,-0.952896849262466,0.79049810961295,0
"R_7eqSNbi6mQ46E1Z","Virginia","Multi-state network of sites","Berberis",20,"More frequently due to changing phenology","Invasive plant management ","10+ years","Industry/Private Sector",2026,10,1,1,1.26979353187963,0.79049810961295,1
"R_3lpMOKMac0cgCvT","Massachusetts","Network of sites within one state/province","Berberis",4,"At the same frequency despite a change in phenology","Invasive plant management ","10+ years","Industry/Private Sector",2026,10,1,1,-0.822150356254108,0.79049810961295,0
"R_5O9uAodgBqlcrtL","Massachusetts","Network of sites within one state/province","Berberis",1,"At the same frequency despite a change in phenology","Invasive plant management ","2 to 5 years","Nongovernmental Organization",2026,2,1,1,-1.21438983527918,-1.82078306545377,0
"R_7IvjAhNgByZUh4p","Michigan","Network of sites within one state/province","Berberis",10,"At the same frequency despite a change in phenology","Invasive plant management ","10+ years","City/Municipal Government",2026,10,1,1,-0.0376713982039572,0.79049810961295,0
"R_6Q75yjxK5fIfXwZ","Maryland","Network of sites within one state/province","Berberis",5,"At the same frequency despite a change in phenology","Invasive plant management ","10+ years","County Government",2026,10,1,1,-0.691403863245749,0.79049810961295,0
"R_1IvpUjUVXHoOlPW","Vermont","Single site","Berberis",12,"At the same frequency despite a change in phenology","Invasive plant management ","10+ years","Nongovernmental Organization",2026,10,1,1,0.22382158781276,0.79049810961295,0
"R_3mwJdcOf68mSU8i","Ohio"," Other (please specify)","Berberis",10,"At the same frequency despite a change in phenology","Invasive plant management ","10+ years","Nongovernmental Organization",2026,10,1,1,-0.0376713982039572,0.79049810961295,0
"R_6RfvvrSVaZFoLRH","Virginia","Network of sites within one state/province","Berberis",12,"At the same frequency despite a change in phenology","Invasive plant management ","10+ years","Nongovernmental Organization",2026,10,1,1,0.22382158781276,0.79049810961295,0
"R_1EGs8JgbiTLIdrk","Michigan","Multi-state network of sites","Berberis",15,"At the same frequency despite a change in phenology","Invasive plant management ","10+ years","Nongovernmental Organization",2026,10,1,1,0.616061066837835,0.79049810961295,0
"R_3Si9tax1RwMIZLT","Massachusetts","Multi-state network of sites","Berberis",9,"At the same frequency despite a change in phenology","Invasive plant management ","10+ years","Industry/Private Sector",2026,10,1,1,-0.168417891212316,0.79049810961295,0
"R_7qkAjat39MtPBoG","Massachusetts","Network of sites within one state/province","Vinetoxicum",10,"At the same frequency despite a change in phenology","Invasive plant management ","10+ years"," Federal Government",2026,10,1,1,-0.0376713982039572,0.79049810961295,0
"R_3rk1Kc6ds2b1R97","New York","Network of sites within one state/province","Vinetoxicum",13,"Less frequently due to changing phenology","Invasive plant management ","2 to 5 years","State Government",2026,2,1,1,0.354568080821118,-1.82078306545377,1
"R_3DHks2vVgdNJOBn","Michigan","Network of sites within one state/province","Vinetoxicum",5,"More frequently due to changing phenology","Invasive plant management ","2 to 5 years","Nongovernmental Organization",2026,2,1,1,-0.691403863245749,-1.82078306545377,1
"R_5FqDfQSEijhcVoz","Vermont","Multi-state network of sites","Vinetoxicum",10,"More frequently due to changing phenology","Invasive plant management ","10+ years","Industry/Private Sector",2026,10,1,1,-0.0376713982039572,0.79049810961295,1
"R_3OZoTtXsYc0ZVCo","Michigan","Network of sites within one state/province","Vinetoxicum",15,"More frequently due to changing phenology","Invasive plant management ","10+ years","State Government",2026,10,1,1,0.616061066837835,0.79049810961295,1
"R_5GB0QBBYaO426fP","Maine","Single site","Vinetoxicum",12,"At the same frequency despite a change in phenology","Invasive plant management ","10+ years","City/Municipal Government",2026,10,1,1,0.22382158781276,0.79049810961295,0
"R_7ZUfZ0EoHO82Ct3","Rhode Island","Network of sites within one state/province","Vinetoxicum",2,"More frequently due to changing phenology","Invasive plant management ","6 to 10 years","Industry/Private Sector",2026,6,1,1,-1.08364334227082,-0.515142477920408,1
"R_5H6Li12o7rFfCKo","Rhode Island","Network of sites within one state/province","Vinetoxicum",10,"More frequently due to changing phenology","Invasive plant management ","10+ years","Industry/Private Sector",2026,10,1,1,-0.0376713982039572,0.79049810961295,1
"R_5rdlHlOy7XfBCJX","Rhode Island","Network of sites within one state/province","Vinetoxicum",5,"At the same frequency despite a change in phenology","Invasive plant management ","6 to 10 years","State Government",2026,6,1,1,-0.691403863245749,-0.515142477920408,0
"R_7MHtOez4Anav6YF","New York","Network of sites within one state/province","Vinetoxicum",5,"At the same frequency despite a change in phenology","Invasive plant extension","6 to 10 years","Nongovernmental Organization",2026,6,1,1,-0.691403863245749,-0.515142477920408,0
"R_7eqSNbi6mQ46E1Z","Virginia","Multi-state network of sites","Vinetoxicum",20,"More frequently due to changing phenology","Invasive plant management ","10+ years","Industry/Private Sector",2026,10,1,1,1.26979353187963,0.79049810961295,1
"R_3lpMOKMac0cgCvT","Massachusetts","Network of sites within one state/province","Vinetoxicum",3,"More frequently due to changing phenology","Invasive plant management ","10+ years","Industry/Private Sector",2026,10,1,1,-0.952896849262466,0.79049810961295,1
"R_3Si9tax1RwMIZLT","Massachusetts","Multi-state network of sites","Vinetoxicum",9,"At the same frequency despite a change in phenology","Invasive plant management ","10+ years","Industry/Private Sector",2026,10,1,1,-0.168417891212316,0.79049810961295,0
"R_7qkAjat39MtPBoG","Massachusetts","Network of sites within one state/province","Rhamnus",25,"At the same frequency despite a change in phenology","Invasive plant management ","10+ years"," Federal Government",2026,10,1,1,1.92352599692142,0.79049810961295,0
"R_5FqDfQSEijhcVoz","Vermont","Multi-state network of sites","Rhamnus",15,"More frequently due to changing phenology","Invasive plant management ","10+ years","Industry/Private Sector",2026,10,1,1,0.616061066837835,0.79049810961295,1
"R_6PgMN2Ont2gs1u9","Vermont","Network of sites within one state/province","Rhamnus",14,"At the same frequency despite a change in phenology","Invasive plant management ","10+ years","Industry/Private Sector",2026,10,1,1,0.485314573829477,0.79049810961295,0
"R_3OZoTtXsYc0ZVCo","Michigan","Network of sites within one state/province","Rhamnus",20,"At the same frequency despite a change in phenology","Invasive plant management ","10+ years","State Government",2026,10,1,1,1.26979353187963,0.79049810961295,0
"R_7EvlQO9OfQ8OoER","Michigan","Network of sites within one state/province","Rhamnus",20,"At the same frequency despite a change in phenology","Invasive plant management ","10+ years","Nongovernmental Organization",2026,10,1,1,1.26979353187963,0.79049810961295,0
"R_3Ed8zccgOdxwidw","Massachusetts","Network of sites within one state/province","Rhamnus",NA,"At the same frequency despite a change in phenology","Other (I work with invasive plants but not as a manager, researcher, or extension)","10+ years","City/Municipal Government",2026,10,1,1,NA,0.79049810961295,0
"R_5rdlHlOy7XfBCJX","Rhode Island","Network of sites within one state/province","Rhamnus",5,"At the same frequency despite a change in phenology","Invasive plant management ","6 to 10 years","State Government",2026,6,1,1,-0.691403863245749,-0.515142477920408,0
"R_1rqNLxE1UVT5Prc","Massachusetts","Single site","Rhamnus",3,"At the same frequency despite a change in phenology","Invasive plant management ","10+ years","Nongovernmental Organization",2026,10,1,1,-0.952896849262466,0.79049810961295,0
"R_3lpMOKMac0cgCvT","Massachusetts","Network of sites within one state/province","Rhamnus",4,"At the same frequency despite a change in phenology","Invasive plant management ","10+ years","Industry/Private Sector",2026,10,1,1,-0.822150356254108,0.79049810961295,0
"R_7IvjAhNgByZUh4p","Michigan","Network of sites within one state/province","Rhamnus",10,"At the same frequency despite a change in phenology","Invasive plant management ","10+ years","City/Municipal Government",2026,10,1,1,-0.0376713982039572,0.79049810961295,0
"R_3YsNgjgIfC3NqDf","Ontario","Network of sites within one state/province","Rhamnus",8,"More frequently due to changing phenology","Invasive plant management ","2 to 5 years","City/Municipal Government",2026,2,1,1,-0.299164384220674,-1.82078306545377,1
"R_1IvpUjUVXHoOlPW","Vermont","Single site","Rhamnus",12,"At the same frequency despite a change in phenology","Invasive plant management ","10+ years","Nongovernmental Organization",2026,10,1,1,0.22382158781276,0.79049810961295,0
"R_1EGs8JgbiTLIdrk","Michigan","Multi-state network of sites","Rhamnus",15,"At the same frequency despite a change in phenology","Invasive plant management ","10+ years","Nongovernmental Organization",2026,10,1,1,0.616061066837835,0.79049810961295,0
"R_3Si9tax1RwMIZLT","Massachusetts","Multi-state network of sites","Rhamnus",9,"At the same frequency despite a change in phenology","Invasive plant management ","10+ years","Industry/Private Sector",2026,10,1,1,-0.168417891212316,0.79049810961295,0
"R_1flgE1bOQDY1J2D","Maine","Single site","Rhamnus",3,"At the same frequency despite a change in phenology","Invasive plant management ","6 to 10 years","Other",2026,6,1,1,-0.952896849262466,-0.515142477920408,0
"R_6b7y38YC6VhzhAZ","New Jersey"," Other (please specify)","Miscanthus",4,"At the same frequency despite a change in phenology","Invasive plant management ","6 to 10 years","County Government",2026,6,1,1,-0.822150356254108,-0.515142477920408,0
"R_5IQt3joF5gjoi45","Kentucky","Network of sites within one state/province","Miscanthus",3,"At the same frequency despite a change in phenology","Invasive plant management ","Less than 2 years","State Government",2026,0.1,1,1,-0.952896849262466,-2.44096234453211,0
"R_5H6Li12o7rFfCKo","Rhode Island","Network of sites within one state/province","Miscanthus",10,"More frequently due to changing phenology","Invasive plant management ","10+ years","Industry/Private Sector",2026,10,1,1,-0.0376713982039572,0.79049810961295,1
"R_7MHtOez4Anav6YF","New York","Network of sites within one state/province","Miscanthus",4,"At the same frequency despite a change in phenology","Invasive plant extension","6 to 10 years","Nongovernmental Organization",2026,6,1,1,-0.822150356254108,-0.515142477920408,0
"R_3Hq4RrgAKLo0gVL","Massachusetts"," Other (please specify)","Miscanthus",20,"At the same frequency despite a change in phenology","Invasive plant management ","2 to 5 years","City/Municipal Government",2026,2,1,1,1.26979353187963,-1.82078306545377,0
"R_1rqNLxE1UVT5Prc","Massachusetts","Single site","Miscanthus",3,"At the same frequency despite a change in phenology","Invasive plant management ","10+ years","Nongovernmental Organization",2026,10,1,1,-0.952896849262466,0.79049810961295,0
"R_7eqSNbi6mQ46E1Z","Virginia","Multi-state network of sites","Miscanthus",20,"More frequently due to changing phenology","Invasive plant management ","10+ years","Industry/Private Sector",2026,10,1,1,1.26979353187963,0.79049810961295,1
"R_5O9uAodgBqlcrtL","Massachusetts","Network of sites within one state/province","Miscanthus",1,"At the same frequency despite a change in phenology","Invasive plant management ","2 to 5 years","Nongovernmental Organization",2026,2,1,1,-1.21438983527918,-1.82078306545377,0
"R_6Q75yjxK5fIfXwZ","Maryland","Network of sites within one state/province","Miscanthus",5,"At the same frequency despite a change in phenology","Invasive plant management ","10+ years","County Government",2026,10,1,1,-0.691403863245749,0.79049810961295,0
"R_3mwJdcOf68mSU8i","Ohio"," Other (please specify)","Miscanthus",5,"At the same frequency despite a change in phenology","Invasive plant management ","10+ years","Nongovernmental Organization",2026,10,1,1,-0.691403863245749,0.79049810961295,0
"R_3Si9tax1RwMIZLT","Massachusetts","Multi-state network of sites","Miscanthus",2,"At the same frequency despite a change in phenology","Invasive plant management ","10+ years","Industry/Private Sector",2026,10,1,1,-1.08364334227082,0.79049810961295,0
"R_3OZoTtXsYc0ZVCo","Michigan","Network of sites within one state/province","impatiens",5,"More frequently due to changing phenology","Invasive plant management ","10+ years","State Government",2026,10,1,1,-0.691403863245749,0.79049810961295,1
"R_7IvjAhNgByZUh4p","Michigan","Network of sites within one state/province","impatiens",3,"At the same frequency despite a change in phenology","Invasive plant management ","10+ years","City/Municipal Government",2026,10,1,1,-0.952896849262466,0.79049810961295,0
"R_7qkAjat39MtPBoG","Massachusetts","Network of sites within one state/province","Lonicera japonica",10,"At the same frequency despite a change in phenology","Invasive plant management ","10+ years"," Federal Government",2026,10,1,1,-0.0376713982039572,0.79049810961295,0
"R_5FqDfQSEijhcVoz","Vermont","Multi-state network of sites","Lonicera japonica",15,"More frequently due to changing phenology","Invasive plant management ","10+ years","Industry/Private Sector",2026,10,1,1,0.616061066837835,0.79049810961295,1
"R_3OZoTtXsYc0ZVCo","Michigan","Network of sites within one state/province","Lonicera japonica",20,"At the same frequency despite a change in phenology","Invasive plant management ","10+ years","State Government",2026,10,1,1,1.26979353187963,0.79049810961295,0
"R_1D5srXkx8ozWrQm","Maryland","Single site","Lonicera japonica",4,"More frequently due to changing phenology","Invasive plant management ","6 to 10 years","Nongovernmental Organization",2026,6,1,1,-0.822150356254108,-0.515142477920408,1
"R_5IQt3joF5gjoi45","Kentucky","Network of sites within one state/province","Lonicera japonica",8,"More frequently due to changing phenology","Invasive plant management ","Less than 2 years","State Government",2026,0.1,1,1,-0.299164384220674,-2.44096234453211,1
"R_3Qxjb9i4NVkgesX","Massachusetts","Network of sites within one state/province","Lonicera japonica",10,"At the same frequency despite a change in phenology","Invasive plant management ","10+ years","Nongovernmental Organization",2026,10,1,1,-0.0376713982039572,0.79049810961295,0
"R_3Ed8zccgOdxwidw","Massachusetts","Network of sites within one state/province","Lonicera japonica",NA,"At the same frequency despite a change in phenology","Other (I work with invasive plants but not as a manager, researcher, or extension)","10+ years","City/Municipal Government",2026,10,1,1,NA,0.79049810961295,0
"R_5H6Li12o7rFfCKo","Rhode Island","Network of sites within one state/province","Lonicera japonica",6,"More frequently due to changing phenology","Invasive plant management ","10+ years","Industry/Private Sector",2026,10,1,1,-0.560657370237391,0.79049810961295,1
"R_5rdlHlOy7XfBCJX","Rhode Island","Network of sites within one state/province","Lonicera japonica",5,"At the same frequency despite a change in phenology","Invasive plant management ","6 to 10 years","State Government",2026,6,1,1,-0.691403863245749,-0.515142477920408,0
"R_3Z0oewLXyyqJj9v","Virginia","Multi-state network of sites","Lonicera japonica",6,"At the same frequency despite a change in phenology","Invasive plant management ","10+ years","Nongovernmental Organization",2026,10,1,1,-0.560657370237391,0.79049810961295,0
"R_7iywZfD9qBljGo1","Indiana","Network of sites within one state/province","Lonicera japonica",4,"More frequently due to changing phenology","Invasive plant management ","6 to 10 years","Other",2026,6,1,1,-0.822150356254108,-0.515142477920408,1
"R_6M9cNcffDgSe0XJ","Massachusetts","Single site","Lonicera japonica",5,"At the same frequency despite a change in phenology","Invasive plant management ","6 to 10 years","Nongovernmental Organization",2026,6,1,1,-0.691403863245749,-0.515142477920408,0
"R_1rqNLxE1UVT5Prc","Massachusetts","Single site","Lonicera japonica",3,"At the same frequency despite a change in phenology","Invasive plant management ","10+ years","Nongovernmental Organization",2026,10,1,1,-0.952896849262466,0.79049810961295,0
"R_7eqSNbi6mQ46E1Z","Virginia","Multi-state network of sites","Lonicera japonica",20,"More frequently due to changing phenology","Invasive plant management ","10+ years","Industry/Private Sector",2026,10,1,1,1.26979353187963,0.79049810961295,1
"R_3lpMOKMac0cgCvT","Massachusetts","Network of sites within one state/province","Lonicera japonica",4,"At the same frequency despite a change in phenology","Invasive plant management ","10+ years","Industry/Private Sector",2026,10,1,1,-0.822150356254108,0.79049810961295,0
"R_3VxbJkG46TDSZKp","Pennsylvania","Multi-state network of sites","Lonicera japonica",9,"More frequently due to changing phenology","Invasive plant management ","10+ years"," Federal Government",2026,10,1,1,-0.168417891212316,0.79049810961295,1
"R_5O9uAodgBqlcrtL","Massachusetts","Network of sites within one state/province","Lonicera japonica",1,"At the same frequency despite a change in phenology","Invasive plant management ","2 to 5 years","Nongovernmental Organization",2026,2,1,1,-1.21438983527918,-1.82078306545377,0
"R_7IvjAhNgByZUh4p","Michigan","Network of sites within one state/province","Lonicera japonica",10,"At the same frequency despite a change in phenology","Invasive plant management ","10+ years","City/Municipal Government",2026,10,1,1,-0.0376713982039572,0.79049810961295,0
"R_74FeknDhSsDq3Tj","Virginia","Multi-state network of sites","Lonicera japonica",10,"Less frequently due to changing phenology","Invasive plant management ","6 to 10 years","Industry/Private Sector",2026,6,1,1,-0.0376713982039572,-0.515142477920408,1
"R_6Q75yjxK5fIfXwZ","Maryland","Network of sites within one state/province","Lonicera japonica",5,"At the same frequency despite a change in phenology","Invasive plant management ","10+ years","County Government",2026,10,1,1,-0.691403863245749,0.79049810961295,0
"R_1IvpUjUVXHoOlPW","Vermont","Single site","Lonicera japonica",18,"At the same frequency despite a change in phenology","Invasive plant management ","10+ years","Nongovernmental Organization",2026,10,1,1,1.00830054586291,0.79049810961295,0
"R_3mwJdcOf68mSU8i","Ohio"," Other (please specify)","Lonicera japonica",10,"At the same frequency despite a change in phenology","Invasive plant management ","10+ years","Nongovernmental Organization",2026,10,1,1,-0.0376713982039572,0.79049810961295,0
"R_3Si9tax1RwMIZLT","Massachusetts","Multi-state network of sites","Lonicera japonica",8,"At the same frequency despite a change in phenology","Invasive plant management ","10+ years","Industry/Private Sector",2026,10,1,1,-0.299164384220674,0.79049810961295,0
"R_7qkAjat39MtPBoG","Massachusetts","Network of sites within one state/province","Artemisia",5,"At the same frequency despite a change in phenology","Invasive plant management ","10+ years"," Federal Government",2026,10,1,1,-0.691403863245749,0.79049810961295,0
"R_5GB0QBBYaO426fP","Maine","Single site","Artemisia",5,"More frequently due to changing phenology","Invasive plant management ","10+ years","City/Municipal Government",2026,10,1,1,-0.691403863245749,0.79049810961295,1
"R_6b7y38YC6VhzhAZ","New Jersey"," Other (please specify)","Artemisia",5,"At the same frequency despite a change in phenology","Invasive plant management ","6 to 10 years","County Government",2026,6,1,1,-0.691403863245749,-0.515142477920408,0
"R_1D5srXkx8ozWrQm","Maryland","Single site","Artemisia",4,"More frequently due to changing phenology","Invasive plant management ","6 to 10 years","Nongovernmental Organization",2026,6,1,1,-0.822150356254108,-0.515142477920408,1
"R_3Qxjb9i4NVkgesX","Massachusetts","Network of sites within one state/province","Artemisia",10,"At the same frequency despite a change in phenology","Invasive plant management ","10+ years","Nongovernmental Organization",2026,10,1,1,-0.0376713982039572,0.79049810961295,0
"R_5H6Li12o7rFfCKo","Rhode Island","Network of sites within one state/province","Artemisia",10,"More frequently due to changing phenology","Invasive plant management ","10+ years","Industry/Private Sector",2026,10,1,1,-0.0376713982039572,0.79049810961295,1
"R_7iywZfD9qBljGo1","Indiana","Network of sites within one state/province","Artemisia",3,"Less frequently due to changing phenology","Invasive plant management ","6 to 10 years","Other",2026,6,1,1,-0.952896849262466,-0.515142477920408,1
"R_3Hq4RrgAKLo0gVL","Massachusetts"," Other (please specify)","Artemisia",20,"At the same frequency despite a change in phenology","Invasive plant management ","2 to 5 years","City/Municipal Government",2026,2,1,1,1.26979353187963,-1.82078306545377,0
"R_1rqNLxE1UVT5Prc","Massachusetts","Single site","Artemisia",3,"At the same frequency despite a change in phenology","Invasive plant management ","10+ years","Nongovernmental Organization",2026,10,1,1,-0.952896849262466,0.79049810961295,0
"R_7eqSNbi6mQ46E1Z","Virginia","Multi-state network of sites","Artemisia",20,"More frequently due to changing phenology","Invasive plant management ","10+ years","Industry/Private Sector",2026,10,1,1,1.26979353187963,0.79049810961295,1
"R_3lpMOKMac0cgCvT","Massachusetts","Network of sites within one state/province","Artemisia",2,"At the same frequency despite a change in phenology","Invasive plant management ","10+ years","Industry/Private Sector",2026,10,1,1,-1.08364334227082,0.79049810961295,0
"R_3VxbJkG46TDSZKp","Pennsylvania","Multi-state network of sites","Artemisia",6,"More frequently due to changing phenology","Invasive plant management ","10+ years"," Federal Government",2026,10,1,1,-0.560657370237391,0.79049810961295,1
"R_5O9uAodgBqlcrtL","Massachusetts","Network of sites within one state/province","Artemisia",1,"At the same frequency despite a change in phenology","Invasive plant management ","2 to 5 years","Nongovernmental Organization",2026,2,1,1,-1.21438983527918,-1.82078306545377,0
"R_74FeknDhSsDq3Tj","Virginia","Multi-state network of sites","Artemisia",10,"Less frequently due to changing phenology","Invasive plant management ","6 to 10 years","Industry/Private Sector",2026,6,1,1,-0.0376713982039572,-0.515142477920408,1
"R_6Q75yjxK5fIfXwZ","Maryland","Network of sites within one state/province","Artemisia",2,"At the same frequency despite a change in phenology","Invasive plant management ","10+ years","County Government",2026,10,1,1,-1.08364334227082,0.79049810961295,0
"R_1OfwKlCXtu2ZYoa","Vermont"," Other (please specify)","Artemisia",3,"More frequently due to changing phenology","Other (I work with invasive plants but not as a manager, researcher, or extension)","2 to 5 years","Other",2026,2,1,1,-0.952896849262466,-1.82078306545377,1
"R_3Si9tax1RwMIZLT","Massachusetts","Multi-state network of sites","Artemisia",9,"At the same frequency despite a change in phenology","Invasive plant management ","10+ years","Industry/Private Sector",2026,10,1,1,-0.168417891212316,0.79049810961295,0
"R_7qkAjat39MtPBoG","Massachusetts","Network of sites within one state/province","Acer",25,"At the same frequency despite a change in phenology","Invasive plant management ","10+ years"," Federal Government",2026,10,1,1,1.92352599692142,0.79049810961295,0
"R_3OZoTtXsYc0ZVCo","Michigan","Network of sites within one state/province","Acer",20,"At the same frequency despite a change in phenology","Invasive plant management ","10+ years","State Government",2026,10,1,1,1.26979353187963,0.79049810961295,0
"R_7EvlQO9OfQ8OoER","Michigan","Network of sites within one state/province","Acer",10,"At the same frequency despite a change in phenology","Invasive plant management ","10+ years","Nongovernmental Organization",2026,10,1,1,-0.0376713982039572,0.79049810961295,0
"R_5GB0QBBYaO426fP","Maine","Single site","Acer",10,"At the same frequency despite a change in phenology","Invasive plant management ","10+ years","City/Municipal Government",2026,10,1,1,-0.0376713982039572,0.79049810961295,0
"R_3Qxjb9i4NVkgesX","Massachusetts","Network of sites within one state/province","Acer",10,"At the same frequency despite a change in phenology","Invasive plant management ","10+ years","Nongovernmental Organization",2026,10,1,1,-0.0376713982039572,0.79049810961295,0
"R_7eqSNbi6mQ46E1Z","Virginia","Multi-state network of sites","Acer",20,"More frequently due to changing phenology","Invasive plant management ","10+ years","Industry/Private Sector",2026,10,1,1,1.26979353187963,0.79049810961295,1
"R_3lpMOKMac0cgCvT","Massachusetts","Network of sites within one state/province","Acer",2,"At the same frequency despite a change in phenology","Invasive plant management ","10+ years","Industry/Private Sector",2026,10,1,1,-1.08364334227082,0.79049810961295,0
"R_5O9uAodgBqlcrtL","Massachusetts","Network of sites within one state/province","Acer",1,"At the same frequency despite a change in phenology","Invasive plant management ","2 to 5 years","Nongovernmental Organization",2026,2,1,1,-1.21438983527918,-1.82078306545377,0
"R_7IvjAhNgByZUh4p","Michigan","Network of sites within one state/province","Acer",2,"At the same frequency despite a change in phenology","Invasive plant management ","10+ years","City/Municipal Government",2026,10,1,1,-1.08364334227082,0.79049810961295,0
"R_1IvpUjUVXHoOlPW","Vermont","Single site","Acer",10,"At the same frequency despite a change in phenology","Invasive plant management ","10+ years","Nongovernmental Organization",2026,10,1,1,-0.0376713982039572,0.79049810961295,0
"R_3Si9tax1RwMIZLT","Massachusetts","Multi-state network of sites","Acer",9,"At the same frequency despite a change in phenology","Invasive plant management ","10+ years","Industry/Private Sector",2026,10,1,1,-0.168417891212316,0.79049810961295,0
"R_7qkAjat39MtPBoG","Massachusetts","Network of sites within one state/province","Phragmites",25,"At the same frequency despite a change in phenology","Invasive plant management ","10+ years"," Federal Government",2026,10,1,1,1.92352599692142,0.79049810961295,0
"R_5FqDfQSEijhcVoz","Vermont","Multi-state network of sites","Phragmites",10,"More frequently due to changing phenology","Invasive plant management ","10+ years","Industry/Private Sector",2026,10,1,1,-0.0376713982039572,0.79049810961295,1
"R_5V0AX8smWwEqt7X","Quebec","Network of sites within one state/province","Phragmites",5,"At the same frequency despite a change in phenology","Invasive plant management ","6 to 10 years","Tribal/First Nation",2026,6,1,1,-0.691403863245749,-0.515142477920408,0
"R_3OZoTtXsYc0ZVCo","Michigan","Network of sites within one state/province","Phragmites",20,"At the same frequency despite a change in phenology","Invasive plant management ","10+ years","State Government",2026,10,1,1,1.26979353187963,0.79049810961295,0
"R_7EvlQO9OfQ8OoER","Michigan","Network of sites within one state/province","Phragmites",20,"At the same frequency despite a change in phenology","Invasive plant management ","10+ years","Nongovernmental Organization",2026,10,1,1,1.26979353187963,0.79049810961295,0
"R_5GB0QBBYaO426fP","Maine","Single site","Phragmites",5,"At the same frequency despite a change in phenology","Invasive plant management ","10+ years","City/Municipal Government",2026,10,1,1,-0.691403863245749,0.79049810961295,0
"R_7hyxXh2ErgDPMt7","New York","Network of sites within one state/province","Phragmites",5,"At the same frequency despite a change in phenology","Invasive plant management ","2 to 5 years","Nongovernmental Organization",2026,2,1,1,-0.691403863245749,-1.82078306545377,0
"R_3Qxjb9i4NVkgesX","Massachusetts","Network of sites within one state/province","Phragmites",3,"At the same frequency despite a change in phenology","Invasive plant management ","10+ years","Nongovernmental Organization",2026,10,1,1,-0.952896849262466,0.79049810961295,0
"R_3Ed8zccgOdxwidw","Massachusetts","Network of sites within one state/province","Phragmites",NA,"At the same frequency despite a change in phenology","Other (I work with invasive plants but not as a manager, researcher, or extension)","10+ years","City/Municipal Government",2026,10,1,1,NA,0.79049810961295,0
"R_5rdlHlOy7XfBCJX","Rhode Island","Network of sites within one state/province","Phragmites",5,"At the same frequency despite a change in phenology","Invasive plant management ","6 to 10 years","State Government",2026,6,1,1,-0.691403863245749,-0.515142477920408,0
"R_7MHtOez4Anav6YF","New York","Network of sites within one state/province","Phragmites",5,"At the same frequency despite a change in phenology","Invasive plant extension","6 to 10 years","Nongovernmental Organization",2026,6,1,1,-0.691403863245749,-0.515142477920408,0
"R_3Hq4RrgAKLo0gVL","Massachusetts"," Other (please specify)","Phragmites",20,"More frequently due to changing phenology","Invasive plant management ","2 to 5 years","City/Municipal Government",2026,2,1,1,1.26979353187963,-1.82078306545377,1
"R_6M9cNcffDgSe0XJ","Massachusetts","Single site","Phragmites",3,"At the same frequency despite a change in phenology","Invasive plant management ","6 to 10 years","Nongovernmental Organization",2026,6,1,1,-0.952896849262466,-0.515142477920408,0
"R_7eqSNbi6mQ46E1Z","Virginia","Multi-state network of sites","Phragmites",20,"More frequently due to changing phenology","Invasive plant management ","10+ years","Industry/Private Sector",2026,10,1,1,1.26979353187963,0.79049810961295,1
"R_3lpMOKMac0cgCvT","Massachusetts","Network of sites within one state/province","Phragmites",2,"At the same frequency despite a change in phenology","Invasive plant management ","10+ years","Industry/Private Sector",2026,10,1,1,-1.08364334227082,0.79049810961295,0
"R_3VxbJkG46TDSZKp","Pennsylvania","Multi-state network of sites","Phragmites",20,"More frequently due to changing phenology","Invasive plant management ","10+ years"," Federal Government",2026,10,1,1,1.26979353187963,0.79049810961295,1
"R_5pzvxrP2azfmvYJ","Michigan","Network of sites within one state/province","Phragmites",12,"More frequently due to changing phenology,Less frequently due to changing phenology","Invasive plant management ","10+ years","Other",2026,10,1,1,0.22382158781276,0.79049810961295,1
"R_7IvjAhNgByZUh4p","Michigan","Network of sites within one state/province","Phragmites",10,"At the same frequency despite a change in phenology","Invasive plant management ","10+ years","City/Municipal Government",2026,10,1,1,-0.0376713982039572,0.79049810961295,0
"R_6Q75yjxK5fIfXwZ","Maryland","Network of sites within one state/province","Phragmites",5,"At the same frequency despite a change in phenology","Invasive plant management ","10+ years","County Government",2026,10,1,1,-0.691403863245749,0.79049810961295,0
"R_1EGs8JgbiTLIdrk","Michigan","Multi-state network of sites","Phragmites",12,"At the same frequency despite a change in phenology","Invasive plant management ","10+ years","Nongovernmental Organization",2026,10,1,1,0.22382158781276,0.79049810961295,0
"R_3Si9tax1RwMIZLT","Massachusetts","Multi-state network of sites","Phragmites",9,"At the same frequency despite a change in phenology","Invasive plant management ","10+ years","Industry/Private Sector",2026,10,1,1,-0.168417891212316,0.79049810961295,0
"R_7qkAjat39MtPBoG","Massachusetts","Network of sites within one state/province","Ligustrum",10,"At the same frequency despite a change in phenology","Invasive plant management ","10+ years"," Federal Government",2026,10,1,1,-0.0376713982039572,0.79049810961295,0
"R_3OZoTtXsYc0ZVCo","Michigan","Network of sites within one state/province","Ligustrum",20,"At the same frequency despite a change in phenology","Invasive plant management ","10+ years","State Government",2026,10,1,1,1.26979353187963,0.79049810961295,0
"R_7EvlQO9OfQ8OoER","Michigan","Network of sites within one state/province","Ligustrum",20,"At the same frequency despite a change in phenology","Invasive plant management ","10+ years","Nongovernmental Organization",2026,10,1,1,1.26979353187963,0.79049810961295,0
"R_5GB0QBBYaO426fP","Maine","Single site","Ligustrum",2,"At the same frequency despite a change in phenology","Invasive plant management ","10+ years","City/Municipal Government",2026,10,1,1,-1.08364334227082,0.79049810961295,0
"R_3Qxjb9i4NVkgesX","Massachusetts","Network of sites within one state/province","Ligustrum",10,"At the same frequency despite a change in phenology","Invasive plant management ","10+ years","Nongovernmental Organization",2026,10,1,1,-0.0376713982039572,0.79049810961295,0
"R_3Ed8zccgOdxwidw","Massachusetts","Network of sites within one state/province","Ligustrum",NA,"At the same frequency despite a change in phenology","Other (I work with invasive plants but not as a manager, researcher, or extension)","10+ years","City/Municipal Government",2026,10,1,1,NA,0.79049810961295,0
"R_3Z0oewLXyyqJj9v","Virginia","Multi-state network of sites","Ligustrum",6,"At the same frequency despite a change in phenology","Invasive plant management ","10+ years","Nongovernmental Organization",2026,10,1,1,-0.560657370237391,0.79049810961295,0
"R_1rqNLxE1UVT5Prc","Massachusetts","Single site","Ligustrum",3,"At the same frequency despite a change in phenology","Invasive plant management ","10+ years","Nongovernmental Organization",2026,10,1,1,-0.952896849262466,0.79049810961295,0
"R_7eqSNbi6mQ46E1Z","Virginia","Multi-state network of sites","Ligustrum",20,"More frequently due to changing phenology","Invasive plant management ","10+ years","Industry/Private Sector",2026,10,1,1,1.26979353187963,0.79049810961295,1
"R_3lpMOKMac0cgCvT","Massachusetts","Network of sites within one state/province","Ligustrum",2,"At the same frequency despite a change in phenology","Invasive plant management ","10+ years","Industry/Private Sector",2026,10,1,1,-1.08364334227082,0.79049810961295,0
"R_5O9uAodgBqlcrtL","Massachusetts","Network of sites within one state/province","Ligustrum",1,"At the same frequency despite a change in phenology","Invasive plant management ","2 to 5 years","Nongovernmental Organization",2026,2,1,1,-1.21438983527918,-1.82078306545377,0
"R_6Q75yjxK5fIfXwZ","Maryland","Network of sites within one state/province","Ligustrum",5,"At the same frequency despite a change in phenology","Invasive plant management ","10+ years","County Government",2026,10,1,1,-0.691403863245749,0.79049810961295,0
"R_3mwJdcOf68mSU8i","Ohio"," Other (please specify)","Ligustrum",10,"At the same frequency despite a change in phenology","Invasive plant management ","10+ years","Nongovernmental Organization",2026,10,1,1,-0.0376713982039572,0.79049810961295,0
"R_6RfvvrSVaZFoLRH","Virginia","Network of sites within one state/province","Ligustrum",12,"At the same frequency despite a change in phenology","Invasive plant management ","10+ years","Nongovernmental Organization",2026,10,1,1,0.22382158781276,0.79049810961295,0
"R_3Si9tax1RwMIZLT","Massachusetts","Multi-state network of sites","Ligustrum",9,"At the same frequency despite a change in phenology","Invasive plant management ","10+ years","Industry/Private Sector",2026,10,1,1,-0.168417891212316,0.79049810961295,0
"R_3Hq4RrgAKLo0gVL","Massachusetts"," Other (please specify)","Cytisus",3,"At the same frequency despite a change in phenology","Invasive plant management ","2 to 5 years","City/Municipal Government",2026,2,1,1,-0.952896849262466,-1.82078306545377,0
"R_7eqSNbi6mQ46E1Z","Virginia","Multi-state network of sites","Cytisus",20,"More frequently due to changing phenology","Invasive plant management ","10+ years","Industry/Private Sector",2026,10,1,1,1.26979353187963,0.79049810961295,1
"R_5hAPDFkgmRMkZzy","New York","Network of sites within one state/province","Centaurea",5,"At the same frequency despite a change in phenology","Invasive plant management ","10+ years","Nongovernmental Organization",2026,10,1,1,-0.691403863245749,0.79049810961295,0
"R_7qkAjat39MtPBoG","Massachusetts","Network of sites within one state/province","Centaurea",5,"At the same frequency despite a change in phenology","Invasive plant management ","10+ years"," Federal Government",2026,10,1,1,-0.691403863245749,0.79049810961295,0
"R_5FqDfQSEijhcVoz","Vermont","Multi-state network of sites","Centaurea",5,"More frequently due to changing phenology","Invasive plant management ","10+ years","Industry/Private Sector",2026,10,1,1,-0.691403863245749,0.79049810961295,1
"R_5V0AX8smWwEqt7X","Quebec","Network of sites within one state/province","Centaurea",4,"At the same frequency despite a change in phenology","Invasive plant management ","6 to 10 years","Tribal/First Nation",2026,6,1,1,-0.822150356254108,-0.515142477920408,0
"R_3OZoTtXsYc0ZVCo","Michigan","Network of sites within one state/province","Centaurea",20,"At the same frequency despite a change in phenology","Invasive plant management ","10+ years","State Government",2026,10,1,1,1.26979353187963,0.79049810961295,0
"R_1rqNLxE1UVT5Prc","Massachusetts","Single site","Centaurea",3,"At the same frequency despite a change in phenology","Invasive plant management ","10+ years","Nongovernmental Organization",2026,10,1,1,-0.952896849262466,0.79049810961295,0
"R_7eqSNbi6mQ46E1Z","Virginia","Multi-state network of sites","Centaurea",20,"More frequently due to changing phenology","Invasive plant management ","10+ years","Industry/Private Sector",2026,10,1,1,1.26979353187963,0.79049810961295,1
"R_5O9uAodgBqlcrtL","Massachusetts","Network of sites within one state/province","Centaurea",1,"At the same frequency despite a change in phenology","Invasive plant management ","2 to 5 years","Nongovernmental Organization",2026,2,1,1,-1.21438983527918,-1.82078306545377,0
"R_7IvjAhNgByZUh4p","Michigan","Network of sites within one state/province","Centaurea",10,"At the same frequency despite a change in phenology","Invasive plant management ","10+ years","City/Municipal Government",2026,10,1,1,-0.0376713982039572,0.79049810961295,0
"R_6RfvvrSVaZFoLRH","Virginia","Network of sites within one state/province","Centaurea",12,"At the same frequency despite a change in phenology","Invasive plant management ","10+ years","Nongovernmental Organization",2026,10,1,1,0.22382158781276,0.79049810961295,0
"R_3Si9tax1RwMIZLT","Massachusetts","Multi-state network of sites","Centaurea",9,"At the same frequency despite a change in phenology","Invasive plant management ","10+ years","Industry/Private Sector",2026,10,1,1,-0.168417891212316,0.79049810961295,0
"R_5hAPDFkgmRMkZzy","New York","Network of sites within one state/province","Ailanthis",3,"At the same frequency despite a change in phenology","Invasive plant management ","10+ years","Nongovernmental Organization",2026,10,1,1,-0.952896849262466,0.79049810961295,0
"R_7qkAjat39MtPBoG","Massachusetts","Network of sites within one state/province","Ailanthis",25,"At the same frequency despite a change in phenology","Invasive plant management ","10+ years"," Federal Government",2026,10,1,1,1.92352599692142,0.79049810961295,0
"R_3OZoTtXsYc0ZVCo","Michigan","Network of sites within one state/province","Ailanthis",20,"At the same frequency despite a change in phenology","Invasive plant management ","10+ years","State Government",2026,10,1,1,1.26979353187963,0.79049810961295,0
"R_3Qxjb9i4NVkgesX","Massachusetts","Network of sites within one state/province","Ailanthis",10,"At the same frequency despite a change in phenology","Invasive plant management ","10+ years","Nongovernmental Organization",2026,10,1,1,-0.0376713982039572,0.79049810961295,0
"R_5rdlHlOy7XfBCJX","Rhode Island","Network of sites within one state/province","Ailanthis",5,"At the same frequency despite a change in phenology","Invasive plant management ","6 to 10 years","State Government",2026,6,1,1,-0.691403863245749,-0.515142477920408,0
"R_3Z0oewLXyyqJj9v","Virginia","Multi-state network of sites","Ailanthis",6,"At the same frequency despite a change in phenology","Invasive plant management ","10+ years","Nongovernmental Organization",2026,10,1,1,-0.560657370237391,0.79049810961295,0
"R_7eqSNbi6mQ46E1Z","Virginia","Multi-state network of sites","Ailanthis",20,"More frequently due to changing phenology","Invasive plant management ","10+ years","Industry/Private Sector",2026,10,1,1,1.26979353187963,0.79049810961295,1
"R_3lpMOKMac0cgCvT","Massachusetts","Network of sites within one state/province","Ailanthis",2,"At the same frequency despite a change in phenology","Invasive plant management ","10+ years","Industry/Private Sector",2026,10,1,1,-1.08364334227082,0.79049810961295,0
"R_7IvjAhNgByZUh4p","Michigan","Network of sites within one state/province","Ailanthis",2,"At the same frequency despite a change in phenology","Invasive plant management ","10+ years","City/Municipal Government",2026,10,1,1,-1.08364334227082,0.79049810961295,0
"R_6Q75yjxK5fIfXwZ","Maryland","Network of sites within one state/province","Ailanthis",3,"At the same frequency despite a change in phenology","Invasive plant management ","10+ years","County Government",2026,10,1,1,-0.952896849262466,0.79049810961295,0
"R_3mwJdcOf68mSU8i","Ohio"," Other (please specify)","Ailanthis",10,"At the same frequency despite a change in phenology","Invasive plant management ","10+ years","Nongovernmental Organization",2026,10,1,1,-0.0376713982039572,0.79049810961295,0
"R_6RfvvrSVaZFoLRH","Virginia","Network of sites within one state/province","Ailanthis",12,"At the same frequency despite a change in phenology","Invasive plant management ","10+ years","Nongovernmental Organization",2026,10,1,1,0.22382158781276,0.79049810961295,0
"R_3Si9tax1RwMIZLT","Massachusetts","Multi-state network of sites","Ailanthis",9,"At the same frequency despite a change in phenology","Invasive plant management ","10+ years","Industry/Private Sector",2026,10,1,1,-0.168417891212316,0.79049810961295,0
"R_5FqDfQSEijhcVoz","Vermont","Multi-state network of sites","Pastinaca",15,"More frequently due to changing phenology","Invasive plant management ","10+ years","Industry/Private Sector",2026,10,1,1,0.616061066837835,0.79049810961295,1
"R_5V0AX8smWwEqt7X","Quebec","Network of sites within one state/province","Pastinaca",5,"At the same frequency despite a change in phenology","Invasive plant management ","6 to 10 years","Tribal/First Nation",2026,6,1,1,-0.691403863245749,-0.515142477920408,0
"R_3OZoTtXsYc0ZVCo","Michigan","Network of sites within one state/province","Pastinaca",15,"At the same frequency despite a change in phenology","Invasive plant management ","10+ years","State Government",2026,10,1,1,0.616061066837835,0.79049810961295,0
"R_5pzvxrP2azfmvYJ","Michigan","Network of sites within one state/province","Pastinaca",14,"More frequently due to changing phenology,Less frequently due to changing phenology","Invasive plant management ","10+ years","Other",2026,10,1,1,0.485314573829477,0.79049810961295,1
"R_7IvjAhNgByZUh4p","Michigan","Network of sites within one state/province","Pastinaca",10,"At the same frequency despite a change in phenology","Invasive plant management ","10+ years","City/Municipal Government",2026,10,1,1,-0.0376713982039572,0.79049810961295,0
"R_1EGs8JgbiTLIdrk","Michigan","Multi-state network of sites","Pastinaca",10,"More frequently due to changing phenology","Invasive plant management ","10+ years","Nongovernmental Organization",2026,10,1,1,-0.0376713982039572,0.79049810961295,1
"R_3Si9tax1RwMIZLT","Massachusetts","Multi-state network of sites","Pastinaca",8,"At the same frequency despite a change in phenology","Invasive plant management ","10+ years","Industry/Private Sector",2026,10,1,1,-0.299164384220674,0.79049810961295,0
