"ResponseId","state","juris","species","dur","timechange","field","career","agency","surveyYear","minCareer","idk","CC","duration.cent","career.cent"
"R_6WYgJBttCwwhXSp","New York","Network of sites within one state/province","Retnoutria",14,"At the same time due to no change in phenology","Invasive plant management ","10+ years","State Government",2025,10,1,0,0.497024733125805,0.77590345940614
"R_6ForFLcNvl9Gfip","Maine","Network of sites within one state/province","Retnoutria",4,"At the same time due to no change in phenology","Invasive plant management ","2 to 5 years","State Government",2025,2,1,0,-0.816327918030227,-1.85051033624031
"R_7ezzjbfl2jdcxDx","Vermont","Network of sites within one state/province","Retnoutria",25,"At the same time due to no change in phenology","Invasive plant management ","10+ years","Nongovernmental Organization",2025,10,1,0,1.94171264939744,0.77590345940614
"R_3XrXjwaVmvGXoOJ","Maryland","Network of sites within one state/province","Retnoutria",20,"At the same time due to no change in phenology","Invasive plant management ","10+ years","Industry/Private Sector",2025,10,1,0,1.28503632381942,0.77590345940614
"R_62Pxg5v9Zs16RJA","Ontario","Network of sites within one state/province","Retnoutria",25,"At the same time due to no change in phenology","Invasive plant management ","10+ years","Industry/Private Sector",2025,10,1,0,1.94171264939744,0.77590345940614
"R_5ywqK8B333ZmZQ5","Massachusetts","Network of sites within one state/province","Retnoutria",NA,"Earlier due to changing phenology,Later due to changing phenology","Invasive plant management ","10+ years","Nongovernmental Organization",2025,10,1,1,NA,0.77590345940614
"R_3dKb9I322MuEgFz","Maine","Single site","Retnoutria",5,"At the same time due to no change in phenology","Invasive plant management ","10+ years","City/Municipal Government",2025,10,1,0,-0.684992652914624,0.77590345940614
"R_5UWrqrzzclD8FIu","Vermont","Multi-state network of sites","Retnoutria",NA,"Later due to changing phenology","Invasive plant management ","6 to 10 years","Industry/Private Sector",2025,6,1,1,NA,-0.537303438417083
"R_5JIsRlFQz08hfmF","Massachusetts","Single site","Retnoutria",2,"Earlier or later for other reasons","Invasive plant management ","6 to 10 years","Nongovernmental Organization",2025,6,1,0,-1.07899844826143,-0.537303438417083
"R_5BQkPPSouGpr2Hg","Massachusetts","Multi-state network of sites","Retnoutria",NA,"At the same time due to no change in phenology,At the same time despite changing phenology","Invasive plant management ","10+ years","Industry/Private Sector",2025,10,1,1,NA,0.77590345940614
"R_5iL3nUBoeV7F8Kx","Minnesota","Network of sites within one state/province","Retnoutria",2,"Earlier due to changing phenology","Invasive plant management ","10+ years","City/Municipal Government",2025,10,1,1,-1.07899844826143,0.77590345940614
"R_3zHHEZE9YczuVki","Indiana"," Other (please specify)","Retnoutria",3,"At the same time due to no change in phenology","Invasive plant management ","2 to 5 years","Other",2025,2,1,0,-0.947663183145831,-1.85051033624031
"R_7iTaBPxUwzHaGg9","Michigan","Network of sites within one state/province","Retnoutria",12,"Earlier or later for other reasons","Invasive plant management ","10+ years","State Government",2025,10,1,0,0.234354202894599,0.77590345940614
"R_7LZIwVNGpe3KgTI","Wisconsin","Network of sites within one state/province","Retnoutria",4,"Earlier or later for other reasons","Invasive plant management ","2 to 5 years","Nongovernmental Organization",2025,2,1,0,-0.816327918030227,-1.85051033624031
"R_6CfNNocJljlizu5","Michigan","Network of sites within one state/province","Retnoutria",17,"At the same time due to no change in phenology","Invasive plant management ","10+ years"," Federal Government",2025,10,1,0,0.891030528472615,0.77590345940614
"R_3GKeTuOGsGrWsBx","Michigan","Single site","Retnoutria",5,"At the same time despite changing phenology","Invasive plant management ","6 to 10 years","Academia/University",2025,6,1,1,-0.684992652914624,-0.537303438417083
"R_5QMdxsTPIB3Ml3K","Maryland","Network of sites within one state/province","Retnoutria",2,"At the same time due to no change in phenology","Invasive plant management ","10+ years","City/Municipal Government",2025,10,1,0,-1.07899844826143,0.77590345940614
"R_5wUlVJP5S6N1qEN","Virginia","Network of sites within one state/province","Retnoutria",10,"Earlier or later for other reasons","Invasive plant management ","6 to 10 years","County Government",2025,6,1,0,-0.0283163273366078,-0.537303438417083
"R_537x22NmHs7hBVW","New York"," Other (please specify)","Retnoutria",9,"At the same time due to no change in phenology","Invasive plant management ","6 to 10 years","State Government",2025,6,1,0,-0.159651592452211,-0.537303438417083
"R_6QOOH4tKwngrOHn","Michigan","Network of sites within one state/province","Retnoutria",10,"Earlier or later for other reasons","Invasive plant management ","2 to 5 years","Nongovernmental Organization",2025,2,1,0,-0.0283163273366078,-1.85051033624031
"R_1JL9iDUjnpJZLQR","New York","Network of sites within one state/province","Retnoutria",NA,"Later due to changing phenology","Invasive plant management ","6 to 10 years","State Government",2025,6,1,1,NA,-0.537303438417083
"R_5I6qNXdl1mckd0K","Michigan","Network of sites within one state/province","Retnoutria",10,"Earlier or later for other reasons","Invasive plant management ","10+ years","State Government",2025,10,1,0,-0.0283163273366078,0.77590345940614
"R_7eyioy07o8xNtFD","Wisconsin","Multi-state network of sites","Retnoutria",5,"Earlier due to changing phenology","Invasive plant management ","2 to 5 years","Industry/Private Sector",2025,2,1,1,-0.684992652914624,-1.85051033624031
"R_1wGepviiEawT7xG","Pennsylvania"," Other (please specify)","Retnoutria",30,"Later due to changing phenology","Invasive plant management ","10+ years","Industry/Private Sector",2025,10,1,1,2.59838897497546,0.77590345940614
"R_5FL0Dh9GY67xaof","Massachusetts","Single site","Retnoutria",25,"At the same time due to no change in phenology","Invasive plant management ","10+ years","City/Municipal Government",2025,10,1,0,1.94171264939744,0.77590345940614
"R_7GCx4T0QvASYfS2","Massachusetts","Network of sites within one state/province","Retnoutria",10,"Later due to changing phenology","Invasive plant management ","10+ years","Nongovernmental Organization",2025,10,1,1,-0.0283163273366078,0.77590345940614
"R_7Vru9EQVgndVy1V","North Carolina","Network of sites within one state/province","Retnoutria",30,"At the same time due to no change in phenology","Invasive plant management ","6 to 10 years","County Government",2025,6,1,0,2.59838897497546,-0.537303438417083
"R_5oaOcorb0tWwDku","Maine","Network of sites within one state/province","Retnoutria",6,"At the same time due to no change in phenology","Invasive plant management ","6 to 10 years","Nongovernmental Organization",2025,6,1,0,-0.553657387799021,-0.537303438417083
"R_1EhS8EtoQX5KeVO","Virginia"," Other (please specify)","Retnoutria",10,"Earlier due to changing phenology","Invasive plant management ","10+ years","City/Municipal Government",2025,10,1,1,-0.0283163273366078,0.77590345940614
"R_7q3sEFKcJH3jV4h","North Carolina","Multi-state network of sites","Retnoutria",5,"Earlier or later for other reasons","Invasive plant management ","6 to 10 years","Nongovernmental Organization",2025,6,1,0,-0.684992652914624,-0.537303438417083
"R_6VKHZJJuCF3ssA9","Rhode Island","Network of sites within one state/province","Retnoutria",5,"At the same time due to no change in phenology","Invasive plant management ","2 to 5 years","Nongovernmental Organization",2025,2,1,0,-0.684992652914624,-1.85051033624031
"R_3f2NE46NtdzB3GN","Missouri","Multi-state network of sites","Retnoutria",2,"Earlier due to changing phenology","Invasive plant management ","6 to 10 years","Nongovernmental Organization",2025,6,1,1,-1.07899844826143,-0.537303438417083
"R_6zI4045OheCWxD4","New York","Multi-state network of sites","Retnoutria",15,"At the same time due to no change in phenology","Invasive plant management ","10+ years","State Government",2025,10,1,0,0.628359998241409,0.77590345940614
"R_3koWzuFby927k7v","Massachusetts","Network of sites within one state/province","Retnoutria",7,"At the same time due to no change in phenology","Invasive plant management ","10+ years","Nongovernmental Organization",2025,10,1,0,-0.422322122683418,0.77590345940614
"R_4DdacjI5qhmJw0t","Vermont","Multi-state network of sites","Retnoutria",10,"Later due to changing phenology","Invasive plant management ","10+ years","Industry/Private Sector",2025,10,1,1,-0.0283163273366078,0.77590345940614
"R_30xjQCBmlmzdGhK","Michigan","Network of sites within one state/province","Retnoutria",9,"At the same time due to no change in phenology","Invasive plant management ","10+ years","State Government",2025,10,1,0,-0.159651592452211,0.77590345940614
"R_6LM4zc5bR7utrq6","Wisconsin","Multi-state network of sites","Retnoutria",20,"At the same time due to no change in phenology","Invasive plant management ","10+ years","Industry/Private Sector",2025,10,1,0,1.28503632381942,0.77590345940614
"R_6xnYQypkLxxXJct","Michigan","Multi-state network of sites","Retnoutria",11,"Later due to changing phenology","Invasive plant management ","10+ years","Nongovernmental Organization",2025,10,1,1,0.103018937778995,0.77590345940614
"R_3yNv77ves0EseE9","Massachusetts"," Other (please specify)","Retnoutria",2,"Earlier or later for other reasons,At the same time due to no change in phenology","Invasive plant management ","2 to 5 years","City/Municipal Government",2025,2,1,0,-1.07899844826143,-1.85051033624031
"R_6bkD5LQEewba1fb","New York","Network of sites within one state/province","Retnoutria",11,"At the same time due to no change in phenology","Invasive plant management ","6 to 10 years","Nongovernmental Organization",2025,6,1,0,0.103018937778995,-0.537303438417083
"R_7CIWuckyx3sjsAs","Ontario"," Other (please specify)","Retnoutria",10,"At the same time despite changing phenology","Invasive plant management ","6 to 10 years","Other",2025,6,1,1,-0.0283163273366078,-0.537303438417083
"R_6SkIALEEmjd49Yq","Rhode Island","Single site","Retnoutria",5,"Earlier or later for other reasons","Invasive plant management ","2 to 5 years","Nongovernmental Organization",2025,2,1,0,-0.684992652914624,-1.85051033624031
"R_52slHOREy0viarS","Virginia","Network of sites within one state/province","Retnoutria",3,"At the same time due to no change in phenology","Invasive plant management ","2 to 5 years","City/Municipal Government",2025,2,1,0,-0.947663183145831,-1.85051033624031
"R_3y11MJQMOttiaqr","Massachusetts","Network of sites within one state/province","Retnoutria",3,"Earlier due to changing phenology","Other (I work with invasive plants but not as a manager, researcher, or extension)","2 to 5 years","Industry/Private Sector",2025,2,1,1,-0.947663183145831,-1.85051033624031
"R_1WY82cNkvl3SfQt","Massachusetts"," Other (please specify)","Retnoutria",6,"At the same time due to no change in phenology","Invasive plant management ","6 to 10 years","City/Municipal Government",2025,6,1,0,-0.553657387799021,-0.537303438417083
"R_5E49JE842qi5GJr","Massachusetts","Single site","Retnoutria",1,"Earlier or later for other reasons","Invasive plant management ","2 to 5 years","Nongovernmental Organization",2025,2,1,0,-1.21033371337704,-1.85051033624031
"R_61GkUO5dWwqhCjj","Wisconsin","Network of sites within one state/province","Retnoutria",4,"At the same time due to no change in phenology","Invasive plant management ","10+ years","County Government",2025,10,1,0,-0.816327918030227,0.77590345940614
"R_3XCIHNhh88dMl1L","Massachusetts","Network of sites within one state/province","Retnoutria",3,"At the same time despite changing phenology","Invasive plant management ","2 to 5 years","Nongovernmental Organization",2025,2,1,1,-0.947663183145831,-1.85051033624031
"R_6MSEK2WWyiJXX8f","Vermont","Network of sites within one state/province","Retnoutria",10,"At the same time despite changing phenology","Invasive plant management ","10+ years","Nongovernmental Organization",2025,10,1,1,-0.0283163273366078,0.77590345940614
"R_5P00Gb4S2nU4OfA","Ohio","Network of sites within one state/province","Retnoutria",1,"At the same time due to no change in phenology","Invasive plant management ","10+ years","Nongovernmental Organization",2025,10,1,0,-1.21033371337704,0.77590345940614
"R_6WYgJBttCwwhXSp","New York","Network of sites within one state/province","Artemesia",14,"At the same time due to no change in phenology","Invasive plant management ","10+ years","State Government",2025,10,1,0,0.497024733125805,0.77590345940614
"R_3XrXjwaVmvGXoOJ","Maryland","Network of sites within one state/province","Artemesia",7,"At the same time due to no change in phenology","Invasive plant management ","10+ years","Industry/Private Sector",2025,10,1,0,-0.422322122683418,0.77590345940614
"R_3dKb9I322MuEgFz","Maine","Single site","Artemesia",3,"At the same time despite changing phenology","Invasive plant management ","10+ years","City/Municipal Government",2025,10,1,1,-0.947663183145831,0.77590345940614
"R_5JIsRlFQz08hfmF","Massachusetts","Single site","Artemesia",6,"Earlier or later for other reasons","Invasive plant management ","6 to 10 years","Nongovernmental Organization",2025,6,1,0,-0.553657387799021,-0.537303438417083
"R_5BQkPPSouGpr2Hg","Massachusetts","Multi-state network of sites","Artemesia",NA,"At the same time due to no change in phenology","Invasive plant management ","10+ years","Industry/Private Sector",2025,10,1,0,NA,0.77590345940614
"R_3zHHEZE9YczuVki","Indiana"," Other (please specify)","Artemesia",2,"At the same time due to no change in phenology","Invasive plant management ","2 to 5 years","Other",2025,2,1,0,-1.07899844826143,-1.85051033624031
"R_7OoxW9EzfNxUWpb","Massachusetts","Single site","Artemesia",5,"Earlier due to changing phenology","Invasive plant management ","6 to 10 years","Nongovernmental Organization",2025,6,1,1,-0.684992652914624,-0.537303438417083
"R_5QMdxsTPIB3Ml3K","Maryland","Network of sites within one state/province","Artemesia",4,"At the same time due to no change in phenology","Invasive plant management ","10+ years","City/Municipal Government",2025,10,1,0,-0.816327918030227,0.77590345940614
"R_1JL9iDUjnpJZLQR","New York","Network of sites within one state/province","Artemesia",NA,"At the same time due to no change in phenology","Invasive plant management ","6 to 10 years","State Government",2025,6,1,0,NA,-0.537303438417083
"R_1wGepviiEawT7xG","Pennsylvania"," Other (please specify)","Artemesia",10,"At the same time due to no change in phenology","Invasive plant management ","10+ years","Industry/Private Sector",2025,10,1,0,-0.0283163273366078,0.77590345940614
"R_5FL0Dh9GY67xaof","Massachusetts","Single site","Artemesia",25,"At the same time due to no change in phenology","Invasive plant management ","10+ years","City/Municipal Government",2025,10,1,0,1.94171264939744,0.77590345940614
"R_1EiGIcVTKZ2CXkf","Maryland","Single site","Artemesia",3,"At the same time due to no change in phenology","Invasive plant management ","6 to 10 years","Nongovernmental Organization",2025,6,1,0,-0.947663183145831,-0.537303438417083
"R_30xjQCBmlmzdGhK","Michigan","Network of sites within one state/province","Artemesia",2,"At the same time due to no change in phenology","Invasive plant management ","10+ years","State Government",2025,10,1,0,-1.07899844826143,0.77590345940614
"R_3yNv77ves0EseE9","Massachusetts"," Other (please specify)","Artemesia",1,"Earlier or later for other reasons,At the same time due to no change in phenology","Invasive plant management ","2 to 5 years","City/Municipal Government",2025,2,1,0,-1.21033371337704,-1.85051033624031
"R_6bkD5LQEewba1fb","New York","Network of sites within one state/province","Artemesia",11,"At the same time due to no change in phenology","Invasive plant management ","6 to 10 years","Nongovernmental Organization",2025,6,1,0,0.103018937778995,-0.537303438417083
"R_6SkIALEEmjd49Yq","Rhode Island","Single site","Artemesia",3,"Earlier or later for other reasons","Invasive plant management ","2 to 5 years","Nongovernmental Organization",2025,2,1,0,-0.947663183145831,-1.85051033624031
"R_7zisJUcklmC59IQ","Massachusetts"," Other (please specify)","Artemesia",2,"At the same time despite changing phenology","Invasive plant management ","10+ years","Industry/Private Sector",2025,10,1,1,-1.07899844826143,0.77590345940614
"R_3XCIHNhh88dMl1L","Massachusetts","Network of sites within one state/province","Artemesia",2,"At the same time due to no change in phenology","Invasive plant management ","2 to 5 years","Nongovernmental Organization",2025,2,1,0,-1.07899844826143,-1.85051033624031
"R_5P00Gb4S2nU4OfA","Ohio","Network of sites within one state/province","Artemesia",4,"Earlier or later for other reasons","Invasive plant management ","10+ years","Nongovernmental Organization",2025,10,1,0,-0.816327918030227,0.77590345940614
"R_6WYgJBttCwwhXSp","New York","Network of sites within one state/province","Berberis",16,"At the same time due to no change in phenology","Invasive plant management ","10+ years","State Government",2025,10,1,0,0.759695263357012,0.77590345940614
"R_7ezzjbfl2jdcxDx","Vermont","Network of sites within one state/province","Berberis",25,"At the same time due to no change in phenology","Invasive plant management ","10+ years","Nongovernmental Organization",2025,10,1,0,1.94171264939744,0.77590345940614
"R_3XrXjwaVmvGXoOJ","Maryland","Network of sites within one state/province","Berberis",20,"At the same time due to no change in phenology","Invasive plant management ","10+ years","Industry/Private Sector",2025,10,1,0,1.28503632381942,0.77590345940614
"R_5ywqK8B333ZmZQ5","Massachusetts","Network of sites within one state/province","Berberis",NA,"Earlier due to changing phenology,Later due to changing phenology,At the same time despite changing phenology","Invasive plant management ","10+ years","Nongovernmental Organization",2025,10,1,1,NA,0.77590345940614
"R_6t3t8fBbiQDgW3d","Maryland","Network of sites within one state/province","Berberis",NA,"Earlier or later for other reasons","Invasive plant management ","6 to 10 years","State Government",2025,6,1,0,NA,-0.537303438417083
"R_3dKb9I322MuEgFz","Maine","Single site","Berberis",10,"At the same time despite changing phenology","Invasive plant management ","10+ years","City/Municipal Government",2025,10,1,1,-0.0283163273366078,0.77590345940614
"R_5UWrqrzzclD8FIu","Vermont","Multi-state network of sites","Berberis",NA,"At the same time due to no change in phenology","Invasive plant management ","6 to 10 years","Industry/Private Sector",2025,6,1,0,NA,-0.537303438417083
"R_3SsX1syXYcf2oyl","Maine","Network of sites within one state/province","Berberis",10,"Earlier or later for other reasons","Invasive plant management ","10+ years","Nongovernmental Organization",2025,10,1,0,-0.0283163273366078,0.77590345940614
"R_5JIsRlFQz08hfmF","Massachusetts","Single site","Berberis",6,"Earlier or later for other reasons","Invasive plant management ","6 to 10 years","Nongovernmental Organization",2025,6,1,0,-0.553657387799021,-0.537303438417083
"R_5BQkPPSouGpr2Hg","Massachusetts","Multi-state network of sites","Berberis",NA,"At the same time due to no change in phenology","Invasive plant management ","10+ years","Industry/Private Sector",2025,10,1,0,NA,0.77590345940614
"R_3zHHEZE9YczuVki","Indiana"," Other (please specify)","Berberis",3,"At the same time due to no change in phenology","Invasive plant management ","2 to 5 years","Other",2025,2,1,0,-0.947663183145831,-1.85051033624031
"R_1LgxvH8g74WcAal","New York","Network of sites within one state/province","Berberis",16,"Earlier or later for other reasons","Invasive plant management ","10+ years","City/Municipal Government",2025,10,1,0,0.759695263357012,0.77590345940614
"R_7iTaBPxUwzHaGg9","Michigan","Network of sites within one state/province","Berberis",12,"At the same time despite changing phenology","Invasive plant management ","10+ years","State Government",2025,10,1,1,0.234354202894599,0.77590345940614
"R_7LZIwVNGpe3KgTI","Wisconsin","Network of sites within one state/province","Berberis",5,"At the same time due to no change in phenology","Invasive plant management ","2 to 5 years","Nongovernmental Organization",2025,2,1,0,-0.684992652914624,-1.85051033624031
"R_6CfNNocJljlizu5","Michigan","Network of sites within one state/province","Berberis",17,"At the same time due to no change in phenology","Invasive plant management ","10+ years"," Federal Government",2025,10,1,0,0.891030528472615,0.77590345940614
"R_7OoxW9EzfNxUWpb","Massachusetts","Single site","Berberis",5,"At the same time due to no change in phenology","Invasive plant management ","6 to 10 years","Nongovernmental Organization",2025,6,1,0,-0.684992652914624,-0.537303438417083
"R_3GKeTuOGsGrWsBx","Michigan","Single site","Berberis",2,"At the same time despite changing phenology","Invasive plant management ","6 to 10 years","Academia/University",2025,6,1,1,-1.07899844826143,-0.537303438417083
"R_537x22NmHs7hBVW","New York"," Other (please specify)","Berberis",2,"At the same time due to no change in phenology","Invasive plant management ","6 to 10 years","State Government",2025,6,1,0,-1.07899844826143,-0.537303438417083
"R_6QOOH4tKwngrOHn","Michigan","Network of sites within one state/province","Berberis",5,"At the same time due to no change in phenology","Invasive plant management ","2 to 5 years","Nongovernmental Organization",2025,2,1,0,-0.684992652914624,-1.85051033624031
"R_1JL9iDUjnpJZLQR","New York","Network of sites within one state/province","Berberis",NA,"At the same time due to no change in phenology","Invasive plant management ","6 to 10 years","State Government",2025,6,1,0,NA,-0.537303438417083
"R_7eyioy07o8xNtFD","Wisconsin","Multi-state network of sites","Berberis",3,"Later due to changing phenology","Invasive plant management ","2 to 5 years","Industry/Private Sector",2025,2,1,1,-0.947663183145831,-1.85051033624031
"R_1wGepviiEawT7xG","Pennsylvania"," Other (please specify)","Berberis",20,"At the same time due to no change in phenology","Invasive plant management ","10+ years","Industry/Private Sector",2025,10,1,0,1.28503632381942,0.77590345940614
"R_5FL0Dh9GY67xaof","Massachusetts","Single site","Berberis",10,"At the same time due to no change in phenology","Invasive plant management ","10+ years","City/Municipal Government",2025,10,1,0,-0.0283163273366078,0.77590345940614
"R_7GCx4T0QvASYfS2","Massachusetts","Network of sites within one state/province","Berberis",25,"Earlier or later for other reasons","Invasive plant management ","10+ years","Nongovernmental Organization",2025,10,1,0,1.94171264939744,0.77590345940614
"R_1EiGIcVTKZ2CXkf","Maryland","Single site","Berberis",5,"At the same time due to no change in phenology","Invasive plant management ","6 to 10 years","Nongovernmental Organization",2025,6,1,0,-0.684992652914624,-0.537303438417083
"R_5oaOcorb0tWwDku","Maine","Network of sites within one state/province","Berberis",6,"At the same time due to no change in phenology","Invasive plant management ","6 to 10 years","Nongovernmental Organization",2025,6,1,0,-0.553657387799021,-0.537303438417083
"R_7q3sEFKcJH3jV4h","North Carolina","Multi-state network of sites","Berberis",5,"At the same time despite changing phenology","Invasive plant management ","6 to 10 years","Nongovernmental Organization",2025,6,1,1,-0.684992652914624,-0.537303438417083
"R_6VKHZJJuCF3ssA9","Rhode Island","Network of sites within one state/province","Berberis",10,"At the same time due to no change in phenology","Invasive plant management ","2 to 5 years","Nongovernmental Organization",2025,2,1,0,-0.0283163273366078,-1.85051033624031
"R_6zI4045OheCWxD4","New York","Multi-state network of sites","Berberis",20,"At the same time due to no change in phenology","Invasive plant management ","10+ years","State Government",2025,10,1,0,1.28503632381942,0.77590345940614
"R_3koWzuFby927k7v","Massachusetts","Network of sites within one state/province","Berberis",15,"At the same time due to no change in phenology","Invasive plant management ","10+ years","Nongovernmental Organization",2025,10,1,0,0.628359998241409,0.77590345940614
"R_3BXy7lTi8qCQ0cF","Indiana"," Other (please specify)","Berberis",10,"Later due to changing phenology","Invasive plant management ","10+ years","Other",2025,10,1,1,-0.0283163273366078,0.77590345940614
"R_4DdacjI5qhmJw0t","Vermont","Multi-state network of sites","Berberis",10,"At the same time despite changing phenology","Invasive plant management ","10+ years","Industry/Private Sector",2025,10,1,1,-0.0283163273366078,0.77590345940614
"R_6LM4zc5bR7utrq6","Wisconsin","Multi-state network of sites","Berberis",10,"At the same time due to no change in phenology","Invasive plant management ","10+ years","Industry/Private Sector",2025,10,1,0,-0.0283163273366078,0.77590345940614
"R_6xnYQypkLxxXJct","Michigan","Multi-state network of sites","Berberis",12,"Earlier or later for other reasons","Invasive plant management ","10+ years","Nongovernmental Organization",2025,10,1,0,0.234354202894599,0.77590345940614
"R_5cCxuqU3LPDqcRW","Wisconsin","Network of sites within one state/province","Berberis",9,"At the same time due to no change in phenology","Invasive plant management ","2 to 5 years","Nongovernmental Organization",2025,2,1,0,-0.159651592452211,-1.85051033624031
"R_3yNv77ves0EseE9","Massachusetts"," Other (please specify)","Berberis",2,"Earlier or later for other reasons,At the same time due to no change in phenology","Invasive plant management ","2 to 5 years","City/Municipal Government",2025,2,1,0,-1.07899844826143,-1.85051033624031
"R_6bkD5LQEewba1fb","New York","Network of sites within one state/province","Berberis",11,"At the same time due to no change in phenology","Invasive plant management ","6 to 10 years","Nongovernmental Organization",2025,6,1,0,0.103018937778995,-0.537303438417083
"R_7q9CGoR98EHdtT8","Wisconsin","Single site","Berberis",10,"At the same time despite changing phenology","Invasive plant management ","10+ years","Industry/Private Sector",2025,10,1,1,-0.0283163273366078,0.77590345940614
"R_3oKFNE7EJdtd7QR","Wisconsin","Network of sites within one state/province","Berberis",2,"At the same time due to no change in phenology","Other (I work with invasive plants but not as a manager, researcher, or extension)","10+ years","Industry/Private Sector",2025,10,1,0,-1.07899844826143,0.77590345940614
"R_7CIWuckyx3sjsAs","Ontario"," Other (please specify)","Berberis",10,"At the same time due to no change in phenology","Invasive plant management ","6 to 10 years","Other",2025,6,1,0,-0.0283163273366078,-0.537303438417083
"R_7zisJUcklmC59IQ","Massachusetts"," Other (please specify)","Berberis",5,"At the same time despite changing phenology","Invasive plant management ","10+ years","Industry/Private Sector",2025,10,1,1,-0.684992652914624,0.77590345940614
"R_1WY82cNkvl3SfQt","Massachusetts"," Other (please specify)","Berberis",3,"At the same time due to no change in phenology","Invasive plant management ","6 to 10 years","City/Municipal Government",2025,6,1,0,-0.947663183145831,-0.537303438417083
"R_61GkUO5dWwqhCjj","Wisconsin","Network of sites within one state/province","Berberis",4,"At the same time due to no change in phenology","Invasive plant management ","10+ years","County Government",2025,10,1,0,-0.816327918030227,0.77590345940614
"R_6MSEK2WWyiJXX8f","Vermont","Network of sites within one state/province","Berberis",15,"At the same time despite changing phenology","Invasive plant management ","10+ years","Nongovernmental Organization",2025,10,1,1,0.628359998241409,0.77590345940614
"R_5P00Gb4S2nU4OfA","Ohio","Network of sites within one state/province","Berberis",10,"Earlier or later for other reasons","Invasive plant management ","10+ years","Nongovernmental Organization",2025,10,1,0,-0.0283163273366078,0.77590345940614
"R_6WYgJBttCwwhXSp","New York","Network of sites within one state/province","Microstegium",5,"At the same time due to no change in phenology","Invasive plant management ","10+ years","State Government",2025,10,1,0,-0.684992652914624,0.77590345940614
"R_6ForFLcNvl9Gfip","Maine","Network of sites within one state/province","Microstegium",2,"Later due to changing phenology","Invasive plant management ","2 to 5 years","State Government",2025,2,1,1,-1.07899844826143,-1.85051033624031
"R_1HSUmXBNOowEz38","Michigan","Single site","Microstegium",7,"Earlier or later for other reasons","Invasive plant management ","6 to 10 years","Nongovernmental Organization",2025,6,1,0,-0.422322122683418,-0.537303438417083
"R_3XrXjwaVmvGXoOJ","Maryland","Network of sites within one state/province","Microstegium",7,"At the same time due to no change in phenology","Invasive plant management ","10+ years","Industry/Private Sector",2025,10,1,0,-0.422322122683418,0.77590345940614
"R_5ywqK8B333ZmZQ5","Massachusetts","Network of sites within one state/province","Microstegium",NA,"At the same time despite changing phenology","Invasive plant management ","10+ years","Nongovernmental Organization",2025,10,1,1,NA,0.77590345940614
"R_6t3t8fBbiQDgW3d","Maryland","Network of sites within one state/province","Microstegium",NA,"Earlier due to changing phenology","Invasive plant management ","6 to 10 years","State Government",2025,6,1,1,NA,-0.537303438417083
"R_5JIsRlFQz08hfmF","Massachusetts","Single site","Microstegium",2,"Earlier or later for other reasons","Invasive plant management ","6 to 10 years","Nongovernmental Organization",2025,6,1,0,-1.07899844826143,-0.537303438417083
"R_3lIwOYVE6uiBLFL","Missouri","Network of sites within one state/province","Microstegium",5,"Earlier or later for other reasons","Invasive plant management ","6 to 10 years","Nongovernmental Organization",2025,6,1,0,-0.684992652914624,-0.537303438417083
"R_3zHHEZE9YczuVki","Indiana"," Other (please specify)","Microstegium",2,"At the same time due to no change in phenology","Invasive plant management ","2 to 5 years","Other",2025,2,1,0,-1.07899844826143,-1.85051033624031
"R_7iTaBPxUwzHaGg9","Michigan","Network of sites within one state/province","Microstegium",5,"Earlier due to changing phenology","Invasive plant management ","10+ years","State Government",2025,10,1,1,-0.684992652914624,0.77590345940614
"R_7OoxW9EzfNxUWpb","Massachusetts","Single site","Microstegium",1,"Earlier due to changing phenology","Invasive plant management ","6 to 10 years","Nongovernmental Organization",2025,6,1,1,-1.21033371337704,-0.537303438417083
"R_3E7cWMnIfvk6plg","Missouri","Network of sites within one state/province","Microstegium",1,"At the same time due to no change in phenology","Invasive plant management ","10+ years","Other",2025,10,1,0,-1.21033371337704,0.77590345940614
"R_5QMdxsTPIB3Ml3K","Maryland","Network of sites within one state/province","Microstegium",4,"At the same time despite changing phenology","Invasive plant management ","10+ years","City/Municipal Government",2025,10,1,1,-0.816327918030227,0.77590345940614
"R_5wUlVJP5S6N1qEN","Virginia","Network of sites within one state/province","Microstegium",10,"Earlier due to changing phenology","Invasive plant management ","6 to 10 years","County Government",2025,6,1,1,-0.0283163273366078,-0.537303438417083
"R_5pmY8oLxe5MTq3z","Missouri","Single site","Microstegium",9,"At the same time due to no change in phenology","Invasive plant management ","10+ years","Nongovernmental Organization",2025,10,1,0,-0.159651592452211,0.77590345940614
"R_1JL9iDUjnpJZLQR","New York","Network of sites within one state/province","Microstegium",5,"Later due to changing phenology","Invasive plant management ","6 to 10 years","State Government",2025,6,1,1,-0.684992652914624,-0.537303438417083
"R_1wGepviiEawT7xG","Pennsylvania"," Other (please specify)","Microstegium",25,"At the same time due to no change in phenology","Invasive plant management ","10+ years","Industry/Private Sector",2025,10,1,0,1.94171264939744,0.77590345940614
"R_5GqXqu4hfRGN4Y4","Virginia","Network of sites within one state/province","Microstegium",3,"Later due to changing phenology","Invasive plant management ","6 to 10 years","Nongovernmental Organization",2025,6,1,1,-0.947663183145831,-0.537303438417083
"R_1EiGIcVTKZ2CXkf","Maryland","Single site","Microstegium",3,"Earlier due to changing phenology","Invasive plant management ","6 to 10 years","Nongovernmental Organization",2025,6,1,1,-0.947663183145831,-0.537303438417083
"R_5oaOcorb0tWwDku","Maine","Network of sites within one state/province","Microstegium",3,"Earlier due to changing phenology","Invasive plant management ","6 to 10 years","Nongovernmental Organization",2025,6,1,1,-0.947663183145831,-0.537303438417083
"R_5B5a3B4ABmQZKnh","Missouri","Single site","Microstegium",9,"Earlier due to changing phenology","Invasive plant management ","10+ years","Nongovernmental Organization",2025,10,1,1,-0.159651592452211,0.77590345940614
"R_1EhS8EtoQX5KeVO","Virginia"," Other (please specify)","Microstegium",15,"Earlier or later for other reasons","Invasive plant management ","10+ years","City/Municipal Government",2025,10,1,0,0.628359998241409,0.77590345940614
"R_7q3sEFKcJH3jV4h","North Carolina","Multi-state network of sites","Microstegium",10,"Earlier or later for other reasons","Invasive plant management ","6 to 10 years","Nongovernmental Organization",2025,6,1,0,-0.0283163273366078,-0.537303438417083
"R_6VKHZJJuCF3ssA9","Rhode Island","Network of sites within one state/province","Microstegium",2,"At the same time due to no change in phenology","Invasive plant management ","2 to 5 years","Nongovernmental Organization",2025,2,1,0,-1.07899844826143,-1.85051033624031
"R_6zI4045OheCWxD4","New York","Multi-state network of sites","Microstegium",5,"At the same time due to no change in phenology","Invasive plant management ","10+ years","State Government",2025,10,1,0,-0.684992652914624,0.77590345940614
"R_3koWzuFby927k7v","Massachusetts","Network of sites within one state/province","Microstegium",14,"At the same time due to no change in phenology","Invasive plant management ","10+ years","Nongovernmental Organization",2025,10,1,0,0.497024733125805,0.77590345940614
"R_6bkD5LQEewba1fb","New York","Network of sites within one state/province","Microstegium",8,"Later due to changing phenology","Invasive plant management ","6 to 10 years","Nongovernmental Organization",2025,6,1,1,-0.290986857567814,-0.537303438417083
"R_52slHOREy0viarS","Virginia","Network of sites within one state/province","Microstegium",4,"Earlier due to changing phenology","Invasive plant management ","2 to 5 years","City/Municipal Government",2025,2,1,1,-0.816327918030227,-1.85051033624031
"R_1WY82cNkvl3SfQt","Massachusetts"," Other (please specify)","Microstegium",2,"At the same time due to no change in phenology","Invasive plant management ","6 to 10 years","City/Municipal Government",2025,6,1,0,-1.07899844826143,-0.537303438417083
"R_5P00Gb4S2nU4OfA","Ohio","Network of sites within one state/province","Microstegium",7,"At the same time due to no change in phenology","Invasive plant management ","10+ years","Nongovernmental Organization",2025,10,1,0,-0.422322122683418,0.77590345940614
"R_6dEOH3nQWsRf2ff","Tennessee","Multi-state network of sites","Microstegium",10,"At the same time due to no change in phenology","Invasive plant management ","10+ years","Nongovernmental Organization",2025,10,1,0,-0.0283163273366078,0.77590345940614
"R_3XrXjwaVmvGXoOJ","Maryland","Network of sites within one state/province","Pueria",5,"At the same time due to no change in phenology","Invasive plant management ","10+ years","Industry/Private Sector",2025,10,1,0,-0.684992652914624,0.77590345940614
"R_7iTaBPxUwzHaGg9","Michigan","Network of sites within one state/province","Pueria",7,"Earlier due to changing phenology","Invasive plant management ","10+ years","State Government",2025,10,1,1,-0.422322122683418,0.77590345940614
"R_51b9eoP3TpoI1sr","Missouri"," Other (please specify)","Pueria",4,"At the same time despite changing phenology","Invasive plant management ","2 to 5 years"," Federal Government",2025,2,1,1,-0.816327918030227,-1.85051033624031
"R_3E7cWMnIfvk6plg","Missouri","Network of sites within one state/province","Pueria",7,"At the same time due to no change in phenology","Invasive plant management ","10+ years","Other",2025,10,1,0,-0.422322122683418,0.77590345940614
"R_5QMdxsTPIB3Ml3K","Maryland","Network of sites within one state/province","Pueria",1,"At the same time due to no change in phenology","Invasive plant management ","10+ years","City/Municipal Government",2025,10,1,0,-1.21033371337704,0.77590345940614
"R_7Vru9EQVgndVy1V","North Carolina","Network of sites within one state/province","Pueria",30,"At the same time due to no change in phenology","Invasive plant management ","6 to 10 years","County Government",2025,6,1,0,2.59838897497546,-0.537303438417083
"R_1EhS8EtoQX5KeVO","Virginia"," Other (please specify)","Pueria",10,"Earlier or later for other reasons","Invasive plant management ","10+ years","City/Municipal Government",2025,10,1,0,-0.0283163273366078,0.77590345940614
"R_7q3sEFKcJH3jV4h","North Carolina","Multi-state network of sites","Pueria",10,"At the same time despite changing phenology","Invasive plant management ","6 to 10 years","Nongovernmental Organization",2025,6,1,1,-0.0283163273366078,-0.537303438417083
"R_6dEOH3nQWsRf2ff","Tennessee","Multi-state network of sites","Pueria",1,"Later due to changing phenology","Invasive plant management ","10+ years","Nongovernmental Organization",2025,10,1,1,-1.21033371337704,0.77590345940614
"R_6WYgJBttCwwhXSp","New York","Network of sites within one state/province","Celastrus",16,"At the same time due to no change in phenology","Invasive plant management ","10+ years","State Government",2025,10,1,0,0.759695263357012,0.77590345940614
"R_6ForFLcNvl9Gfip","Maine","Network of sites within one state/province","Celastrus",4,"At the same time due to no change in phenology","Invasive plant management ","2 to 5 years","State Government",2025,2,1,0,-0.816327918030227,-1.85051033624031
"R_5R23jr6FuDmhief","Massachusetts","Single site","Celastrus",3,"Later due to changing phenology","Invasive plant management ","10+ years","Nongovernmental Organization",2025,10,1,1,-0.947663183145831,0.77590345940614
"R_7ezzjbfl2jdcxDx","Vermont","Network of sites within one state/province","Celastrus",10,"At the same time due to no change in phenology","Invasive plant management ","10+ years","Nongovernmental Organization",2025,10,1,0,-0.0283163273366078,0.77590345940614
"R_3XrXjwaVmvGXoOJ","Maryland","Network of sites within one state/province","Celastrus",20,"At the same time due to no change in phenology","Invasive plant management ","10+ years","Industry/Private Sector",2025,10,1,0,1.28503632381942,0.77590345940614
"R_62Pxg5v9Zs16RJA","Ontario","Network of sites within one state/province","Celastrus",25,"At the same time due to no change in phenology","Invasive plant management ","10+ years","Industry/Private Sector",2025,10,1,0,1.94171264939744,0.77590345940614
"R_5ywqK8B333ZmZQ5","Massachusetts","Network of sites within one state/province","Celastrus",NA,"Earlier due to changing phenology,Later due to changing phenology,At the same time despite changing phenology","Invasive plant management ","10+ years","Nongovernmental Organization",2025,10,1,1,NA,0.77590345940614
"R_3dKb9I322MuEgFz","Maine","Single site","Celastrus",12,"At the same time despite changing phenology","Invasive plant management ","10+ years","City/Municipal Government",2025,10,1,1,0.234354202894599,0.77590345940614
"R_73eVhyZmS8L43ik","Maine","Network of sites within one state/province","Celastrus",NA,"At the same time despite changing phenology","Invasive plant management ","6 to 10 years","Tribal/First Nation",2025,6,1,1,NA,-0.537303438417083
"R_5UWrqrzzclD8FIu","Vermont","Multi-state network of sites","Celastrus",NA,"At the same time due to no change in phenology","Invasive plant management ","6 to 10 years","Industry/Private Sector",2025,6,1,0,NA,-0.537303438417083
"R_5JIsRlFQz08hfmF","Massachusetts","Single site","Celastrus",6,"Earlier or later for other reasons","Invasive plant management ","6 to 10 years","Nongovernmental Organization",2025,6,1,0,-0.553657387799021,-0.537303438417083
"R_3zHHEZE9YczuVki","Indiana"," Other (please specify)","Celastrus",3,"At the same time due to no change in phenology","Invasive plant management ","2 to 5 years","Other",2025,2,1,0,-0.947663183145831,-1.85051033624031
"R_1LgxvH8g74WcAal","New York","Network of sites within one state/province","Celastrus",20,"Earlier or later for other reasons","Invasive plant management ","10+ years","City/Municipal Government",2025,10,1,0,1.28503632381942,0.77590345940614
"R_7iTaBPxUwzHaGg9","Michigan","Network of sites within one state/province","Celastrus",12,"Later due to changing phenology","Invasive plant management ","10+ years","State Government",2025,10,1,1,0.234354202894599,0.77590345940614
"R_7LZIwVNGpe3KgTI","Wisconsin","Network of sites within one state/province","Celastrus",3,"At the same time due to no change in phenology","Invasive plant management ","2 to 5 years","Nongovernmental Organization",2025,2,1,0,-0.947663183145831,-1.85051033624031
"R_7OoxW9EzfNxUWpb","Massachusetts","Single site","Celastrus",10,"At the same time due to no change in phenology","Invasive plant management ","6 to 10 years","Nongovernmental Organization",2025,6,1,0,-0.0283163273366078,-0.537303438417083
"R_3GKeTuOGsGrWsBx","Michigan","Single site","Celastrus",9,"Later due to changing phenology","Invasive plant management ","6 to 10 years","Academia/University",2025,6,1,1,-0.159651592452211,-0.537303438417083
"R_1HgGpL6ACrpRv4l","West Virginia","Multi-state network of sites","Celastrus",12,"Earlier due to changing phenology","Invasive plant management ","10+ years","Industry/Private Sector",2025,10,1,1,0.234354202894599,0.77590345940614
"R_537x22NmHs7hBVW","New York"," Other (please specify)","Celastrus",3,"At the same time due to no change in phenology","Invasive plant management ","6 to 10 years","State Government",2025,6,1,0,-0.947663183145831,-0.537303438417083
"R_6QOOH4tKwngrOHn","Michigan","Network of sites within one state/province","Celastrus",5,"At the same time despite changing phenology","Invasive plant management ","2 to 5 years","Nongovernmental Organization",2025,2,1,1,-0.684992652914624,-1.85051033624031
"R_5pmY8oLxe5MTq3z","Missouri","Single site","Celastrus",9,"At the same time due to no change in phenology","Invasive plant management ","10+ years","Nongovernmental Organization",2025,10,1,0,-0.159651592452211,0.77590345940614
"R_1wGepviiEawT7xG","Pennsylvania"," Other (please specify)","Celastrus",20,"At the same time due to no change in phenology","Invasive plant management ","10+ years","Industry/Private Sector",2025,10,1,0,1.28503632381942,0.77590345940614
"R_1gXD9kt66uL5qNb","Massachusetts","Network of sites within one state/province","Celastrus",10,"Earlier or later for other reasons","Invasive plant management ","10+ years","Nongovernmental Organization",2025,10,1,0,-0.0283163273366078,0.77590345940614
"R_5FL0Dh9GY67xaof","Massachusetts","Single site","Celastrus",25,"At the same time due to no change in phenology","Invasive plant management ","10+ years","City/Municipal Government",2025,10,1,0,1.94171264939744,0.77590345940614
"R_7GCx4T0QvASYfS2","Massachusetts","Network of sites within one state/province","Celastrus",25,"Earlier or later for other reasons","Invasive plant management ","10+ years","Nongovernmental Organization",2025,10,1,0,1.94171264939744,0.77590345940614
"R_1rUYrs3htQ2RlNg","Massachusetts","Network of sites within one state/province","Celastrus",NA,"At the same time due to no change in phenology","Invasive plant management ","10+ years","Nongovernmental Organization",2025,10,1,0,NA,0.77590345940614
"R_1EiGIcVTKZ2CXkf","Maryland","Single site","Celastrus",10,"At the same time due to no change in phenology","Invasive plant management ","6 to 10 years","Nongovernmental Organization",2025,6,1,0,-0.0283163273366078,-0.537303438417083
"R_5oaOcorb0tWwDku","Maine","Network of sites within one state/province","Celastrus",6,"At the same time due to no change in phenology","Invasive plant management ","6 to 10 years","Nongovernmental Organization",2025,6,1,0,-0.553657387799021,-0.537303438417083
"R_5B5a3B4ABmQZKnh","Missouri","Single site","Celastrus",9,"At the same time despite changing phenology","Invasive plant management ","10+ years","Nongovernmental Organization",2025,10,1,1,-0.159651592452211,0.77590345940614
"R_1EhS8EtoQX5KeVO","Virginia"," Other (please specify)","Celastrus",15,"At the same time despite changing phenology","Invasive plant management ","10+ years","City/Municipal Government",2025,10,1,1,0.628359998241409,0.77590345940614
"R_3f2NE46NtdzB3GN","Missouri","Multi-state network of sites","Celastrus",2,"Earlier or later for other reasons","Invasive plant management ","6 to 10 years","Nongovernmental Organization",2025,6,1,0,-1.07899844826143,-0.537303438417083
"R_6zI4045OheCWxD4","New York","Multi-state network of sites","Celastrus",20,"At the same time due to no change in phenology","Invasive plant management ","10+ years","State Government",2025,10,1,0,1.28503632381942,0.77590345940614
"R_3koWzuFby927k7v","Massachusetts","Network of sites within one state/province","Celastrus",24,"At the same time due to no change in phenology","Invasive plant management ","10+ years","Nongovernmental Organization",2025,10,1,0,1.81037738428184,0.77590345940614
"R_3BXy7lTi8qCQ0cF","Indiana"," Other (please specify)","Celastrus",10,"At the same time due to no change in phenology","Invasive plant management ","10+ years","Other",2025,10,1,0,-0.0283163273366078,0.77590345940614
"R_4DdacjI5qhmJw0t","Vermont","Multi-state network of sites","Celastrus",10,"At the same time despite changing phenology","Invasive plant management ","10+ years","Industry/Private Sector",2025,10,1,1,-0.0283163273366078,0.77590345940614
"R_3ccJaCdsXnlVJg6","Minnesota","Single site","Celastrus",4,"Later due to changing phenology","Invasive plant management ","10+ years","Academia/University",2025,10,1,1,-0.816327918030227,0.77590345940614
"R_30xjQCBmlmzdGhK","Michigan","Network of sites within one state/province","Celastrus",9,"At the same time due to no change in phenology","Invasive plant management ","10+ years","State Government",2025,10,1,0,-0.159651592452211,0.77590345940614
"R_6LM4zc5bR7utrq6","Wisconsin","Multi-state network of sites","Celastrus",8,"At the same time due to no change in phenology","Invasive plant management ","10+ years","Industry/Private Sector",2025,10,1,0,-0.290986857567814,0.77590345940614
"R_3yNv77ves0EseE9","Massachusetts"," Other (please specify)","Celastrus",3,"Earlier or later for other reasons,At the same time due to no change in phenology","Invasive plant management ","2 to 5 years","City/Municipal Government",2025,2,1,0,-0.947663183145831,-1.85051033624031
"R_7q9CGoR98EHdtT8","Wisconsin","Single site","Celastrus",10,"At the same time despite changing phenology","Invasive plant management ","10+ years","Industry/Private Sector",2025,10,1,1,-0.0283163273366078,0.77590345940614
"R_7CIWuckyx3sjsAs","Ontario"," Other (please specify)","Celastrus",10,"At the same time due to no change in phenology","Invasive plant management ","6 to 10 years","Other",2025,6,1,0,-0.0283163273366078,-0.537303438417083
"R_69m69niC7eQvmfH","Massachusetts","Single site","Celastrus",25,"At the same time due to no change in phenology","Invasive plant management ","10+ years","Other",2025,10,1,0,1.94171264939744,0.77590345940614
"R_6SkIALEEmjd49Yq","Rhode Island","Single site","Celastrus",5,"Earlier or later for other reasons","Invasive plant management ","2 to 5 years","Nongovernmental Organization",2025,2,1,0,-0.684992652914624,-1.85051033624031
"R_7zisJUcklmC59IQ","Massachusetts"," Other (please specify)","Celastrus",5,"At the same time despite changing phenology","Invasive plant management ","10+ years","Industry/Private Sector",2025,10,1,1,-0.684992652914624,0.77590345940614
"R_1WY82cNkvl3SfQt","Massachusetts"," Other (please specify)","Celastrus",3,"At the same time due to no change in phenology","Invasive plant management ","6 to 10 years","City/Municipal Government",2025,6,1,0,-0.947663183145831,-0.537303438417083
"R_61GkUO5dWwqhCjj","Wisconsin","Network of sites within one state/province","Celastrus",4,"At the same time due to no change in phenology","Invasive plant management ","10+ years","County Government",2025,10,1,0,-0.816327918030227,0.77590345940614
"R_3XCIHNhh88dMl1L","Massachusetts","Network of sites within one state/province","Celastrus",5,"Earlier or later for other reasons,At the same time due to no change in phenology","Invasive plant management ","2 to 5 years","Nongovernmental Organization",2025,2,1,0,-0.684992652914624,-1.85051033624031
"R_6MSEK2WWyiJXX8f","Vermont","Network of sites within one state/province","Celastrus",15,"At the same time despite changing phenology","Invasive plant management ","10+ years","Nongovernmental Organization",2025,10,1,1,0.628359998241409,0.77590345940614
"R_5P00Gb4S2nU4OfA","Ohio","Network of sites within one state/province","Celastrus",10,"Earlier or later for other reasons","Invasive plant management ","10+ years","Nongovernmental Organization",2025,10,1,0,-0.0283163273366078,0.77590345940614
"R_5R23jr6FuDmhief","Massachusetts","Single site","Pinus",6,"At the same time due to no change in phenology","Invasive plant management ","10+ years","Nongovernmental Organization",2025,10,1,0,-0.553657387799021,0.77590345940614
"R_6WYgJBttCwwhXSp","New York","Network of sites within one state/province","Vinetoxicum",16,"At the same time due to no change in phenology","Invasive plant management ","10+ years","State Government",2025,10,1,0,0.759695263357012,0.77590345940614
"R_6ForFLcNvl9Gfip","Maine","Network of sites within one state/province","Vinetoxicum",2,"At the same time due to no change in phenology","Invasive plant management ","2 to 5 years","State Government",2025,2,1,0,-1.07899844826143,-1.85051033624031
"R_1HSUmXBNOowEz38","Michigan","Single site","Vinetoxicum",3,"Later due to changing phenology","Invasive plant management ","6 to 10 years","Nongovernmental Organization",2025,6,1,1,-0.947663183145831,-0.537303438417083
"R_3XrXjwaVmvGXoOJ","Maryland","Network of sites within one state/province","Vinetoxicum",10,"At the same time due to no change in phenology","Invasive plant management ","10+ years","Industry/Private Sector",2025,10,1,0,-0.0283163273366078,0.77590345940614
"R_5ywqK8B333ZmZQ5","Massachusetts","Network of sites within one state/province","Vinetoxicum",NA,"At the same time despite changing phenology","Invasive plant management ","10+ years","Nongovernmental Organization",2025,10,1,1,NA,0.77590345940614
"R_3dKb9I322MuEgFz","Maine","Single site","Vinetoxicum",12,"Earlier or later for other reasons","Invasive plant management ","10+ years","City/Municipal Government",2025,10,1,0,0.234354202894599,0.77590345940614
"R_5BQkPPSouGpr2Hg","Massachusetts","Multi-state network of sites","Vinetoxicum",NA,"At the same time due to no change in phenology","Invasive plant management ","10+ years","Industry/Private Sector",2025,10,1,0,NA,0.77590345940614
"R_7iTaBPxUwzHaGg9","Michigan","Network of sites within one state/province","Vinetoxicum",8,"Earlier due to changing phenology","Invasive plant management ","10+ years","State Government",2025,10,1,1,-0.290986857567814,0.77590345940614
"R_3GKeTuOGsGrWsBx","Michigan","Single site","Vinetoxicum",8,"Earlier due to changing phenology","Invasive plant management ","6 to 10 years","Academia/University",2025,6,1,1,-0.290986857567814,-0.537303438417083
"R_5QMdxsTPIB3Ml3K","Maryland","Network of sites within one state/province","Vinetoxicum",4,"At the same time due to no change in phenology","Invasive plant management ","10+ years","City/Municipal Government",2025,10,1,0,-0.816327918030227,0.77590345940614
"R_6QOOH4tKwngrOHn","Michigan","Network of sites within one state/province","Vinetoxicum",5,"At the same time due to no change in phenology","Invasive plant management ","2 to 5 years","Nongovernmental Organization",2025,2,1,0,-0.684992652914624,-1.85051033624031
"R_6VKHZJJuCF3ssA9","Rhode Island","Network of sites within one state/province","Vinetoxicum",2,"At the same time due to no change in phenology","Invasive plant management ","2 to 5 years","Nongovernmental Organization",2025,2,1,0,-1.07899844826143,-1.85051033624031
"R_6zI4045OheCWxD4","New York","Multi-state network of sites","Vinetoxicum",15,"At the same time due to no change in phenology","Invasive plant management ","10+ years","State Government",2025,10,1,0,0.628359998241409,0.77590345940614
"R_4DdacjI5qhmJw0t","Vermont","Multi-state network of sites","Vinetoxicum",10,"At the same time despite changing phenology","Invasive plant management ","10+ years","Industry/Private Sector",2025,10,1,1,-0.0283163273366078,0.77590345940614
"R_6jiYUPYGI7NG8Ax","Massachusetts"," Other (please specify)","Vinetoxicum",4,"Earlier due to changing phenology","Invasive plant management ","2 to 5 years","Other",2025,2,1,1,-0.816327918030227,-1.85051033624031
"R_7CIWuckyx3sjsAs","Ontario"," Other (please specify)","Vinetoxicum",10,"Earlier due to changing phenology","Invasive plant management ","6 to 10 years","Other",2025,6,1,1,-0.0283163273366078,-0.537303438417083
"R_1WY82cNkvl3SfQt","Massachusetts"," Other (please specify)","Vinetoxicum",9,"At the same time due to no change in phenology","Invasive plant management ","6 to 10 years","City/Municipal Government",2025,6,1,0,-0.159651592452211,-0.537303438417083
"R_61GkUO5dWwqhCjj","Wisconsin","Network of sites within one state/province","Vinetoxicum",8,"Earlier due to changing phenology","Invasive plant management ","10+ years","County Government",2025,10,1,1,-0.290986857567814,0.77590345940614
"R_3XCIHNhh88dMl1L","Massachusetts","Network of sites within one state/province","Vinetoxicum",5,"Earlier or later for other reasons,At the same time due to no change in phenology","Invasive plant management ","2 to 5 years","Nongovernmental Organization",2025,2,1,0,-0.684992652914624,-1.85051033624031
"R_6MSEK2WWyiJXX8f","Vermont","Network of sites within one state/province","Vinetoxicum",10,"Earlier due to changing phenology","Invasive plant management ","10+ years","Nongovernmental Organization",2025,10,1,1,-0.0283163273366078,0.77590345940614
"R_6WYgJBttCwwhXSp","New York","Network of sites within one state/province","Rhamnus",16,"At the same time due to no change in phenology","Invasive plant management ","10+ years","State Government",2025,10,1,0,0.759695263357012,0.77590345940614
"R_6ForFLcNvl9Gfip","Maine","Network of sites within one state/province","Rhamnus",4,"At the same time due to no change in phenology","Invasive plant management ","2 to 5 years","State Government",2025,2,1,0,-0.816327918030227,-1.85051033624031
"R_7ezzjbfl2jdcxDx","Vermont","Network of sites within one state/province","Rhamnus",25,"At the same time due to no change in phenology","Invasive plant management ","10+ years","Nongovernmental Organization",2025,10,1,0,1.94171264939744,0.77590345940614
"R_7V2SFyLI4BgpYkG","Ontario"," Other (please specify)","Rhamnus",2,"At the same time due to no change in phenology","Invasive plant management ","10+ years","Nongovernmental Organization",2025,10,1,0,-1.07899844826143,0.77590345940614
"R_3XrXjwaVmvGXoOJ","Maryland","Network of sites within one state/province","Rhamnus",20,"At the same time due to no change in phenology","Invasive plant management ","10+ years","Industry/Private Sector",2025,10,1,0,1.28503632381942,0.77590345940614
"R_62Pxg5v9Zs16RJA","Ontario","Network of sites within one state/province","Rhamnus",33,"At the same time due to no change in phenology","Invasive plant management ","10+ years","Industry/Private Sector",2025,10,1,0,2.99239477032227,0.77590345940614
"R_5ywqK8B333ZmZQ5","Massachusetts","Network of sites within one state/province","Rhamnus",NA,"At the same time despite changing phenology","Invasive plant management ","10+ years","Nongovernmental Organization",2025,10,1,1,NA,0.77590345940614
"R_3dKb9I322MuEgFz","Maine","Single site","Rhamnus",3,"At the same time despite changing phenology","Invasive plant management ","10+ years","City/Municipal Government",2025,10,1,1,-0.947663183145831,0.77590345940614
"R_73eVhyZmS8L43ik","Maine","Network of sites within one state/province","Rhamnus",NA,"At the same time despite changing phenology","Invasive plant management ","6 to 10 years","Tribal/First Nation",2025,6,1,1,NA,-0.537303438417083
"R_5UWrqrzzclD8FIu","Vermont","Multi-state network of sites","Rhamnus",NA,"At the same time due to no change in phenology","Invasive plant management ","6 to 10 years","Industry/Private Sector",2025,6,1,0,NA,-0.537303438417083
"R_5JIsRlFQz08hfmF","Massachusetts","Single site","Rhamnus",6,"Earlier or later for other reasons","Invasive plant management ","6 to 10 years","Nongovernmental Organization",2025,6,1,0,-0.553657387799021,-0.537303438417083
"R_5BQkPPSouGpr2Hg","Massachusetts","Multi-state network of sites","Rhamnus",NA,"At the same time due to no change in phenology","Invasive plant management ","10+ years","Industry/Private Sector",2025,10,1,0,NA,0.77590345940614
"R_6oQyieKuImjkMkF","Minnesota","Network of sites within one state/province","Rhamnus",10,"Earlier or later for other reasons","Invasive plant management ","2 to 5 years","Nongovernmental Organization",2025,2,1,0,-0.0283163273366078,-1.85051033624031
"R_5iL3nUBoeV7F8Kx","Minnesota","Network of sites within one state/province","Rhamnus",20,"Later due to changing phenology","Invasive plant management ","10+ years","City/Municipal Government",2025,10,1,1,1.28503632381942,0.77590345940614
"R_3zHHEZE9YczuVki","Indiana"," Other (please specify)","Rhamnus",10,"At the same time due to no change in phenology","Invasive plant management ","2 to 5 years","Other",2025,2,1,0,-0.0283163273366078,-1.85051033624031
"R_30JFe2RxkYRhFAk","Michigan","Network of sites within one state/province","Rhamnus",26,"At the same time despite changing phenology","Invasive plant management ","10+ years","Nongovernmental Organization",2025,10,1,1,2.07304791451304,0.77590345940614
"R_7iTaBPxUwzHaGg9","Michigan","Network of sites within one state/province","Rhamnus",12,"At the same time despite changing phenology","Invasive plant management ","10+ years","State Government",2025,10,1,1,0.234354202894599,0.77590345940614
"R_7LZIwVNGpe3KgTI","Wisconsin","Network of sites within one state/province","Rhamnus",5,"At the same time due to no change in phenology","Invasive plant management ","2 to 5 years","Nongovernmental Organization",2025,2,1,0,-0.684992652914624,-1.85051033624031
"R_6CfNNocJljlizu5","Michigan","Network of sites within one state/province","Rhamnus",17,"At the same time due to no change in phenology","Invasive plant management ","10+ years"," Federal Government",2025,10,1,0,0.891030528472615,0.77590345940614
"R_7OoxW9EzfNxUWpb","Massachusetts","Single site","Rhamnus",5,"At the same time due to no change in phenology","Invasive plant management ","6 to 10 years","Nongovernmental Organization",2025,6,1,0,-0.684992652914624,-0.537303438417083
"R_3GKeTuOGsGrWsBx","Michigan","Single site","Rhamnus",9,"Later due to changing phenology","Invasive plant management ","6 to 10 years","Academia/University",2025,6,1,1,-0.159651592452211,-0.537303438417083
"R_537x22NmHs7hBVW","New York"," Other (please specify)","Rhamnus",9,"At the same time due to no change in phenology","Invasive plant management ","6 to 10 years","State Government",2025,6,1,0,-0.159651592452211,-0.537303438417083
"R_6QOOH4tKwngrOHn","Michigan","Network of sites within one state/province","Rhamnus",5,"At the same time due to no change in phenology","Invasive plant management ","2 to 5 years","Nongovernmental Organization",2025,2,1,0,-0.684992652914624,-1.85051033624031
"R_5pmY8oLxe5MTq3z","Missouri","Single site","Rhamnus",9,"At the same time due to no change in phenology","Invasive plant management ","10+ years","Nongovernmental Organization",2025,10,1,0,-0.159651592452211,0.77590345940614
"R_1JL9iDUjnpJZLQR","New York","Network of sites within one state/province","Rhamnus",NA,"At the same time due to no change in phenology","Invasive plant management ","6 to 10 years","State Government",2025,6,1,0,NA,-0.537303438417083
"R_7eyioy07o8xNtFD","Wisconsin","Multi-state network of sites","Rhamnus",5,"Later due to changing phenology","Invasive plant management ","2 to 5 years","Industry/Private Sector",2025,2,1,1,-0.684992652914624,-1.85051033624031
"R_1wGepviiEawT7xG","Pennsylvania"," Other (please specify)","Rhamnus",20,"At the same time due to no change in phenology","Invasive plant management ","10+ years","Industry/Private Sector",2025,10,1,0,1.28503632381942,0.77590345940614
"R_1gXD9kt66uL5qNb","Massachusetts","Network of sites within one state/province","Rhamnus",10,"Earlier or later for other reasons","Invasive plant management ","10+ years","Nongovernmental Organization",2025,10,1,0,-0.0283163273366078,0.77590345940614
"R_7GCx4T0QvASYfS2","Massachusetts","Network of sites within one state/province","Rhamnus",25,"Earlier or later for other reasons","Invasive plant management ","10+ years","Nongovernmental Organization",2025,10,1,0,1.94171264939744,0.77590345940614
"R_5oaOcorb0tWwDku","Maine","Network of sites within one state/province","Rhamnus",4,"At the same time due to no change in phenology","Invasive plant management ","6 to 10 years","Nongovernmental Organization",2025,6,1,0,-0.816327918030227,-0.537303438417083
"R_5B5a3B4ABmQZKnh","Missouri","Single site","Rhamnus",9,"At the same time despite changing phenology","Invasive plant management ","10+ years","Nongovernmental Organization",2025,10,1,1,-0.159651592452211,0.77590345940614
"R_6zI4045OheCWxD4","New York","Multi-state network of sites","Rhamnus",20,"At the same time due to no change in phenology","Invasive plant management ","10+ years","State Government",2025,10,1,0,1.28503632381942,0.77590345940614
"R_3koWzuFby927k7v","Massachusetts","Network of sites within one state/province","Rhamnus",24,"At the same time due to no change in phenology","Invasive plant management ","10+ years","Nongovernmental Organization",2025,10,1,0,1.81037738428184,0.77590345940614
"R_3BXy7lTi8qCQ0cF","Indiana"," Other (please specify)","Rhamnus",20,"At the same time due to no change in phenology","Invasive plant management ","10+ years","Other",2025,10,1,0,1.28503632381942,0.77590345940614
"R_4DdacjI5qhmJw0t","Vermont","Multi-state network of sites","Rhamnus",10,"At the same time despite changing phenology","Invasive plant management ","10+ years","Industry/Private Sector",2025,10,1,1,-0.0283163273366078,0.77590345940614
"R_3ccJaCdsXnlVJg6","Minnesota","Single site","Rhamnus",30,"Earlier due to changing phenology,Later due to changing phenology","Invasive plant management ","10+ years","Academia/University",2025,10,1,1,2.59838897497546,0.77590345940614
"R_30xjQCBmlmzdGhK","Michigan","Network of sites within one state/province","Rhamnus",9,"At the same time due to no change in phenology","Invasive plant management ","10+ years","State Government",2025,10,1,0,-0.159651592452211,0.77590345940614
"R_6LM4zc5bR7utrq6","Wisconsin","Multi-state network of sites","Rhamnus",15,"At the same time due to no change in phenology","Invasive plant management ","10+ years","Industry/Private Sector",2025,10,1,0,0.628359998241409,0.77590345940614
"R_6xnYQypkLxxXJct","Michigan","Multi-state network of sites","Rhamnus",12,"Earlier or later for other reasons","Invasive plant management ","10+ years","Nongovernmental Organization",2025,10,1,0,0.234354202894599,0.77590345940614
"R_5cCxuqU3LPDqcRW","Wisconsin","Network of sites within one state/province","Rhamnus",9,"At the same time due to no change in phenology","Invasive plant management ","2 to 5 years","Nongovernmental Organization",2025,2,1,0,-0.159651592452211,-1.85051033624031
"R_3yNv77ves0EseE9","Massachusetts"," Other (please specify)","Rhamnus",4,"Later due to changing phenology","Invasive plant management ","2 to 5 years","City/Municipal Government",2025,2,1,1,-0.816327918030227,-1.85051033624031
"R_6bkD5LQEewba1fb","New York","Network of sites within one state/province","Rhamnus",11,"At the same time due to no change in phenology","Invasive plant management ","6 to 10 years","Nongovernmental Organization",2025,6,1,0,0.103018937778995,-0.537303438417083
"R_7q9CGoR98EHdtT8","Wisconsin","Single site","Rhamnus",10,"At the same time despite changing phenology","Invasive plant management ","10+ years","Industry/Private Sector",2025,10,1,1,-0.0283163273366078,0.77590345940614
"R_3oKFNE7EJdtd7QR","Wisconsin","Network of sites within one state/province","Rhamnus",40,"At the same time due to no change in phenology","Other (I work with invasive plants but not as a manager, researcher, or extension)","10+ years","Industry/Private Sector",2025,10,1,0,3.91174162613149,0.77590345940614
"R_7CIWuckyx3sjsAs","Ontario"," Other (please specify)","Rhamnus",10,"At the same time despite changing phenology","Invasive plant management ","6 to 10 years","Other",2025,6,1,1,-0.0283163273366078,-0.537303438417083
"R_69m69niC7eQvmfH","Massachusetts","Single site","Rhamnus",25,"At the same time due to no change in phenology","Invasive plant management ","10+ years","Other",2025,10,1,0,1.94171264939744,0.77590345940614
"R_7zisJUcklmC59IQ","Massachusetts"," Other (please specify)","Rhamnus",5,"At the same time despite changing phenology","Invasive plant management ","10+ years","Industry/Private Sector",2025,10,1,1,-0.684992652914624,0.77590345940614
"R_61GkUO5dWwqhCjj","Wisconsin","Network of sites within one state/province","Rhamnus",8,"At the same time due to no change in phenology","Invasive plant management ","10+ years","County Government",2025,10,1,0,-0.290986857567814,0.77590345940614
"R_3XCIHNhh88dMl1L","Massachusetts","Network of sites within one state/province","Rhamnus",8,"Earlier or later for other reasons","Invasive plant management ","2 to 5 years","Nongovernmental Organization",2025,2,1,0,-0.290986857567814,-1.85051033624031
"R_6MSEK2WWyiJXX8f","Vermont","Network of sites within one state/province","Rhamnus",20,"At the same time despite changing phenology","Invasive plant management ","10+ years","Nongovernmental Organization",2025,10,1,1,1.28503632381942,0.77590345940614
"R_6WYgJBttCwwhXSp","New York","Network of sites within one state/province","Elaeagnus",16,"At the same time due to no change in phenology","Invasive plant management ","10+ years","State Government",2025,10,1,0,0.759695263357012,0.77590345940614
"R_7ezzjbfl2jdcxDx","Vermont","Network of sites within one state/province","Elaeagnus",25,"At the same time due to no change in phenology","Invasive plant management ","10+ years","Nongovernmental Organization",2025,10,1,0,1.94171264939744,0.77590345940614
"R_3XrXjwaVmvGXoOJ","Maryland","Network of sites within one state/province","Elaeagnus",20,"At the same time due to no change in phenology","Invasive plant management ","10+ years","Industry/Private Sector",2025,10,1,0,1.28503632381942,0.77590345940614
"R_62Pxg5v9Zs16RJA","Ontario","Network of sites within one state/province","Elaeagnus",33,"At the same time due to no change in phenology","Invasive plant management ","10+ years","Industry/Private Sector",2025,10,1,0,2.99239477032227,0.77590345940614
"R_5ywqK8B333ZmZQ5","Massachusetts","Network of sites within one state/province","Elaeagnus",NA,"At the same time despite changing phenology","Invasive plant management ","10+ years","Nongovernmental Organization",2025,10,1,1,NA,0.77590345940614
"R_6t3t8fBbiQDgW3d","Maryland","Network of sites within one state/province","Elaeagnus",NA,"Later due to changing phenology","Invasive plant management ","6 to 10 years","State Government",2025,6,1,1,NA,-0.537303438417083
"R_73eVhyZmS8L43ik","Maine","Network of sites within one state/province","Elaeagnus",NA,"At the same time despite changing phenology","Invasive plant management ","6 to 10 years","Tribal/First Nation",2025,6,1,1,NA,-0.537303438417083
"R_5UWrqrzzclD8FIu","Vermont","Multi-state network of sites","Elaeagnus",NA,"At the same time due to no change in phenology","Invasive plant management ","6 to 10 years","Industry/Private Sector",2025,6,1,0,NA,-0.537303438417083
"R_5JIsRlFQz08hfmF","Massachusetts","Single site","Elaeagnus",6,"Earlier or later for other reasons","Invasive plant management ","6 to 10 years","Nongovernmental Organization",2025,6,1,0,-0.553657387799021,-0.537303438417083
"R_5BQkPPSouGpr2Hg","Massachusetts","Multi-state network of sites","Elaeagnus",NA,"At the same time due to no change in phenology","Invasive plant management ","10+ years","Industry/Private Sector",2025,10,1,0,NA,0.77590345940614
"R_3lIwOYVE6uiBLFL","Missouri","Network of sites within one state/province","Elaeagnus",6,"At the same time due to no change in phenology","Invasive plant management ","6 to 10 years","Nongovernmental Organization",2025,6,1,0,-0.553657387799021,-0.537303438417083
"R_3zHHEZE9YczuVki","Indiana"," Other (please specify)","Elaeagnus",20,"Later due to changing phenology","Invasive plant management ","2 to 5 years","Other",2025,2,1,1,1.28503632381942,-1.85051033624031
"R_30JFe2RxkYRhFAk","Michigan","Network of sites within one state/province","Elaeagnus",20,"At the same time despite changing phenology","Invasive plant management ","10+ years","Nongovernmental Organization",2025,10,1,1,1.28503632381942,0.77590345940614
"R_7iTaBPxUwzHaGg9","Michigan","Network of sites within one state/province","Elaeagnus",20,"At the same time despite changing phenology","Invasive plant management ","10+ years","State Government",2025,10,1,1,1.28503632381942,0.77590345940614
"R_7LZIwVNGpe3KgTI","Wisconsin","Network of sites within one state/province","Elaeagnus",5,"At the same time due to no change in phenology","Invasive plant management ","2 to 5 years","Nongovernmental Organization",2025,2,1,0,-0.684992652914624,-1.85051033624031
"R_6CfNNocJljlizu5","Michigan","Network of sites within one state/province","Elaeagnus",10,"At the same time due to no change in phenology","Invasive plant management ","10+ years"," Federal Government",2025,10,1,0,-0.0283163273366078,0.77590345940614
"R_7OoxW9EzfNxUWpb","Massachusetts","Single site","Elaeagnus",5,"At the same time due to no change in phenology","Invasive plant management ","6 to 10 years","Nongovernmental Organization",2025,6,1,0,-0.684992652914624,-0.537303438417083
"R_3GKeTuOGsGrWsBx","Michigan","Single site","Elaeagnus",9,"Later due to changing phenology","Invasive plant management ","6 to 10 years","Academia/University",2025,6,1,1,-0.159651592452211,-0.537303438417083
"R_1HgGpL6ACrpRv4l","West Virginia","Multi-state network of sites","Elaeagnus",15,"Earlier due to changing phenology","Invasive plant management ","10+ years","Industry/Private Sector",2025,10,1,1,0.628359998241409,0.77590345940614
"R_51b9eoP3TpoI1sr","Missouri"," Other (please specify)","Elaeagnus",5,"At the same time despite changing phenology","Invasive plant management ","2 to 5 years"," Federal Government",2025,2,1,1,-0.684992652914624,-1.85051033624031
"R_3E7cWMnIfvk6plg","Missouri","Network of sites within one state/province","Elaeagnus",8,"At the same time due to no change in phenology","Invasive plant management ","10+ years","Other",2025,10,1,0,-0.290986857567814,0.77590345940614
"R_537x22NmHs7hBVW","New York"," Other (please specify)","Elaeagnus",2,"At the same time due to no change in phenology","Invasive plant management ","6 to 10 years","State Government",2025,6,1,0,-1.07899844826143,-0.537303438417083
"R_6QOOH4tKwngrOHn","Michigan","Network of sites within one state/province","Elaeagnus",10,"At the same time due to no change in phenology","Invasive plant management ","2 to 5 years","Nongovernmental Organization",2025,2,1,0,-0.0283163273366078,-1.85051033624031
"R_5pmY8oLxe5MTq3z","Missouri","Single site","Elaeagnus",9,"At the same time due to no change in phenology","Invasive plant management ","10+ years","Nongovernmental Organization",2025,10,1,0,-0.159651592452211,0.77590345940614
"R_5I6qNXdl1mckd0K","Michigan","Network of sites within one state/province","Elaeagnus",10,"Earlier or later for other reasons","Invasive plant management ","10+ years","State Government",2025,10,1,0,-0.0283163273366078,0.77590345940614
"R_7eyioy07o8xNtFD","Wisconsin","Multi-state network of sites","Elaeagnus",4,"At the same time due to no change in phenology","Invasive plant management ","2 to 5 years","Industry/Private Sector",2025,2,1,0,-0.816327918030227,-1.85051033624031
"R_1wGepviiEawT7xG","Pennsylvania"," Other (please specify)","Elaeagnus",30,"At the same time due to no change in phenology","Invasive plant management ","10+ years","Industry/Private Sector",2025,10,1,0,2.59838897497546,0.77590345940614
"R_1gXD9kt66uL5qNb","Massachusetts","Network of sites within one state/province","Elaeagnus",10,"Earlier or later for other reasons","Invasive plant management ","10+ years","Nongovernmental Organization",2025,10,1,0,-0.0283163273366078,0.77590345940614
"R_7GCx4T0QvASYfS2","Massachusetts","Network of sites within one state/province","Elaeagnus",25,"Earlier or later for other reasons","Invasive plant management ","10+ years","Nongovernmental Organization",2025,10,1,0,1.94171264939744,0.77590345940614
"R_1rUYrs3htQ2RlNg","Massachusetts","Network of sites within one state/province","Elaeagnus",NA,"At the same time due to no change in phenology","Invasive plant management ","10+ years","Nongovernmental Organization",2025,10,1,0,NA,0.77590345940614
"R_1EiGIcVTKZ2CXkf","Maryland","Single site","Elaeagnus",10,"At the same time due to no change in phenology","Invasive plant management ","6 to 10 years","Nongovernmental Organization",2025,6,1,0,-0.0283163273366078,-0.537303438417083
"R_7Vru9EQVgndVy1V","North Carolina","Network of sites within one state/province","Elaeagnus",30,"At the same time due to no change in phenology","Invasive plant management ","6 to 10 years","County Government",2025,6,1,0,2.59838897497546,-0.537303438417083
"R_5B5a3B4ABmQZKnh","Missouri","Single site","Elaeagnus",9,"At the same time despite changing phenology","Invasive plant management ","10+ years","Nongovernmental Organization",2025,10,1,1,-0.159651592452211,0.77590345940614
"R_1EhS8EtoQX5KeVO","Virginia"," Other (please specify)","Elaeagnus",15,"At the same time despite changing phenology","Invasive plant management ","10+ years","City/Municipal Government",2025,10,1,1,0.628359998241409,0.77590345940614
"R_7q3sEFKcJH3jV4h","North Carolina","Multi-state network of sites","Elaeagnus",10,"At the same time despite changing phenology","Invasive plant management ","6 to 10 years","Nongovernmental Organization",2025,6,1,1,-0.0283163273366078,-0.537303438417083
"R_3f2NE46NtdzB3GN","Missouri","Multi-state network of sites","Elaeagnus",4,"Later due to changing phenology","Invasive plant management ","6 to 10 years","Nongovernmental Organization",2025,6,1,1,-0.816327918030227,-0.537303438417083
"R_6zI4045OheCWxD4","New York","Multi-state network of sites","Elaeagnus",20,"At the same time due to no change in phenology","Invasive plant management ","10+ years","State Government",2025,10,1,0,1.28503632381942,0.77590345940614
"R_7916UIaOGbhT1AV","Indiana","Network of sites within one state/province","Elaeagnus",4.75,"Earlier due to changing phenology,Later due to changing phenology","Invasive plant management ","2 to 5 years","County Government",2025,2,1,1,-0.717826469193525,-1.85051033624031
"R_3BXy7lTi8qCQ0cF","Indiana"," Other (please specify)","Elaeagnus",10,"At the same time due to no change in phenology","Invasive plant management ","10+ years","Other",2025,10,1,0,-0.0283163273366078,0.77590345940614
"R_4DdacjI5qhmJw0t","Vermont","Multi-state network of sites","Elaeagnus",10,"At the same time despite changing phenology","Invasive plant management ","10+ years","Industry/Private Sector",2025,10,1,1,-0.0283163273366078,0.77590345940614
"R_30xjQCBmlmzdGhK","Michigan","Network of sites within one state/province","Elaeagnus",9,"At the same time due to no change in phenology","Invasive plant management ","10+ years","State Government",2025,10,1,0,-0.159651592452211,0.77590345940614
"R_6LM4zc5bR7utrq6","Wisconsin","Multi-state network of sites","Elaeagnus",15,"At the same time due to no change in phenology","Invasive plant management ","10+ years","Industry/Private Sector",2025,10,1,0,0.628359998241409,0.77590345940614
"R_6xnYQypkLxxXJct","Michigan","Multi-state network of sites","Elaeagnus",12,"Earlier or later for other reasons","Invasive plant management ","10+ years","Nongovernmental Organization",2025,10,1,0,0.234354202894599,0.77590345940614
"R_5cCxuqU3LPDqcRW","Wisconsin","Network of sites within one state/province","Elaeagnus",9,"At the same time due to no change in phenology","Invasive plant management ","2 to 5 years","Nongovernmental Organization",2025,2,1,0,-0.159651592452211,-1.85051033624031
"R_3yNv77ves0EseE9","Massachusetts"," Other (please specify)","Elaeagnus",2,"Earlier or later for other reasons,At the same time due to no change in phenology","Invasive plant management ","2 to 5 years","City/Municipal Government",2025,2,1,0,-1.07899844826143,-1.85051033624031
"R_6bkD5LQEewba1fb","New York","Network of sites within one state/province","Elaeagnus",11,"At the same time due to no change in phenology","Invasive plant management ","6 to 10 years","Nongovernmental Organization",2025,6,1,0,0.103018937778995,-0.537303438417083
"R_72Fajt8sVMFqNIB","Massachusetts","Single site","Elaeagnus",1,"At the same time due to no change in phenology","Invasive plant management ","","Nongovernmental Organization",2025,0.1,1,0,-1.21033371337704,-2.47428361270634
"R_7q9CGoR98EHdtT8","Wisconsin","Single site","Elaeagnus",10,"At the same time despite changing phenology","Invasive plant management ","10+ years","Industry/Private Sector",2025,10,1,1,-0.0283163273366078,0.77590345940614
"R_7zisJUcklmC59IQ","Massachusetts"," Other (please specify)","Elaeagnus",2,"At the same time despite changing phenology","Invasive plant management ","10+ years","Industry/Private Sector",2025,10,1,1,-1.07899844826143,0.77590345940614
"R_1WY82cNkvl3SfQt","Massachusetts"," Other (please specify)","Elaeagnus",9,"At the same time due to no change in phenology","Invasive plant management ","6 to 10 years","City/Municipal Government",2025,6,1,0,-0.159651592452211,-0.537303438417083
"R_61GkUO5dWwqhCjj","Wisconsin","Network of sites within one state/province","Elaeagnus",NA,"At the same time due to no change in phenology","Invasive plant management ","10+ years","County Government",2025,10,1,0,NA,0.77590345940614
"R_6MSEK2WWyiJXX8f","Vermont","Network of sites within one state/province","Elaeagnus",15,"At the same time despite changing phenology","Invasive plant management ","10+ years","Nongovernmental Organization",2025,10,1,1,0.628359998241409,0.77590345940614
"R_5P00Gb4S2nU4OfA","Ohio","Network of sites within one state/province","Elaeagnus",10,"Earlier or later for other reasons","Invasive plant management ","10+ years","Nongovernmental Organization",2025,10,1,0,-0.0283163273366078,0.77590345940614
"R_6dEOH3nQWsRf2ff","Tennessee","Multi-state network of sites","Elaeagnus",10,"At the same time due to no change in phenology","Invasive plant management ","10+ years","Nongovernmental Organization",2025,10,1,0,-0.0283163273366078,0.77590345940614
"R_6ForFLcNvl9Gfip","Maine","Network of sites within one state/province","impatiens",1,"At the same time due to no change in phenology","Invasive plant management ","2 to 5 years","State Government",2025,2,1,0,-1.21033371337704,-1.85051033624031
"R_7V2SFyLI4BgpYkG","Ontario"," Other (please specify)","impatiens",3,"At the same time due to no change in phenology","Invasive plant management ","10+ years","Nongovernmental Organization",2025,10,1,0,-0.947663183145831,0.77590345940614
"R_62Pxg5v9Zs16RJA","Ontario","Network of sites within one state/province","impatiens",33,"At the same time due to no change in phenology","Invasive plant management ","10+ years","Industry/Private Sector",2025,10,1,0,2.99239477032227,0.77590345940614
"R_7iTaBPxUwzHaGg9","Michigan","Network of sites within one state/province","impatiens",5,"Earlier due to changing phenology","Invasive plant management ","10+ years","State Government",2025,10,1,1,-0.684992652914624,0.77590345940614
"R_6WYgJBttCwwhXSp","New York","Network of sites within one state/province","Lonicera",16,"At the same time due to no change in phenology","Invasive plant management ","10+ years","State Government",2025,10,1,0,0.759695263357012,0.77590345940614
"R_6ForFLcNvl9Gfip","Maine","Network of sites within one state/province","Lonicera",4,"At the same time due to no change in phenology","Invasive plant management ","2 to 5 years","State Government",2025,2,1,0,-0.816327918030227,-1.85051033624031
"R_5R23jr6FuDmhief","Massachusetts","Single site","Lonicera",8,"Earlier due to changing phenology","Invasive plant management ","10+ years","Nongovernmental Organization",2025,10,1,1,-0.290986857567814,0.77590345940614
"R_7ezzjbfl2jdcxDx","Vermont","Network of sites within one state/province","Lonicera",25,"At the same time due to no change in phenology","Invasive plant management ","10+ years","Nongovernmental Organization",2025,10,1,0,1.94171264939744,0.77590345940614
"R_3XrXjwaVmvGXoOJ","Maryland","Network of sites within one state/province","Lonicera",20,"At the same time due to no change in phenology","Invasive plant management ","10+ years","Industry/Private Sector",2025,10,1,0,1.28503632381942,0.77590345940614
"R_62Pxg5v9Zs16RJA","Ontario","Network of sites within one state/province","Lonicera",33,"At the same time due to no change in phenology","Invasive plant management ","10+ years","Industry/Private Sector",2025,10,1,0,2.99239477032227,0.77590345940614
"R_5ywqK8B333ZmZQ5","Massachusetts","Network of sites within one state/province","Lonicera",NA,"At the same time despite changing phenology","Invasive plant management ","10+ years","Nongovernmental Organization",2025,10,1,1,NA,0.77590345940614
"R_6t3t8fBbiQDgW3d","Maryland","Network of sites within one state/province","Lonicera",NA,"At the same time despite changing phenology","Invasive plant management ","6 to 10 years","State Government",2025,6,1,1,NA,-0.537303438417083
"R_3dKb9I322MuEgFz","Maine","Single site","Lonicera",5,"At the same time due to no change in phenology","Invasive plant management ","10+ years","City/Municipal Government",2025,10,1,0,-0.684992652914624,0.77590345940614
"R_73eVhyZmS8L43ik","Maine","Network of sites within one state/province","Lonicera",NA,"At the same time despite changing phenology","Invasive plant management ","6 to 10 years","Tribal/First Nation",2025,6,1,1,NA,-0.537303438417083
"R_5UWrqrzzclD8FIu","Vermont","Multi-state network of sites","Lonicera",NA,"At the same time due to no change in phenology","Invasive plant management ","6 to 10 years","Industry/Private Sector",2025,6,1,0,NA,-0.537303438417083
"R_5JIsRlFQz08hfmF","Massachusetts","Single site","Lonicera",6,"Earlier or later for other reasons","Invasive plant management ","6 to 10 years","Nongovernmental Organization",2025,6,1,0,-0.553657387799021,-0.537303438417083
"R_5BQkPPSouGpr2Hg","Massachusetts","Multi-state network of sites","Lonicera",NA,"At the same time due to no change in phenology","Invasive plant management ","10+ years","Industry/Private Sector",2025,10,1,0,NA,0.77590345940614
"R_3lIwOYVE6uiBLFL","Missouri","Network of sites within one state/province","Lonicera",5,"At the same time due to no change in phenology","Invasive plant management ","6 to 10 years","Nongovernmental Organization",2025,6,1,0,-0.684992652914624,-0.537303438417083
"R_5iL3nUBoeV7F8Kx","Minnesota","Network of sites within one state/province","Lonicera",20,"At the same time due to no change in phenology","Invasive plant management ","10+ years","City/Municipal Government",2025,10,1,0,1.28503632381942,0.77590345940614
"R_3zHHEZE9YczuVki","Indiana"," Other (please specify)","Lonicera",20,"Later due to changing phenology","Invasive plant management ","2 to 5 years","Other",2025,2,1,1,1.28503632381942,-1.85051033624031
"R_5E71fWz3IruQgh6","Ohio","Network of sites within one state/province","Lonicera",NA,"Earlier due to changing phenology,Later due to changing phenology","Invasive plant management ","10+ years","County Government",2025,10,1,1,NA,0.77590345940614
"R_6otqeEqxavLiZSY","New York","Single site","Lonicera",8,"Earlier due to changing phenology","Invasive plant management ","10+ years","Nongovernmental Organization",2025,10,1,1,-0.290986857567814,0.77590345940614
"R_30JFe2RxkYRhFAk","Michigan","Network of sites within one state/province","Lonicera",20,"At the same time despite changing phenology","Invasive plant management ","10+ years","Nongovernmental Organization",2025,10,1,1,1.28503632381942,0.77590345940614
"R_7iTaBPxUwzHaGg9","Michigan","Network of sites within one state/province","Lonicera",12,"At the same time despite changing phenology","Invasive plant management ","10+ years","State Government",2025,10,1,1,0.234354202894599,0.77590345940614
"R_7LZIwVNGpe3KgTI","Wisconsin","Network of sites within one state/province","Lonicera",5,"At the same time due to no change in phenology","Invasive plant management ","2 to 5 years","Nongovernmental Organization",2025,2,1,0,-0.684992652914624,-1.85051033624031
"R_6CfNNocJljlizu5","Michigan","Network of sites within one state/province","Lonicera",17,"At the same time due to no change in phenology","Invasive plant management ","10+ years"," Federal Government",2025,10,1,0,0.891030528472615,0.77590345940614
"R_7OoxW9EzfNxUWpb","Massachusetts","Single site","Lonicera",5,"At the same time due to no change in phenology","Invasive plant management ","6 to 10 years","Nongovernmental Organization",2025,6,1,0,-0.684992652914624,-0.537303438417083
"R_3GKeTuOGsGrWsBx","Michigan","Single site","Lonicera",9,"Later due to changing phenology","Invasive plant management ","6 to 10 years","Academia/University",2025,6,1,1,-0.159651592452211,-0.537303438417083
"R_1HgGpL6ACrpRv4l","West Virginia","Multi-state network of sites","Lonicera",15,"Earlier due to changing phenology","Invasive plant management ","10+ years","Industry/Private Sector",2025,10,1,1,0.628359998241409,0.77590345940614
"R_51b9eoP3TpoI1sr","Missouri"," Other (please specify)","Lonicera",4,"At the same time despite changing phenology","Invasive plant management ","2 to 5 years"," Federal Government",2025,2,1,1,-0.816327918030227,-1.85051033624031
"R_3E7cWMnIfvk6plg","Missouri","Network of sites within one state/province","Lonicera",5,"At the same time due to no change in phenology","Invasive plant management ","10+ years","Other",2025,10,1,0,-0.684992652914624,0.77590345940614
"R_5tyNGdytbIadKk9","Indiana","Network of sites within one state/province","Lonicera",5,"Earlier due to changing phenology,Later due to changing phenology","Invasive plant management ","2 to 5 years","Nongovernmental Organization",2025,2,1,1,-0.684992652914624,-1.85051033624031
"R_5QMdxsTPIB3Ml3K","Maryland","Network of sites within one state/province","Lonicera",4,"At the same time due to no change in phenology","Invasive plant management ","10+ years","City/Municipal Government",2025,10,1,0,-0.816327918030227,0.77590345940614
"R_537x22NmHs7hBVW","New York"," Other (please specify)","Lonicera",9,"At the same time due to no change in phenology","Invasive plant management ","6 to 10 years","State Government",2025,6,1,0,-0.159651592452211,-0.537303438417083
"R_6QOOH4tKwngrOHn","Michigan","Network of sites within one state/province","Lonicera",10,"At the same time due to no change in phenology","Invasive plant management ","2 to 5 years","Nongovernmental Organization",2025,2,1,0,-0.0283163273366078,-1.85051033624031
"R_5pmY8oLxe5MTq3z","Missouri","Single site","Lonicera",15,"At the same time due to no change in phenology","Invasive plant management ","10+ years","Nongovernmental Organization",2025,10,1,0,0.628359998241409,0.77590345940614
"R_1JL9iDUjnpJZLQR","New York","Network of sites within one state/province","Lonicera",NA,"At the same time due to no change in phenology","Invasive plant management ","6 to 10 years","State Government",2025,6,1,0,NA,-0.537303438417083
"R_5I6qNXdl1mckd0K","Michigan","Network of sites within one state/province","Lonicera",10,"Earlier or later for other reasons","Invasive plant management ","10+ years","State Government",2025,10,1,0,-0.0283163273366078,0.77590345940614
"R_7eyioy07o8xNtFD","Wisconsin","Multi-state network of sites","Lonicera",5,"Later due to changing phenology","Invasive plant management ","2 to 5 years","Industry/Private Sector",2025,2,1,1,-0.684992652914624,-1.85051033624031
"R_1wGepviiEawT7xG","Pennsylvania"," Other (please specify)","Lonicera",30,"At the same time due to no change in phenology","Invasive plant management ","10+ years","Industry/Private Sector",2025,10,1,0,2.59838897497546,0.77590345940614
"R_1gXD9kt66uL5qNb","Massachusetts","Network of sites within one state/province","Lonicera",10,"Earlier or later for other reasons","Invasive plant management ","10+ years","Nongovernmental Organization",2025,10,1,0,-0.0283163273366078,0.77590345940614
"R_5FL0Dh9GY67xaof","Massachusetts","Single site","Lonicera",40,"At the same time due to no change in phenology","Invasive plant management ","10+ years","City/Municipal Government",2025,10,1,0,3.91174162613149,0.77590345940614
"R_7GCx4T0QvASYfS2","Massachusetts","Network of sites within one state/province","Lonicera",25,"Earlier or later for other reasons","Invasive plant management ","10+ years","Nongovernmental Organization",2025,10,1,0,1.94171264939744,0.77590345940614
"R_1rUYrs3htQ2RlNg","Massachusetts","Network of sites within one state/province","Lonicera",NA,"At the same time due to no change in phenology","Invasive plant management ","10+ years","Nongovernmental Organization",2025,10,1,0,NA,0.77590345940614
"R_1EiGIcVTKZ2CXkf","Maryland","Single site","Lonicera",10,"At the same time due to no change in phenology","Invasive plant management ","6 to 10 years","Nongovernmental Organization",2025,6,1,0,-0.0283163273366078,-0.537303438417083
"R_5oaOcorb0tWwDku","Maine","Network of sites within one state/province","Lonicera",5,"At the same time due to no change in phenology","Invasive plant management ","6 to 10 years","Nongovernmental Organization",2025,6,1,0,-0.684992652914624,-0.537303438417083
"R_5B5a3B4ABmQZKnh","Missouri","Single site","Lonicera",20,"Earlier or later for other reasons","Invasive plant management ","10+ years","Nongovernmental Organization",2025,10,1,0,1.28503632381942,0.77590345940614
"R_1EhS8EtoQX5KeVO","Virginia"," Other (please specify)","Lonicera",15,"At the same time despite changing phenology","Invasive plant management ","10+ years","City/Municipal Government",2025,10,1,1,0.628359998241409,0.77590345940614
"R_7q3sEFKcJH3jV4h","North Carolina","Multi-state network of sites","Lonicera",10,"At the same time despite changing phenology","Invasive plant management ","6 to 10 years","Nongovernmental Organization",2025,6,1,1,-0.0283163273366078,-0.537303438417083
"R_3f2NE46NtdzB3GN","Missouri","Multi-state network of sites","Lonicera",6,"Earlier due to changing phenology,Later due to changing phenology","Invasive plant management ","6 to 10 years","Nongovernmental Organization",2025,6,1,1,-0.553657387799021,-0.537303438417083
"R_6zI4045OheCWxD4","New York","Multi-state network of sites","Lonicera",20,"At the same time due to no change in phenology","Invasive plant management ","10+ years","State Government",2025,10,1,0,1.28503632381942,0.77590345940614
"R_7916UIaOGbhT1AV","Indiana","Network of sites within one state/province","Lonicera",4.75,"Earlier due to changing phenology,Later due to changing phenology","Invasive plant management ","2 to 5 years","County Government",2025,2,1,1,-0.717826469193525,-1.85051033624031
"R_3BXy7lTi8qCQ0cF","Indiana"," Other (please specify)","Lonicera",10,"At the same time due to no change in phenology","Invasive plant management ","10+ years","Other",2025,10,1,0,-0.0283163273366078,0.77590345940614
"R_4DdacjI5qhmJw0t","Vermont","Multi-state network of sites","Lonicera",10,"At the same time despite changing phenology","Invasive plant management ","10+ years","Industry/Private Sector",2025,10,1,1,-0.0283163273366078,0.77590345940614
"R_3ccJaCdsXnlVJg6","Minnesota","Single site","Lonicera",30,"Earlier due to changing phenology,Later due to changing phenology","Invasive plant management ","10+ years","Academia/University",2025,10,1,1,2.59838897497546,0.77590345940614
"R_6LM4zc5bR7utrq6","Wisconsin","Multi-state network of sites","Lonicera",20,"At the same time due to no change in phenology","Invasive plant management ","10+ years","Industry/Private Sector",2025,10,1,0,1.28503632381942,0.77590345940614
"R_6xnYQypkLxxXJct","Michigan","Multi-state network of sites","Lonicera",12,"Earlier or later for other reasons","Invasive plant management ","10+ years","Nongovernmental Organization",2025,10,1,0,0.234354202894599,0.77590345940614
"R_5cCxuqU3LPDqcRW","Wisconsin","Network of sites within one state/province","Lonicera",9,"At the same time due to no change in phenology","Invasive plant management ","2 to 5 years","Nongovernmental Organization",2025,2,1,0,-0.159651592452211,-1.85051033624031
"R_3yNv77ves0EseE9","Massachusetts"," Other (please specify)","Lonicera",2,"Earlier or later for other reasons,At the same time due to no change in phenology","Invasive plant management ","2 to 5 years","City/Municipal Government",2025,2,1,0,-1.07899844826143,-1.85051033624031
"R_6bkD5LQEewba1fb","New York","Network of sites within one state/province","Lonicera",11,"At the same time due to no change in phenology","Invasive plant management ","6 to 10 years","Nongovernmental Organization",2025,6,1,0,0.103018937778995,-0.537303438417083
"R_7q9CGoR98EHdtT8","Wisconsin","Single site","Lonicera",10,"At the same time despite changing phenology","Invasive plant management ","10+ years","Industry/Private Sector",2025,10,1,1,-0.0283163273366078,0.77590345940614
"R_3oKFNE7EJdtd7QR","Wisconsin","Network of sites within one state/province","Lonicera",20,"At the same time due to no change in phenology","Other (I work with invasive plants but not as a manager, researcher, or extension)","10+ years","Industry/Private Sector",2025,10,1,0,1.28503632381942,0.77590345940614
"R_7CIWuckyx3sjsAs","Ontario"," Other (please specify)","Lonicera",10,"At the same time despite changing phenology","Invasive plant management ","6 to 10 years","Other",2025,6,1,1,-0.0283163273366078,-0.537303438417083
"R_52slHOREy0viarS","Virginia","Network of sites within one state/province","Lonicera",4,"At the same time due to no change in phenology","Invasive plant management ","2 to 5 years","City/Municipal Government",2025,2,1,0,-0.816327918030227,-1.85051033624031
"R_7zisJUcklmC59IQ","Massachusetts"," Other (please specify)","Lonicera",5,"At the same time despite changing phenology","Invasive plant management ","10+ years","Industry/Private Sector",2025,10,1,1,-0.684992652914624,0.77590345940614
"R_61GkUO5dWwqhCjj","Wisconsin","Network of sites within one state/province","Lonicera",8,"At the same time due to no change in phenology","Invasive plant management ","10+ years","County Government",2025,10,1,0,-0.290986857567814,0.77590345940614
"R_3XCIHNhh88dMl1L","Massachusetts","Network of sites within one state/province","Lonicera",1,"At the same time due to no change in phenology","Invasive plant management ","2 to 5 years","Nongovernmental Organization",2025,2,1,0,-1.21033371337704,-1.85051033624031
"R_6MSEK2WWyiJXX8f","Vermont","Network of sites within one state/province","Lonicera",20,"At the same time despite changing phenology","Invasive plant management ","10+ years","Nongovernmental Organization",2025,10,1,1,1.28503632381942,0.77590345940614
"R_5P00Gb4S2nU4OfA","Ohio","Network of sites within one state/province","Lonicera",10,"Earlier or later for other reasons","Invasive plant management ","10+ years","Nongovernmental Organization",2025,10,1,0,-0.0283163273366078,0.77590345940614
"R_6dEOH3nQWsRf2ff","Tennessee","Multi-state network of sites","Lonicera",5,"At the same time due to no change in phenology","Invasive plant management ","10+ years","Nongovernmental Organization",2025,10,1,0,-0.684992652914624,0.77590345940614
"R_5R23jr6FuDmhief","Massachusetts","Single site","Miscanthus",4,"At the same time due to no change in phenology","Invasive plant management ","10+ years","Nongovernmental Organization",2025,10,1,0,-0.816327918030227,0.77590345940614
"R_3XrXjwaVmvGXoOJ","Maryland","Network of sites within one state/province","Miscanthus",5,"At the same time due to no change in phenology","Invasive plant management ","10+ years","Industry/Private Sector",2025,10,1,0,-0.684992652914624,0.77590345940614
"R_6t3t8fBbiQDgW3d","Maryland","Network of sites within one state/province","Miscanthus",NA,"Earlier due to changing phenology","Invasive plant management ","6 to 10 years","State Government",2025,6,1,1,NA,-0.537303438417083
"R_5JIsRlFQz08hfmF","Massachusetts","Single site","Miscanthus",2,"Earlier or later for other reasons","Invasive plant management ","6 to 10 years","Nongovernmental Organization",2025,6,1,0,-1.07899844826143,-0.537303438417083
"R_5pmY8oLxe5MTq3z","Missouri","Single site","Miscanthus",5,"At the same time due to no change in phenology","Invasive plant management ","10+ years","Nongovernmental Organization",2025,10,1,0,-0.684992652914624,0.77590345940614
"R_5B5a3B4ABmQZKnh","Missouri","Single site","Miscanthus",9,"At the same time despite changing phenology","Invasive plant management ","10+ years","Nongovernmental Organization",2025,10,1,1,-0.159651592452211,0.77590345940614
"R_7q3sEFKcJH3jV4h","North Carolina","Multi-state network of sites","Miscanthus",10,"Earlier or later for other reasons","Invasive plant management ","6 to 10 years","Nongovernmental Organization",2025,6,1,0,-0.0283163273366078,-0.537303438417083
"R_5P00Gb4S2nU4OfA","Ohio","Network of sites within one state/province","Miscanthus",5,"Earlier or later for other reasons","Invasive plant management ","10+ years","Nongovernmental Organization",2025,10,1,0,-0.684992652914624,0.77590345940614
"R_6WYgJBttCwwhXSp","New York","Network of sites within one state/province","Rosa",16,"At the same time due to no change in phenology","Invasive plant management ","10+ years","State Government",2025,10,1,0,0.759695263357012,0.77590345940614
"R_6ForFLcNvl9Gfip","Maine","Network of sites within one state/province","Rosa",3,"At the same time due to no change in phenology","Invasive plant management ","2 to 5 years","State Government",2025,2,1,0,-0.947663183145831,-1.85051033624031
"R_7ezzjbfl2jdcxDx","Vermont","Network of sites within one state/province","Rosa",25,"At the same time due to no change in phenology","Invasive plant management ","10+ years","Nongovernmental Organization",2025,10,1,0,1.94171264939744,0.77590345940614
"R_62Pxg5v9Zs16RJA","Ontario","Network of sites within one state/province","Rosa",33,"At the same time due to no change in phenology","Invasive plant management ","10+ years","Industry/Private Sector",2025,10,1,0,2.99239477032227,0.77590345940614
"R_5ywqK8B333ZmZQ5","Massachusetts","Network of sites within one state/province","Rosa",NA,"At the same time despite changing phenology","Invasive plant management ","10+ years","Nongovernmental Organization",2025,10,1,1,NA,0.77590345940614
"R_6t3t8fBbiQDgW3d","Maryland","Network of sites within one state/province","Rosa",NA,"Later due to changing phenology","Invasive plant management ","6 to 10 years","State Government",2025,6,1,1,NA,-0.537303438417083
"R_3dKb9I322MuEgFz","Maine","Single site","Rosa",10,"At the same time despite changing phenology","Invasive plant management ","10+ years","City/Municipal Government",2025,10,1,1,-0.0283163273366078,0.77590345940614
"R_73eVhyZmS8L43ik","Maine","Network of sites within one state/province","Rosa",NA,"At the same time despite changing phenology","Invasive plant management ","6 to 10 years","Tribal/First Nation",2025,6,1,1,NA,-0.537303438417083
"R_5UWrqrzzclD8FIu","Vermont","Multi-state network of sites","Rosa",NA,"At the same time due to no change in phenology","Invasive plant management ","6 to 10 years","Industry/Private Sector",2025,6,1,0,NA,-0.537303438417083
"R_5JIsRlFQz08hfmF","Massachusetts","Single site","Rosa",6,"Earlier or later for other reasons","Invasive plant management ","6 to 10 years","Nongovernmental Organization",2025,6,1,0,-0.553657387799021,-0.537303438417083
"R_5BQkPPSouGpr2Hg","Massachusetts","Multi-state network of sites","Rosa",NA,"At the same time due to no change in phenology","Invasive plant management ","10+ years","Industry/Private Sector",2025,10,1,0,NA,0.77590345940614
"R_3lIwOYVE6uiBLFL","Missouri","Network of sites within one state/province","Rosa",6,"At the same time due to no change in phenology","Invasive plant management ","6 to 10 years","Nongovernmental Organization",2025,6,1,0,-0.553657387799021,-0.537303438417083
"R_3zHHEZE9YczuVki","Indiana"," Other (please specify)","Rosa",20,"Earlier due to changing phenology","Invasive plant management ","2 to 5 years","Other",2025,2,1,1,1.28503632381942,-1.85051033624031
"R_30JFe2RxkYRhFAk","Michigan","Network of sites within one state/province","Rosa",20,"At the same time despite changing phenology","Invasive plant management ","10+ years","Nongovernmental Organization",2025,10,1,1,1.28503632381942,0.77590345940614
"R_7iTaBPxUwzHaGg9","Michigan","Network of sites within one state/province","Rosa",12,"At the same time despite changing phenology","Invasive plant management ","10+ years","State Government",2025,10,1,1,0.234354202894599,0.77590345940614
"R_7LZIwVNGpe3KgTI","Wisconsin","Network of sites within one state/province","Rosa",5,"At the same time due to no change in phenology","Invasive plant management ","2 to 5 years","Nongovernmental Organization",2025,2,1,0,-0.684992652914624,-1.85051033624031
"R_7OoxW9EzfNxUWpb","Massachusetts","Single site","Rosa",5,"At the same time due to no change in phenology","Invasive plant management ","6 to 10 years","Nongovernmental Organization",2025,6,1,0,-0.684992652914624,-0.537303438417083
"R_3GKeTuOGsGrWsBx","Michigan","Single site","Rosa",9,"Later due to changing phenology","Invasive plant management ","6 to 10 years","Academia/University",2025,6,1,1,-0.159651592452211,-0.537303438417083
"R_1HgGpL6ACrpRv4l","West Virginia","Multi-state network of sites","Rosa",15,"Earlier due to changing phenology","Invasive plant management ","10+ years","Industry/Private Sector",2025,10,1,1,0.628359998241409,0.77590345940614
"R_51b9eoP3TpoI1sr","Missouri"," Other (please specify)","Rosa",10,"At the same time despite changing phenology","Invasive plant management ","2 to 5 years"," Federal Government",2025,2,1,1,-0.0283163273366078,-1.85051033624031
"R_3E7cWMnIfvk6plg","Missouri","Network of sites within one state/province","Rosa",20,"At the same time due to no change in phenology","Invasive plant management ","10+ years","Other",2025,10,1,0,1.28503632381942,0.77590345940614
"R_5tyNGdytbIadKk9","Indiana","Network of sites within one state/province","Rosa",5,"Earlier due to changing phenology,Later due to changing phenology","Invasive plant management ","2 to 5 years","Nongovernmental Organization",2025,2,1,1,-0.684992652914624,-1.85051033624031
"R_537x22NmHs7hBVW","New York"," Other (please specify)","Rosa",9,"At the same time due to no change in phenology","Invasive plant management ","6 to 10 years","State Government",2025,6,1,0,-0.159651592452211,-0.537303438417083
"R_6QOOH4tKwngrOHn","Michigan","Network of sites within one state/province","Rosa",5,"At the same time due to no change in phenology","Invasive plant management ","2 to 5 years","Nongovernmental Organization",2025,2,1,0,-0.684992652914624,-1.85051033624031
"R_5pmY8oLxe5MTq3z","Missouri","Single site","Rosa",9,"At the same time due to no change in phenology","Invasive plant management ","10+ years","Nongovernmental Organization",2025,10,1,0,-0.159651592452211,0.77590345940614
"R_5I6qNXdl1mckd0K","Michigan","Network of sites within one state/province","Rosa",10,"Earlier or later for other reasons","Invasive plant management ","10+ years","State Government",2025,10,1,0,-0.0283163273366078,0.77590345940614
"R_7eyioy07o8xNtFD","Wisconsin","Multi-state network of sites","Rosa",5,"Later due to changing phenology","Invasive plant management ","2 to 5 years","Industry/Private Sector",2025,2,1,1,-0.684992652914624,-1.85051033624031
"R_1wGepviiEawT7xG","Pennsylvania"," Other (please specify)","Rosa",30,"At the same time due to no change in phenology","Invasive plant management ","10+ years","Industry/Private Sector",2025,10,1,0,2.59838897497546,0.77590345940614
"R_1gXD9kt66uL5qNb","Massachusetts","Network of sites within one state/province","Rosa",10,"Earlier or later for other reasons","Invasive plant management ","10+ years","Nongovernmental Organization",2025,10,1,0,-0.0283163273366078,0.77590345940614
"R_5FL0Dh9GY67xaof","Massachusetts","Single site","Rosa",40,"At the same time due to no change in phenology","Invasive plant management ","10+ years","City/Municipal Government",2025,10,1,0,3.91174162613149,0.77590345940614
"R_7GCx4T0QvASYfS2","Massachusetts","Network of sites within one state/province","Rosa",25,"Earlier or later for other reasons","Invasive plant management ","10+ years","Nongovernmental Organization",2025,10,1,0,1.94171264939744,0.77590345940614
"R_1rUYrs3htQ2RlNg","Massachusetts","Network of sites within one state/province","Rosa",NA,"At the same time due to no change in phenology","Invasive plant management ","10+ years","Nongovernmental Organization",2025,10,1,0,NA,0.77590345940614
"R_5GqXqu4hfRGN4Y4","Virginia","Network of sites within one state/province","Rosa",5,"At the same time despite changing phenology","Invasive plant management ","6 to 10 years","Nongovernmental Organization",2025,6,1,1,-0.684992652914624,-0.537303438417083
"R_1EiGIcVTKZ2CXkf","Maryland","Single site","Rosa",10,"At the same time due to no change in phenology","Invasive plant management ","6 to 10 years","Nongovernmental Organization",2025,6,1,0,-0.0283163273366078,-0.537303438417083
"R_7Vru9EQVgndVy1V","North Carolina","Network of sites within one state/province","Rosa",30,"At the same time due to no change in phenology","Invasive plant management ","6 to 10 years","County Government",2025,6,1,0,2.59838897497546,-0.537303438417083
"R_5oaOcorb0tWwDku","Maine","Network of sites within one state/province","Rosa",6,"Earlier due to changing phenology","Invasive plant management ","6 to 10 years","Nongovernmental Organization",2025,6,1,1,-0.553657387799021,-0.537303438417083
"R_5B5a3B4ABmQZKnh","Missouri","Single site","Rosa",20,"At the same time despite changing phenology","Invasive plant management ","10+ years","Nongovernmental Organization",2025,10,1,1,1.28503632381942,0.77590345940614
"R_1EhS8EtoQX5KeVO","Virginia"," Other (please specify)","Rosa",15,"At the same time despite changing phenology","Invasive plant management ","10+ years","City/Municipal Government",2025,10,1,1,0.628359998241409,0.77590345940614
"R_7q3sEFKcJH3jV4h","North Carolina","Multi-state network of sites","Rosa",10,"Earlier or later for other reasons","Invasive plant management ","6 to 10 years","Nongovernmental Organization",2025,6,1,0,-0.0283163273366078,-0.537303438417083
"R_3f2NE46NtdzB3GN","Missouri","Multi-state network of sites","Rosa",3,"Earlier due to changing phenology,Later due to changing phenology","Invasive plant management ","6 to 10 years","Nongovernmental Organization",2025,6,1,1,-0.947663183145831,-0.537303438417083
"R_6zI4045OheCWxD4","New York","Multi-state network of sites","Rosa",20,"At the same time due to no change in phenology","Invasive plant management ","10+ years","State Government",2025,10,1,0,1.28503632381942,0.77590345940614
"R_7916UIaOGbhT1AV","Indiana","Network of sites within one state/province","Rosa",4.75,"Later due to changing phenology","Invasive plant management ","2 to 5 years","County Government",2025,2,1,1,-0.717826469193525,-1.85051033624031
"R_3BXy7lTi8qCQ0cF","Indiana"," Other (please specify)","Rosa",16,"At the same time due to no change in phenology","Invasive plant management ","10+ years","Other",2025,10,1,0,0.759695263357012,0.77590345940614
"R_4DdacjI5qhmJw0t","Vermont","Multi-state network of sites","Rosa",10,"At the same time despite changing phenology","Invasive plant management ","10+ years","Industry/Private Sector",2025,10,1,1,-0.0283163273366078,0.77590345940614
"R_30xjQCBmlmzdGhK","Michigan","Network of sites within one state/province","Rosa",9,"At the same time due to no change in phenology","Invasive plant management ","10+ years","State Government",2025,10,1,0,-0.159651592452211,0.77590345940614
"R_6LM4zc5bR7utrq6","Wisconsin","Multi-state network of sites","Rosa",10,"At the same time due to no change in phenology","Invasive plant management ","10+ years","Industry/Private Sector",2025,10,1,0,-0.0283163273366078,0.77590345940614
"R_5cCxuqU3LPDqcRW","Wisconsin","Network of sites within one state/province","Rosa",9,"At the same time due to no change in phenology","Invasive plant management ","2 to 5 years","Nongovernmental Organization",2025,2,1,0,-0.159651592452211,-1.85051033624031
"R_3yNv77ves0EseE9","Massachusetts"," Other (please specify)","Rosa",2,"Earlier or later for other reasons,At the same time due to no change in phenology","Invasive plant management ","2 to 5 years","City/Municipal Government",2025,2,1,0,-1.07899844826143,-1.85051033624031
"R_6bkD5LQEewba1fb","New York","Network of sites within one state/province","Rosa",11,"At the same time due to no change in phenology","Invasive plant management ","6 to 10 years","Nongovernmental Organization",2025,6,1,0,0.103018937778995,-0.537303438417083
"R_7CIWuckyx3sjsAs","Ontario"," Other (please specify)","Rosa",10,"At the same time despite changing phenology","Invasive plant management ","6 to 10 years","Other",2025,6,1,1,-0.0283163273366078,-0.537303438417083
"R_69m69niC7eQvmfH","Massachusetts","Single site","Rosa",25,"At the same time due to no change in phenology","Invasive plant management ","10+ years","Other",2025,10,1,0,1.94171264939744,0.77590345940614
"R_7zisJUcklmC59IQ","Massachusetts"," Other (please specify)","Rosa",5,"At the same time despite changing phenology","Invasive plant management ","10+ years","Industry/Private Sector",2025,10,1,1,-0.684992652914624,0.77590345940614
"R_61GkUO5dWwqhCjj","Wisconsin","Network of sites within one state/province","Rosa",2,"At the same time due to no change in phenology","Invasive plant management ","10+ years","County Government",2025,10,1,0,-1.07899844826143,0.77590345940614
"R_3XCIHNhh88dMl1L","Massachusetts","Network of sites within one state/province","Rosa",3,"At the same time due to no change in phenology","Invasive plant management ","2 to 5 years","Nongovernmental Organization",2025,2,1,0,-0.947663183145831,-1.85051033624031
"R_6MSEK2WWyiJXX8f","Vermont","Network of sites within one state/province","Rosa",25,"At the same time despite changing phenology","Invasive plant management ","10+ years","Nongovernmental Organization",2025,10,1,1,1.94171264939744,0.77590345940614
"R_5P00Gb4S2nU4OfA","Ohio","Network of sites within one state/province","Rosa",10,"Earlier or later for other reasons","Invasive plant management ","10+ years","Nongovernmental Organization",2025,10,1,0,-0.0283163273366078,0.77590345940614
"R_6dEOH3nQWsRf2ff","Tennessee","Multi-state network of sites","Rosa",10,"At the same time due to no change in phenology","Invasive plant management ","10+ years","Nongovernmental Organization",2025,10,1,0,-0.0283163273366078,0.77590345940614
"R_3XrXjwaVmvGXoOJ","Maryland","Network of sites within one state/province","Acer",10,"At the same time due to no change in phenology","Invasive plant management ","10+ years","Industry/Private Sector",2025,10,1,0,-0.0283163273366078,0.77590345940614
"R_62Pxg5v9Zs16RJA","Ontario","Network of sites within one state/province","Acer",33,"At the same time due to no change in phenology","Invasive plant management ","10+ years","Industry/Private Sector",2025,10,1,0,2.99239477032227,0.77590345940614
"R_6t3t8fBbiQDgW3d","Maryland","Network of sites within one state/province","Acer",NA,"Later due to changing phenology","Invasive plant management ","6 to 10 years","State Government",2025,6,1,1,NA,-0.537303438417083
"R_3dKb9I322MuEgFz","Maine","Single site","Acer",5,"At the same time despite changing phenology","Invasive plant management ","10+ years","City/Municipal Government",2025,10,1,1,-0.684992652914624,0.77590345940614
"R_5UWrqrzzclD8FIu","Vermont","Multi-state network of sites","Acer",NA,"At the same time due to no change in phenology","Invasive plant management ","6 to 10 years","Industry/Private Sector",2025,6,1,0,NA,-0.537303438417083
"R_1LgxvH8g74WcAal","New York","Network of sites within one state/province","Acer",20,"Earlier or later for other reasons","Invasive plant management ","10+ years","City/Municipal Government",2025,10,1,0,1.28503632381942,0.77590345940614
"R_537x22NmHs7hBVW","New York"," Other (please specify)","Acer",5,"At the same time due to no change in phenology","Invasive plant management ","6 to 10 years","State Government",2025,6,1,0,-0.684992652914624,-0.537303438417083
"R_1wGepviiEawT7xG","Pennsylvania"," Other (please specify)","Acer",20,"At the same time due to no change in phenology","Invasive plant management ","10+ years","Industry/Private Sector",2025,10,1,0,1.28503632381942,0.77590345940614
"R_5FL0Dh9GY67xaof","Massachusetts","Single site","Acer",40,"At the same time due to no change in phenology","Invasive plant management ","10+ years","City/Municipal Government",2025,10,1,0,3.91174162613149,0.77590345940614
"R_7GCx4T0QvASYfS2","Massachusetts","Network of sites within one state/province","Acer",25,"Later due to changing phenology","Invasive plant management ","10+ years","Nongovernmental Organization",2025,10,1,1,1.94171264939744,0.77590345940614
"R_1EiGIcVTKZ2CXkf","Maryland","Single site","Acer",4,"At the same time due to no change in phenology","Invasive plant management ","6 to 10 years","Nongovernmental Organization",2025,6,1,0,-0.816327918030227,-0.537303438417083
"R_5B5a3B4ABmQZKnh","Missouri","Single site","Acer",9,"At the same time despite changing phenology","Invasive plant management ","10+ years","Nongovernmental Organization",2025,10,1,1,-0.159651592452211,0.77590345940614
"R_6LM4zc5bR7utrq6","Wisconsin","Multi-state network of sites","Acer",20,"At the same time due to no change in phenology","Invasive plant management ","10+ years","Industry/Private Sector",2025,10,1,0,1.28503632381942,0.77590345940614
"R_3yNv77ves0EseE9","Massachusetts"," Other (please specify)","Acer",1,"At the same time due to no change in phenology","Invasive plant management ","2 to 5 years","City/Municipal Government",2025,2,1,0,-1.21033371337704,-1.85051033624031
"R_7zisJUcklmC59IQ","Massachusetts"," Other (please specify)","Acer",3,"At the same time despite changing phenology","Invasive plant management ","10+ years","Industry/Private Sector",2025,10,1,1,-0.947663183145831,0.77590345940614
"R_61GkUO5dWwqhCjj","Wisconsin","Network of sites within one state/province","Acer",NA,"At the same time due to no change in phenology","Invasive plant management ","10+ years","County Government",2025,10,1,0,NA,0.77590345940614
"R_6MSEK2WWyiJXX8f","Vermont","Network of sites within one state/province","Acer",5,"At the same time despite changing phenology","Invasive plant management ","10+ years","Nongovernmental Organization",2025,10,1,1,-0.684992652914624,0.77590345940614
"R_6WYgJBttCwwhXSp","New York","Network of sites within one state/province","Phragmites",16,"At the same time due to no change in phenology","Invasive plant management ","10+ years","State Government",2025,10,1,0,0.759695263357012,0.77590345940614
"R_6ForFLcNvl9Gfip","Maine","Network of sites within one state/province","Phragmites",1,"At the same time due to no change in phenology","Invasive plant management ","2 to 5 years","State Government",2025,2,1,0,-1.21033371337704,-1.85051033624031
"R_5R23jr6FuDmhief","Massachusetts","Single site","Phragmites",4,"At the same time due to no change in phenology","Invasive plant management ","10+ years","Nongovernmental Organization",2025,10,1,0,-0.816327918030227,0.77590345940614
"R_7ezzjbfl2jdcxDx","Vermont","Network of sites within one state/province","Phragmites",25,"At the same time due to no change in phenology","Invasive plant management ","10+ years","Nongovernmental Organization",2025,10,1,0,1.94171264939744,0.77590345940614
"R_7V2SFyLI4BgpYkG","Ontario"," Other (please specify)","Phragmites",3,"At the same time due to no change in phenology","Invasive plant management ","10+ years","Nongovernmental Organization",2025,10,1,0,-0.947663183145831,0.77590345940614
"R_3XrXjwaVmvGXoOJ","Maryland","Network of sites within one state/province","Phragmites",15,"At the same time due to no change in phenology","Invasive plant management ","10+ years","Industry/Private Sector",2025,10,1,0,0.628359998241409,0.77590345940614
"R_62Pxg5v9Zs16RJA","Ontario","Network of sites within one state/province","Phragmites",25,"At the same time due to no change in phenology","Invasive plant management ","10+ years","Industry/Private Sector",2025,10,1,0,1.94171264939744,0.77590345940614
"R_3dKb9I322MuEgFz","Maine","Single site","Phragmites",8,"At the same time despite changing phenology","Invasive plant management ","10+ years","City/Municipal Government",2025,10,1,1,-0.290986857567814,0.77590345940614
"R_73eVhyZmS8L43ik","Maine","Network of sites within one state/province","Phragmites",NA,"At the same time despite changing phenology","Invasive plant management ","6 to 10 years","Tribal/First Nation",2025,6,1,1,NA,-0.537303438417083
"R_5UWrqrzzclD8FIu","Vermont","Multi-state network of sites","Phragmites",NA,"At the same time due to no change in phenology","Invasive plant management ","6 to 10 years","Industry/Private Sector",2025,6,1,0,NA,-0.537303438417083
"R_3SsX1syXYcf2oyl","Maine","Network of sites within one state/province","Phragmites",10,"Earlier due to changing phenology","Invasive plant management ","10+ years","Nongovernmental Organization",2025,10,1,1,-0.0283163273366078,0.77590345940614
"R_5JIsRlFQz08hfmF","Massachusetts","Single site","Phragmites",6,"Earlier or later for other reasons","Invasive plant management ","6 to 10 years","Nongovernmental Organization",2025,6,1,0,-0.553657387799021,-0.537303438417083
"R_5BQkPPSouGpr2Hg","Massachusetts","Multi-state network of sites","Phragmites",NA,"At the same time due to no change in phenology","Invasive plant management ","10+ years","Industry/Private Sector",2025,10,1,0,NA,0.77590345940614
"R_6oQyieKuImjkMkF","Minnesota","Network of sites within one state/province","Phragmites",1,"At the same time due to no change in phenology","Invasive plant management ","2 to 5 years","Nongovernmental Organization",2025,2,1,0,-1.21033371337704,-1.85051033624031
"R_5iL3nUBoeV7F8Kx","Minnesota","Network of sites within one state/province","Phragmites",2,"At the same time despite changing phenology","Invasive plant management ","10+ years","City/Municipal Government",2025,10,1,1,-1.07899844826143,0.77590345940614
"R_3zHHEZE9YczuVki","Indiana"," Other (please specify)","Phragmites",4,"At the same time due to no change in phenology","Invasive plant management ","2 to 5 years","Other",2025,2,1,0,-0.816327918030227,-1.85051033624031
"R_30JFe2RxkYRhFAk","Michigan","Network of sites within one state/province","Phragmites",16,"Earlier due to changing phenology","Invasive plant management ","10+ years","Nongovernmental Organization",2025,10,1,1,0.759695263357012,0.77590345940614
"R_7iTaBPxUwzHaGg9","Michigan","Network of sites within one state/province","Phragmites",15,"Later due to changing phenology","Invasive plant management ","10+ years","State Government",2025,10,1,1,0.628359998241409,0.77590345940614
"R_6CfNNocJljlizu5","Michigan","Network of sites within one state/province","Phragmites",10,"At the same time due to no change in phenology","Invasive plant management ","10+ years"," Federal Government",2025,10,1,0,-0.0283163273366078,0.77590345940614
"R_7OoxW9EzfNxUWpb","Massachusetts","Single site","Phragmites",3,"Earlier due to changing phenology","Invasive plant management ","6 to 10 years","Nongovernmental Organization",2025,6,1,1,-0.947663183145831,-0.537303438417083
"R_537x22NmHs7hBVW","New York"," Other (please specify)","Phragmites",9,"At the same time due to no change in phenology","Invasive plant management ","6 to 10 years","State Government",2025,6,1,0,-0.159651592452211,-0.537303438417083
"R_6QOOH4tKwngrOHn","Michigan","Network of sites within one state/province","Phragmites",10,"Earlier due to changing phenology","Invasive plant management ","2 to 5 years","Nongovernmental Organization",2025,2,1,1,-0.0283163273366078,-1.85051033624031
"R_5pmY8oLxe5MTq3z","Missouri","Single site","Phragmites",7,"At the same time due to no change in phenology","Invasive plant management ","10+ years","Nongovernmental Organization",2025,10,1,0,-0.422322122683418,0.77590345940614
"R_1JL9iDUjnpJZLQR","New York","Network of sites within one state/province","Phragmites",5,"Later due to changing phenology","Invasive plant management ","6 to 10 years","State Government",2025,6,1,1,-0.684992652914624,-0.537303438417083
"R_5I6qNXdl1mckd0K","Michigan","Network of sites within one state/province","Phragmites",4,"Earlier or later for other reasons","Invasive plant management ","10+ years","State Government",2025,10,1,0,-0.816327918030227,0.77590345940614
"R_7eyioy07o8xNtFD","Wisconsin","Multi-state network of sites","Phragmites",5,"Earlier due to changing phenology","Invasive plant management ","2 to 5 years","Industry/Private Sector",2025,2,1,1,-0.684992652914624,-1.85051033624031
"R_1wGepviiEawT7xG","Pennsylvania"," Other (please specify)","Phragmites",15,"At the same time due to no change in phenology","Invasive plant management ","10+ years","Industry/Private Sector",2025,10,1,0,0.628359998241409,0.77590345940614
"R_1rUYrs3htQ2RlNg","Massachusetts","Network of sites within one state/province","Phragmites",NA,"At the same time due to no change in phenology","Invasive plant management ","10+ years","Nongovernmental Organization",2025,10,1,0,NA,0.77590345940614
"R_5oaOcorb0tWwDku","Maine","Network of sites within one state/province","Phragmites",2,"At the same time due to no change in phenology","Invasive plant management ","6 to 10 years","Nongovernmental Organization",2025,6,1,0,-1.07899844826143,-0.537303438417083
"R_6zI4045OheCWxD4","New York","Multi-state network of sites","Phragmites",20,"Earlier or later for other reasons","Invasive plant management ","10+ years","State Government",2025,10,1,0,1.28503632381942,0.77590345940614
"R_7916UIaOGbhT1AV","Indiana","Network of sites within one state/province","Phragmites",4.75,"Earlier due to changing phenology","Invasive plant management ","2 to 5 years","County Government",2025,2,1,1,-0.717826469193525,-1.85051033624031
"R_4DdacjI5qhmJw0t","Vermont","Multi-state network of sites","Phragmites",10,"Later due to changing phenology","Invasive plant management ","10+ years","Industry/Private Sector",2025,10,1,1,-0.0283163273366078,0.77590345940614
"R_30xjQCBmlmzdGhK","Michigan","Network of sites within one state/province","Phragmites",9,"At the same time due to no change in phenology","Invasive plant management ","10+ years","State Government",2025,10,1,0,-0.159651592452211,0.77590345940614
"R_6LM4zc5bR7utrq6","Wisconsin","Multi-state network of sites","Phragmites",10,"At the same time due to no change in phenology","Invasive plant management ","10+ years","Industry/Private Sector",2025,10,1,0,-0.0283163273366078,0.77590345940614
"R_6xnYQypkLxxXJct","Michigan","Multi-state network of sites","Phragmites",11,"At the same time due to no change in phenology","Invasive plant management ","10+ years","Nongovernmental Organization",2025,10,1,0,0.103018937778995,0.77590345940614
"R_6bkD5LQEewba1fb","New York","Network of sites within one state/province","Phragmites",11,"At the same time due to no change in phenology","Invasive plant management ","6 to 10 years","Nongovernmental Organization",2025,6,1,0,0.103018937778995,-0.537303438417083
"R_7q9CGoR98EHdtT8","Wisconsin","Single site","Phragmites",10,"Earlier due to changing phenology","Invasive plant management ","10+ years","Industry/Private Sector",2025,10,1,1,-0.0283163273366078,0.77590345940614
"R_3oKFNE7EJdtd7QR","Wisconsin","Network of sites within one state/province","Phragmites",3,"At the same time due to no change in phenology","Other (I work with invasive plants but not as a manager, researcher, or extension)","10+ years","Industry/Private Sector",2025,10,1,0,-0.947663183145831,0.77590345940614
"R_7CIWuckyx3sjsAs","Ontario"," Other (please specify)","Phragmites",10,"Earlier due to changing phenology","Invasive plant management ","6 to 10 years","Other",2025,6,1,1,-0.0283163273366078,-0.537303438417083
"R_6SkIALEEmjd49Yq","Rhode Island","Single site","Phragmites",1,"Earlier or later for other reasons","Invasive plant management ","2 to 5 years","Nongovernmental Organization",2025,2,1,0,-1.21033371337704,-1.85051033624031
"R_7zisJUcklmC59IQ","Massachusetts"," Other (please specify)","Phragmites",3,"At the same time despite changing phenology","Invasive plant management ","10+ years","Industry/Private Sector",2025,10,1,1,-0.947663183145831,0.77590345940614
"R_1WY82cNkvl3SfQt","Massachusetts"," Other (please specify)","Phragmites",9,"At the same time due to no change in phenology","Invasive plant management ","6 to 10 years","City/Municipal Government",2025,6,1,0,-0.159651592452211,-0.537303438417083
"R_6WYgJBttCwwhXSp","New York","Network of sites within one state/province","Cytisus",5,"At the same time due to no change in phenology","Invasive plant management ","10+ years","State Government",2025,10,1,0,-0.684992652914624,0.77590345940614
"R_5R23jr6FuDmhief","Massachusetts","Single site","Cytisus",4,"At the same time due to no change in phenology","Invasive plant management ","10+ years","Nongovernmental Organization",2025,10,1,0,-0.816327918030227,0.77590345940614
"R_3XrXjwaVmvGXoOJ","Maryland","Network of sites within one state/province","Cytisus",5,"At the same time due to no change in phenology","Invasive plant management ","10+ years","Industry/Private Sector",2025,10,1,0,-0.684992652914624,0.77590345940614
"R_6zI4045OheCWxD4","New York","Multi-state network of sites","Cytisus",5,"At the same time due to no change in phenology","Invasive plant management ","10+ years","State Government",2025,10,1,0,-0.684992652914624,0.77590345940614
"R_6WYgJBttCwwhXSp","New York","Network of sites within one state/province","Centaurea",14,"At the same time due to no change in phenology","Invasive plant management ","10+ years","State Government",2025,10,1,0,0.497024733125805,0.77590345940614
"R_5R23jr6FuDmhief","Massachusetts","Single site","Centaurea",10,"Earlier due to changing phenology","Invasive plant management ","10+ years","Nongovernmental Organization",2025,10,1,1,-0.0283163273366078,0.77590345940614
"R_1HSUmXBNOowEz38","Michigan","Single site","Centaurea",2,"At the same time due to no change in phenology","Invasive plant management ","6 to 10 years","Nongovernmental Organization",2025,6,1,0,-1.07899844826143,-0.537303438417083
"R_3XrXjwaVmvGXoOJ","Maryland","Network of sites within one state/province","Centaurea",10,"At the same time due to no change in phenology","Invasive plant management ","10+ years","Industry/Private Sector",2025,10,1,0,-0.0283163273366078,0.77590345940614
"R_5UWrqrzzclD8FIu","Vermont","Multi-state network of sites","Centaurea",NA,"At the same time due to no change in phenology","Invasive plant management ","6 to 10 years","Industry/Private Sector",2025,6,1,0,NA,-0.537303438417083
"R_5JIsRlFQz08hfmF","Massachusetts","Single site","Centaurea",6,"Earlier or later for other reasons","Invasive plant management ","6 to 10 years","Nongovernmental Organization",2025,6,1,0,-0.553657387799021,-0.537303438417083
"R_3lIwOYVE6uiBLFL","Missouri","Network of sites within one state/province","Centaurea",6,"At the same time due to no change in phenology","Invasive plant management ","6 to 10 years","Nongovernmental Organization",2025,6,1,0,-0.553657387799021,-0.537303438417083
"R_6oQyieKuImjkMkF","Minnesota","Network of sites within one state/province","Centaurea",3,"At the same time due to no change in phenology","Invasive plant management ","2 to 5 years","Nongovernmental Organization",2025,2,1,0,-0.947663183145831,-1.85051033624031
"R_5iL3nUBoeV7F8Kx","Minnesota","Network of sites within one state/province","Centaurea",15,"Earlier due to changing phenology","Invasive plant management ","10+ years","City/Municipal Government",2025,10,1,1,0.628359998241409,0.77590345940614
"R_7iTaBPxUwzHaGg9","Michigan","Network of sites within one state/province","Centaurea",18,"Earlier due to changing phenology","Invasive plant management ","10+ years","State Government",2025,10,1,1,1.02236579358822,0.77590345940614
"R_7LZIwVNGpe3KgTI","Wisconsin","Network of sites within one state/province","Centaurea",5,"Earlier or later for other reasons","Invasive plant management ","2 to 5 years","Nongovernmental Organization",2025,2,1,0,-0.684992652914624,-1.85051033624031
"R_6CfNNocJljlizu5","Michigan","Network of sites within one state/province","Centaurea",10,"At the same time due to no change in phenology","Invasive plant management ","10+ years"," Federal Government",2025,10,1,0,-0.0283163273366078,0.77590345940614
"R_7OoxW9EzfNxUWpb","Massachusetts","Single site","Centaurea",5,"Earlier due to changing phenology","Invasive plant management ","6 to 10 years","Nongovernmental Organization",2025,6,1,1,-0.684992652914624,-0.537303438417083
"R_3E7cWMnIfvk6plg","Missouri","Network of sites within one state/province","Centaurea",10,"At the same time due to no change in phenology","Invasive plant management ","10+ years","Other",2025,10,1,0,-0.0283163273366078,0.77590345940614
"R_537x22NmHs7hBVW","New York"," Other (please specify)","Centaurea",5,"At the same time due to no change in phenology","Invasive plant management ","6 to 10 years","State Government",2025,6,1,0,-0.684992652914624,-0.537303438417083
"R_1JL9iDUjnpJZLQR","New York","Network of sites within one state/province","Centaurea",3,"At the same time due to no change in phenology","Invasive plant management ","6 to 10 years","State Government",2025,6,1,0,-0.947663183145831,-0.537303438417083
"R_5I6qNXdl1mckd0K","Michigan","Network of sites within one state/province","Centaurea",10,"Earlier or later for other reasons","Invasive plant management ","10+ years","State Government",2025,10,1,0,-0.0283163273366078,0.77590345940614
"R_7eyioy07o8xNtFD","Wisconsin","Multi-state network of sites","Centaurea",5,"Earlier due to changing phenology","Invasive plant management ","2 to 5 years","Industry/Private Sector",2025,2,1,1,-0.684992652914624,-1.85051033624031
"R_1wGepviiEawT7xG","Pennsylvania"," Other (please specify)","Centaurea",NA,"At the same time due to no change in phenology","Invasive plant management ","10+ years","Industry/Private Sector",2025,10,1,0,NA,0.77590345940614
"R_5oaOcorb0tWwDku","Maine","Network of sites within one state/province","Centaurea",3,"At the same time due to no change in phenology","Invasive plant management ","6 to 10 years","Nongovernmental Organization",2025,6,1,0,-0.947663183145831,-0.537303438417083
"R_7q3sEFKcJH3jV4h","North Carolina","Multi-state network of sites","Centaurea",5,"At the same time despite changing phenology","Invasive plant management ","6 to 10 years","Nongovernmental Organization",2025,6,1,1,-0.684992652914624,-0.537303438417083
"R_6zI4045OheCWxD4","New York","Multi-state network of sites","Centaurea",15,"At the same time due to no change in phenology","Invasive plant management ","10+ years","State Government",2025,10,1,0,0.628359998241409,0.77590345940614
"R_4DdacjI5qhmJw0t","Vermont","Multi-state network of sites","Centaurea",10,"At the same time despite changing phenology","Invasive plant management ","10+ years","Industry/Private Sector",2025,10,1,1,-0.0283163273366078,0.77590345940614
"R_3ccJaCdsXnlVJg6","Minnesota","Single site","Centaurea",6,"At the same time due to no change in phenology","Invasive plant management ","10+ years","Academia/University",2025,10,1,0,-0.553657387799021,0.77590345940614
"R_6LM4zc5bR7utrq6","Wisconsin","Multi-state network of sites","Centaurea",20,"At the same time due to no change in phenology","Invasive plant management ","10+ years","Industry/Private Sector",2025,10,1,0,1.28503632381942,0.77590345940614
"R_5E49JE842qi5GJr","Massachusetts","Single site","Centaurea",1,"Earlier or later for other reasons","Invasive plant management ","2 to 5 years","Nongovernmental Organization",2025,2,1,0,-1.21033371337704,-1.85051033624031
"R_6MSEK2WWyiJXX8f","Vermont","Network of sites within one state/province","Centaurea",5,"Earlier due to changing phenology","Invasive plant management ","10+ years","Nongovernmental Organization",2025,10,1,1,-0.684992652914624,0.77590345940614
"R_6WYgJBttCwwhXSp","New York","Network of sites within one state/province","Ailanthis",15,"At the same time due to no change in phenology","Invasive plant management ","10+ years","State Government",2025,10,1,0,0.628359998241409,0.77590345940614
"R_3XrXjwaVmvGXoOJ","Maryland","Network of sites within one state/province","Ailanthis",15,"At the same time due to no change in phenology","Invasive plant management ","10+ years","Industry/Private Sector",2025,10,1,0,0.628359998241409,0.77590345940614
"R_62Pxg5v9Zs16RJA","Ontario","Network of sites within one state/province","Ailanthis",33,"At the same time due to no change in phenology","Invasive plant management ","10+ years","Industry/Private Sector",2025,10,1,0,2.99239477032227,0.77590345940614
"R_6t3t8fBbiQDgW3d","Maryland","Network of sites within one state/province","Ailanthis",NA,"Later due to changing phenology","Invasive plant management ","6 to 10 years","State Government",2025,6,1,1,NA,-0.537303438417083
"R_5UWrqrzzclD8FIu","Vermont","Multi-state network of sites","Ailanthis",NA,"At the same time due to no change in phenology","Invasive plant management ","6 to 10 years","Industry/Private Sector",2025,6,1,0,NA,-0.537303438417083
"R_5JIsRlFQz08hfmF","Massachusetts","Single site","Ailanthis",2,"Earlier or later for other reasons","Invasive plant management ","6 to 10 years","Nongovernmental Organization",2025,6,1,0,-1.07899844826143,-0.537303438417083
"R_5BQkPPSouGpr2Hg","Massachusetts","Multi-state network of sites","Ailanthis",NA,"At the same time due to no change in phenology","Invasive plant management ","10+ years","Industry/Private Sector",2025,10,1,0,NA,0.77590345940614
"R_3lIwOYVE6uiBLFL","Missouri","Network of sites within one state/province","Ailanthis",6,"At the same time due to no change in phenology","Invasive plant management ","6 to 10 years","Nongovernmental Organization",2025,6,1,0,-0.553657387799021,-0.537303438417083
"R_3zHHEZE9YczuVki","Indiana"," Other (please specify)","Ailanthis",3,"At the same time due to no change in phenology","Invasive plant management ","2 to 5 years","Other",2025,2,1,0,-0.947663183145831,-1.85051033624031
"R_1LgxvH8g74WcAal","New York","Network of sites within one state/province","Ailanthis",16,"Earlier or later for other reasons","Invasive plant management ","10+ years","City/Municipal Government",2025,10,1,0,0.759695263357012,0.77590345940614
"R_7iTaBPxUwzHaGg9","Michigan","Network of sites within one state/province","Ailanthis",15,"At the same time despite changing phenology","Invasive plant management ","10+ years","State Government",2025,10,1,1,0.628359998241409,0.77590345940614
"R_7LZIwVNGpe3KgTI","Wisconsin","Network of sites within one state/province","Ailanthis",3,"At the same time due to no change in phenology","Invasive plant management ","2 to 5 years","Nongovernmental Organization",2025,2,1,0,-0.947663183145831,-1.85051033624031
"R_7OoxW9EzfNxUWpb","Massachusetts","Single site","Ailanthis",1,"At the same time due to no change in phenology","Invasive plant management ","6 to 10 years","Nongovernmental Organization",2025,6,1,0,-1.21033371337704,-0.537303438417083
"R_3GKeTuOGsGrWsBx","Michigan","Single site","Ailanthis",9,"Later due to changing phenology","Invasive plant management ","6 to 10 years","Academia/University",2025,6,1,1,-0.159651592452211,-0.537303438417083
"R_51b9eoP3TpoI1sr","Missouri"," Other (please specify)","Ailanthis",20,"At the same time despite changing phenology","Invasive plant management ","2 to 5 years"," Federal Government",2025,2,1,1,1.28503632381942,-1.85051033624031
"R_3E7cWMnIfvk6plg","Missouri","Network of sites within one state/province","Ailanthis",4,"At the same time due to no change in phenology","Invasive plant management ","10+ years","Other",2025,10,1,0,-0.816327918030227,0.77590345940614
"R_5QMdxsTPIB3Ml3K","Maryland","Network of sites within one state/province","Ailanthis",3,"At the same time due to no change in phenology","Invasive plant management ","10+ years","City/Municipal Government",2025,10,1,0,-0.947663183145831,0.77590345940614
"R_537x22NmHs7hBVW","New York"," Other (please specify)","Ailanthis",2,"At the same time due to no change in phenology","Invasive plant management ","6 to 10 years","State Government",2025,6,1,0,-1.07899844826143,-0.537303438417083
"R_6QOOH4tKwngrOHn","Michigan","Network of sites within one state/province","Ailanthis",5,"At the same time despite changing phenology","Invasive plant management ","2 to 5 years","Nongovernmental Organization",2025,2,1,1,-0.684992652914624,-1.85051033624031
"R_5pmY8oLxe5MTq3z","Missouri","Single site","Ailanthis",9,"At the same time due to no change in phenology","Invasive plant management ","10+ years","Nongovernmental Organization",2025,10,1,0,-0.159651592452211,0.77590345940614
"R_5I6qNXdl1mckd0K","Michigan","Network of sites within one state/province","Ailanthis",2,"Earlier or later for other reasons","Invasive plant management ","10+ years","State Government",2025,10,1,0,-1.07899844826143,0.77590345940614
"R_1wGepviiEawT7xG","Pennsylvania"," Other (please specify)","Ailanthis",35,"At the same time due to no change in phenology","Invasive plant management ","10+ years","Industry/Private Sector",2025,10,1,0,3.25506530055347,0.77590345940614
"R_7GCx4T0QvASYfS2","Massachusetts","Network of sites within one state/province","Ailanthis",25,"Earlier or later for other reasons","Invasive plant management ","10+ years","Nongovernmental Organization",2025,10,1,0,1.94171264939744,0.77590345940614
"R_1EiGIcVTKZ2CXkf","Maryland","Single site","Ailanthis",4,"At the same time due to no change in phenology","Invasive plant management ","6 to 10 years","Nongovernmental Organization",2025,6,1,0,-0.816327918030227,-0.537303438417083
"R_7Vru9EQVgndVy1V","North Carolina","Network of sites within one state/province","Ailanthis",30,"At the same time due to no change in phenology","Invasive plant management ","6 to 10 years","County Government",2025,6,1,0,2.59838897497546,-0.537303438417083
"R_5B5a3B4ABmQZKnh","Missouri","Single site","Ailanthis",9,"Earlier or later for other reasons","Invasive plant management ","10+ years","Nongovernmental Organization",2025,10,1,0,-0.159651592452211,0.77590345940614
"R_1EhS8EtoQX5KeVO","Virginia"," Other (please specify)","Ailanthis",5,"At the same time despite changing phenology","Invasive plant management ","10+ years","City/Municipal Government",2025,10,1,1,-0.684992652914624,0.77590345940614
"R_7q3sEFKcJH3jV4h","North Carolina","Multi-state network of sites","Ailanthis",10,"At the same time despite changing phenology","Invasive plant management ","6 to 10 years","Nongovernmental Organization",2025,6,1,1,-0.0283163273366078,-0.537303438417083
"R_3f2NE46NtdzB3GN","Missouri","Multi-state network of sites","Ailanthis",3,"Later due to changing phenology","Invasive plant management ","6 to 10 years","Nongovernmental Organization",2025,6,1,1,-0.947663183145831,-0.537303438417083
"R_6zI4045OheCWxD4","New York","Multi-state network of sites","Ailanthis",15,"Earlier or later for other reasons","Invasive plant management ","10+ years","State Government",2025,10,1,0,0.628359998241409,0.77590345940614
"R_7916UIaOGbhT1AV","Indiana","Network of sites within one state/province","Ailanthis",4.75,"Earlier due to changing phenology,Later due to changing phenology","Invasive plant management ","2 to 5 years","County Government",2025,2,1,1,-0.717826469193525,-1.85051033624031
"R_3BXy7lTi8qCQ0cF","Indiana"," Other (please specify)","Ailanthis",3,"At the same time due to no change in phenology","Invasive plant management ","10+ years","Other",2025,10,1,0,-0.947663183145831,0.77590345940614
"R_30xjQCBmlmzdGhK","Michigan","Network of sites within one state/province","Ailanthis",9,"At the same time due to no change in phenology","Invasive plant management ","10+ years","State Government",2025,10,1,0,-0.159651592452211,0.77590345940614
"R_5cCxuqU3LPDqcRW","Wisconsin","Network of sites within one state/province","Ailanthis",0,"At the same time due to no change in phenology","Invasive plant management ","2 to 5 years","Nongovernmental Organization",2025,2,1,0,-1.34166897849264,-1.85051033624031
"R_3yNv77ves0EseE9","Massachusetts"," Other (please specify)","Ailanthis",1,"At the same time due to no change in phenology","Invasive plant management ","2 to 5 years","City/Municipal Government",2025,2,1,0,-1.21033371337704,-1.85051033624031
"R_52slHOREy0viarS","Virginia","Network of sites within one state/province","Ailanthis",3,"At the same time due to no change in phenology","Invasive plant management ","2 to 5 years","City/Municipal Government",2025,2,1,0,-0.947663183145831,-1.85051033624031
"R_7zisJUcklmC59IQ","Massachusetts"," Other (please specify)","Ailanthis",3,"At the same time despite changing phenology","Invasive plant management ","10+ years","Industry/Private Sector",2025,10,1,1,-0.947663183145831,0.77590345940614
"R_1WY82cNkvl3SfQt","Massachusetts"," Other (please specify)","Ailanthis",6,"At the same time due to no change in phenology","Invasive plant management ","6 to 10 years","City/Municipal Government",2025,6,1,0,-0.553657387799021,-0.537303438417083
"R_61GkUO5dWwqhCjj","Wisconsin","Network of sites within one state/province","Ailanthis",NA,"At the same time due to no change in phenology","Invasive plant management ","10+ years","County Government",2025,10,1,0,NA,0.77590345940614
"R_3XCIHNhh88dMl1L","Massachusetts","Network of sites within one state/province","Ailanthis",5,"At the same time due to no change in phenology","Invasive plant management ","2 to 5 years","Nongovernmental Organization",2025,2,1,0,-0.684992652914624,-1.85051033624031
"R_6dEOH3nQWsRf2ff","Tennessee","Multi-state network of sites","Ailanthis",10,"At the same time due to no change in phenology","Invasive plant management ","10+ years","Nongovernmental Organization",2025,10,1,0,-0.0283163273366078,0.77590345940614
"R_7V2SFyLI4BgpYkG","Ontario"," Other (please specify)","Pastinaca",1,"At the same time due to no change in phenology","Invasive plant management ","10+ years","Nongovernmental Organization",2025,10,1,0,-1.21033371337704,0.77590345940614
"R_3XrXjwaVmvGXoOJ","Maryland","Network of sites within one state/province","Pastinaca",5,"At the same time due to no change in phenology","Invasive plant management ","10+ years","Industry/Private Sector",2025,10,1,0,-0.684992652914624,0.77590345940614
"R_62Pxg5v9Zs16RJA","Ontario","Network of sites within one state/province","Pastinaca",20,"At the same time due to no change in phenology","Invasive plant management ","10+ years","Industry/Private Sector",2025,10,1,0,1.28503632381942,0.77590345940614
"R_5UWrqrzzclD8FIu","Vermont","Multi-state network of sites","Pastinaca",NA,"At the same time due to no change in phenology","Invasive plant management ","6 to 10 years","Industry/Private Sector",2025,6,1,0,NA,-0.537303438417083
"R_5JIsRlFQz08hfmF","Massachusetts","Single site","Pastinaca",4,"Earlier or later for other reasons","Invasive plant management ","6 to 10 years","Nongovernmental Organization",2025,6,1,0,-0.816327918030227,-0.537303438417083
"R_6oQyieKuImjkMkF","Minnesota","Network of sites within one state/province","Pastinaca",6,"Earlier due to changing phenology","Invasive plant management ","2 to 5 years","Nongovernmental Organization",2025,2,1,1,-0.553657387799021,-1.85051033624031
"R_5iL3nUBoeV7F8Kx","Minnesota","Network of sites within one state/province","Pastinaca",15,"Earlier due to changing phenology","Invasive plant management ","10+ years","City/Municipal Government",2025,10,1,1,0.628359998241409,0.77590345940614
"R_3zHHEZE9YczuVki","Indiana"," Other (please specify)","Pastinaca",3,"At the same time due to no change in phenology","Invasive plant management ","2 to 5 years","Other",2025,2,1,0,-0.947663183145831,-1.85051033624031
"R_7iTaBPxUwzHaGg9","Michigan","Network of sites within one state/province","Pastinaca",12,"Earlier due to changing phenology","Invasive plant management ","10+ years","State Government",2025,10,1,1,0.234354202894599,0.77590345940614
"R_7LZIwVNGpe3KgTI","Wisconsin","Network of sites within one state/province","Pastinaca",5,"Earlier or later for other reasons","Invasive plant management ","2 to 5 years","Nongovernmental Organization",2025,2,1,0,-0.684992652914624,-1.85051033624031
"R_7OoxW9EzfNxUWpb","Massachusetts","Single site","Pastinaca",5,"Earlier due to changing phenology","Invasive plant management ","6 to 10 years","Nongovernmental Organization",2025,6,1,1,-0.684992652914624,-0.537303438417083
"R_1JL9iDUjnpJZLQR","New York","Network of sites within one state/province","Pastinaca",3,"At the same time due to no change in phenology","Invasive plant management ","6 to 10 years","State Government",2025,6,1,0,-0.947663183145831,-0.537303438417083
"R_7eyioy07o8xNtFD","Wisconsin","Multi-state network of sites","Pastinaca",5,"Earlier due to changing phenology","Invasive plant management ","2 to 5 years","Industry/Private Sector",2025,2,1,1,-0.684992652914624,-1.85051033624031
"R_1wGepviiEawT7xG","Pennsylvania"," Other (please specify)","Pastinaca",20,"At the same time due to no change in phenology","Invasive plant management ","10+ years","Industry/Private Sector",2025,10,1,0,1.28503632381942,0.77590345940614
"R_5FL0Dh9GY67xaof","Massachusetts","Single site","Pastinaca",30,"At the same time due to no change in phenology","Invasive plant management ","10+ years","City/Municipal Government",2025,10,1,0,2.59838897497546,0.77590345940614
"R_3BXy7lTi8qCQ0cF","Indiana"," Other (please specify)","Pastinaca",3,"Earlier due to changing phenology","Invasive plant management ","10+ years","Other",2025,10,1,1,-0.947663183145831,0.77590345940614
"R_4DdacjI5qhmJw0t","Vermont","Multi-state network of sites","Pastinaca",10,"At the same time despite changing phenology","Invasive plant management ","10+ years","Industry/Private Sector",2025,10,1,1,-0.0283163273366078,0.77590345940614
"R_3ccJaCdsXnlVJg6","Minnesota","Single site","Pastinaca",30,"At the same time due to no change in phenology","Invasive plant management ","10+ years","Academia/University",2025,10,1,0,2.59838897497546,0.77590345940614
"R_30xjQCBmlmzdGhK","Michigan","Network of sites within one state/province","Pastinaca",6,"At the same time due to no change in phenology","Invasive plant management ","10+ years","State Government",2025,10,1,0,-0.553657387799021,0.77590345940614
"R_6LM4zc5bR7utrq6","Wisconsin","Multi-state network of sites","Pastinaca",15,"At the same time due to no change in phenology","Invasive plant management ","10+ years","Industry/Private Sector",2025,10,1,0,0.628359998241409,0.77590345940614
"R_6xnYQypkLxxXJct","Michigan","Multi-state network of sites","Pastinaca",11,"Earlier due to changing phenology","Invasive plant management ","10+ years","Nongovernmental Organization",2025,10,1,1,0.103018937778995,0.77590345940614
"R_5cCxuqU3LPDqcRW","Wisconsin","Network of sites within one state/province","Pastinaca",9,"Earlier due to changing phenology","Invasive plant management ","2 to 5 years","Nongovernmental Organization",2025,2,1,1,-0.159651592452211,-1.85051033624031
"R_7q9CGoR98EHdtT8","Wisconsin","Single site","Pastinaca",10,"Earlier due to changing phenology","Invasive plant management ","10+ years","Industry/Private Sector",2025,10,1,1,-0.0283163273366078,0.77590345940614
"R_3oKFNE7EJdtd7QR","Wisconsin","Network of sites within one state/province","Pastinaca",5,"At the same time due to no change in phenology","Other (I work with invasive plants but not as a manager, researcher, or extension)","10+ years","Industry/Private Sector",2025,10,1,0,-0.684992652914624,0.77590345940614
"R_7CIWuckyx3sjsAs","Ontario"," Other (please specify)","Pastinaca",10,"At the same time despite changing phenology","Invasive plant management ","6 to 10 years","Other",2025,6,1,1,-0.0283163273366078,-0.537303438417083
"R_6MSEK2WWyiJXX8f","Vermont","Network of sites within one state/province","Pastinaca",7,"At the same time despite changing phenology","Invasive plant management ","10+ years","Nongovernmental Organization",2025,10,1,1,-0.422322122683418,0.77590345940614
"R_3XrXjwaVmvGXoOJ","Maryland","Network of sites within one state/province","Ligustrum",10,"At the same time due to no change in phenology","Invasive plant management ","10+ years","Industry/Private Sector",2025,10,1,0,-0.0283163273366078,0.77590345940614
"R_62Pxg5v9Zs16RJA","Ontario","Network of sites within one state/province","Ligustrum",33,"At the same time due to no change in phenology","Invasive plant management ","10+ years","Industry/Private Sector",2025,10,1,0,2.99239477032227,0.77590345940614
"R_6t3t8fBbiQDgW3d","Maryland","Network of sites within one state/province","Ligustrum",NA,"Later due to changing phenology","Invasive plant management ","6 to 10 years","State Government",2025,6,1,1,NA,-0.537303438417083
"R_3dKb9I322MuEgFz","Maine","Single site","Ligustrum",4,"At the same time despite changing phenology","Invasive plant management ","10+ years","City/Municipal Government",2025,10,1,1,-0.816327918030227,0.77590345940614
"R_5UWrqrzzclD8FIu","Vermont","Multi-state network of sites","Ligustrum",NA,"At the same time due to no change in phenology","Invasive plant management ","6 to 10 years","Industry/Private Sector",2025,6,1,0,NA,-0.537303438417083
"R_5JIsRlFQz08hfmF","Massachusetts","Single site","Ligustrum",6,"Earlier or later for other reasons","Invasive plant management ","6 to 10 years","Nongovernmental Organization",2025,6,1,0,-0.553657387799021,-0.537303438417083
"R_3zHHEZE9YczuVki","Indiana"," Other (please specify)","Ligustrum",10,"At the same time due to no change in phenology","Invasive plant management ","2 to 5 years","Other",2025,2,1,0,-0.0283163273366078,-1.85051033624031
"R_7iTaBPxUwzHaGg9","Michigan","Network of sites within one state/province","Ligustrum",12,"At the same time despite changing phenology","Invasive plant management ","10+ years","State Government",2025,10,1,1,0.234354202894599,0.77590345940614
"R_7OoxW9EzfNxUWpb","Massachusetts","Single site","Ligustrum",1,"At the same time due to no change in phenology","Invasive plant management ","6 to 10 years","Nongovernmental Organization",2025,6,1,0,-1.21033371337704,-0.537303438417083
"R_3GKeTuOGsGrWsBx","Michigan","Single site","Ligustrum",9,"Later due to changing phenology","Invasive plant management ","6 to 10 years","Academia/University",2025,6,1,1,-0.159651592452211,-0.537303438417083
"R_1HgGpL6ACrpRv4l","West Virginia","Multi-state network of sites","Ligustrum",15,"Earlier due to changing phenology","Invasive plant management ","10+ years","Industry/Private Sector",2025,10,1,1,0.628359998241409,0.77590345940614
"R_51b9eoP3TpoI1sr","Missouri"," Other (please specify)","Ligustrum",20,"At the same time despite changing phenology","Invasive plant management ","2 to 5 years"," Federal Government",2025,2,1,1,1.28503632381942,-1.85051033624031
"R_3E7cWMnIfvk6plg","Missouri","Network of sites within one state/province","Ligustrum",5,"At the same time due to no change in phenology","Invasive plant management ","10+ years","Other",2025,10,1,0,-0.684992652914624,0.77590345940614
"R_5QMdxsTPIB3Ml3K","Maryland","Network of sites within one state/province","Ligustrum",4,"At the same time due to no change in phenology","Invasive plant management ","10+ years","City/Municipal Government",2025,10,1,0,-0.816327918030227,0.77590345940614
"R_537x22NmHs7hBVW","New York"," Other (please specify)","Ligustrum",4,"At the same time due to no change in phenology","Invasive plant management ","6 to 10 years","State Government",2025,6,1,0,-0.816327918030227,-0.537303438417083
"R_5pmY8oLxe5MTq3z","Missouri","Single site","Ligustrum",15,"At the same time due to no change in phenology","Invasive plant management ","10+ years","Nongovernmental Organization",2025,10,1,0,0.628359998241409,0.77590345940614
"R_1wGepviiEawT7xG","Pennsylvania"," Other (please specify)","Ligustrum",25,"At the same time due to no change in phenology","Invasive plant management ","10+ years","Industry/Private Sector",2025,10,1,0,1.94171264939744,0.77590345940614
"R_1gXD9kt66uL5qNb","Massachusetts","Network of sites within one state/province","Ligustrum",NA,"Earlier or later for other reasons","Invasive plant management ","10+ years","Nongovernmental Organization",2025,10,1,0,NA,0.77590345940614
"R_1EiGIcVTKZ2CXkf","Maryland","Single site","Ligustrum",10,"At the same time due to no change in phenology","Invasive plant management ","6 to 10 years","Nongovernmental Organization",2025,6,1,0,-0.0283163273366078,-0.537303438417083
"R_7Vru9EQVgndVy1V","North Carolina","Network of sites within one state/province","Ligustrum",30,"At the same time due to no change in phenology","Invasive plant management ","6 to 10 years","County Government",2025,6,1,0,2.59838897497546,-0.537303438417083
"R_5B5a3B4ABmQZKnh","Missouri","Single site","Ligustrum",15,"Earlier or later for other reasons","Invasive plant management ","10+ years","Nongovernmental Organization",2025,10,1,0,0.628359998241409,0.77590345940614
"R_1EhS8EtoQX5KeVO","Virginia"," Other (please specify)","Ligustrum",15,"At the same time despite changing phenology","Invasive plant management ","10+ years","City/Municipal Government",2025,10,1,1,0.628359998241409,0.77590345940614
"R_7q3sEFKcJH3jV4h","North Carolina","Multi-state network of sites","Ligustrum",10,"At the same time despite changing phenology","Invasive plant management ","6 to 10 years","Nongovernmental Organization",2025,6,1,1,-0.0283163273366078,-0.537303438417083
"R_3f2NE46NtdzB3GN","Missouri","Multi-state network of sites","Ligustrum",2,"Earlier due to changing phenology,Later due to changing phenology","Invasive plant management ","6 to 10 years","Nongovernmental Organization",2025,6,1,1,-1.07899844826143,-0.537303438417083
"R_7916UIaOGbhT1AV","Indiana","Network of sites within one state/province","Ligustrum",4.75,"Earlier due to changing phenology","Invasive plant management ","2 to 5 years","County Government",2025,2,1,1,-0.717826469193525,-1.85051033624031
"R_3BXy7lTi8qCQ0cF","Indiana"," Other (please specify)","Ligustrum",16,"Earlier due to changing phenology","Invasive plant management ","10+ years","Other",2025,10,1,1,0.759695263357012,0.77590345940614
"R_4DdacjI5qhmJw0t","Vermont","Multi-state network of sites","Ligustrum",10,"At the same time despite changing phenology","Invasive plant management ","10+ years","Industry/Private Sector",2025,10,1,1,-0.0283163273366078,0.77590345940614
"R_30xjQCBmlmzdGhK","Michigan","Network of sites within one state/province","Ligustrum",4,"At the same time due to no change in phenology","Invasive plant management ","10+ years","State Government",2025,10,1,0,-0.816327918030227,0.77590345940614
"R_3yNv77ves0EseE9","Massachusetts"," Other (please specify)","Ligustrum",1,"At the same time due to no change in phenology","Invasive plant management ","2 to 5 years","City/Municipal Government",2025,2,1,0,-1.21033371337704,-1.85051033624031
"R_6bkD5LQEewba1fb","New York","Network of sites within one state/province","Ligustrum",11,"At the same time due to no change in phenology","Invasive plant management ","6 to 10 years","Nongovernmental Organization",2025,6,1,0,0.103018937778995,-0.537303438417083
"R_7q9CGoR98EHdtT8","Wisconsin","Single site","Ligustrum",10,"At the same time despite changing phenology","Invasive plant management ","10+ years","Industry/Private Sector",2025,10,1,1,-0.0283163273366078,0.77590345940614
"R_52slHOREy0viarS","Virginia","Network of sites within one state/province","Ligustrum",4,"Earlier due to changing phenology","Invasive plant management ","2 to 5 years","City/Municipal Government",2025,2,1,1,-0.816327918030227,-1.85051033624031
"R_7zisJUcklmC59IQ","Massachusetts"," Other (please specify)","Ligustrum",2,"At the same time despite changing phenology","Invasive plant management ","10+ years","Industry/Private Sector",2025,10,1,1,-1.07899844826143,0.77590345940614
"R_61GkUO5dWwqhCjj","Wisconsin","Network of sites within one state/province","Ligustrum",NA,"At the same time due to no change in phenology","Invasive plant management ","10+ years","County Government",2025,10,1,0,NA,0.77590345940614
"R_5P00Gb4S2nU4OfA","Ohio","Network of sites within one state/province","Ligustrum",10,"Earlier or later for other reasons","Invasive plant management ","10+ years","Nongovernmental Organization",2025,10,1,0,-0.0283163273366078,0.77590345940614
"R_6dEOH3nQWsRf2ff","Tennessee","Multi-state network of sites","Ligustrum",10,"At the same time due to no change in phenology","Invasive plant management ","10+ years","Nongovernmental Organization",2025,10,1,0,-0.0283163273366078,0.77590345940614
"R_7GwBwiGreoKhfNs","Massachusetts","Network of sites within one state/province","Celastrus",NA,"At the same time due to no change in phenology","Invasive plant management ","6 to 10 years","County Government",2026,6,1,0,NA,-0.537303438417083
"R_5rHa6I5vBes9eDX","Vermont","Network of sites within one state/province","Celastrus",3,"At the same time due to no change in phenology","Invasive plant management ","2 to 5 years","Nongovernmental Organization",2026,2,1,0,-0.947663183145831,-1.85051033624031
"R_7zqDdqzI3278NXi","Maryland","Network of sites within one state/province","Celastrus",NA,"Treatment ending later due to changing phenology","Invasive plant management ","10+ years","State Government",2026,10,1,1,NA,0.77590345940614
"R_5hAPDFkgmRMkZzy","New York","Network of sites within one state/province","Celastrus",3,"At the same time despite changing phenology","Invasive plant management ","10+ years","Nongovernmental Organization",2026,10,1,1,-0.947663183145831,0.77590345940614
"R_6yLkjZOTEZ3TCvv","Pennsylvania","Network of sites within one state/province","Celastrus",12,"At the same time due to no change in phenology","Invasive plant management ","10+ years","City/Municipal Government",2026,10,1,0,0.234354202894599,0.77590345940614
"R_12MfvXiIwliM6mq","Virginia","Network of sites within one state/province","Celastrus",5,"At the same time due to no change in phenology","Invasive plant management ","2 to 5 years","Academia/University",2026,2,1,0,-0.684992652914624,-1.85051033624031
"R_5EsAG4x9K525yff","Pennsylvania","Network of sites within one state/province","Celastrus",NA,"At the same time due to no change in phenology","Invasive plant management ","6 to 10 years","Nongovernmental Organization",2026,6,1,0,NA,-0.537303438417083
"R_5upMJmCgVD9qgCQ","Pennsylvania","Network of sites within one state/province","Celastrus",2,"Starting earlier or ending later for other reasons","Invasive plant management ","2 to 5 years","Other",2026,2,1,0,-1.07899844826143,-1.85051033624031
"R_1g744XrqigaNK4J","Maine","Network of sites within one state/province","Celastrus",9,"At the same time despite changing phenology","Invasive plant management ","6 to 10 years","Industry/Private Sector",2026,6,1,1,-0.159651592452211,-0.537303438417083
"R_3rk1Kc6ds2b1R97","New York","Network of sites within one state/province","Celastrus",4,"At the same time due to no change in phenology","Invasive plant management ","2 to 5 years","State Government",2026,2,1,0,-0.816327918030227,-1.85051033624031
"R_3DHks2vVgdNJOBn","Michigan","Network of sites within one state/province","Celastrus",10,"At the same time due to no change in phenology","Invasive plant management ","2 to 5 years","Nongovernmental Organization",2026,2,1,0,-0.0283163273366078,-1.85051033624031
"R_5FqDfQSEijhcVoz","Vermont","Multi-state network of sites","Celastrus",10,"At the same time despite changing phenology","Invasive plant management ","10+ years","Industry/Private Sector",2026,10,1,1,-0.0283163273366078,0.77590345940614
"R_13xaGsGqqLXdwtw","Michigan","Network of sites within one state/province","Celastrus",6,"At the same time due to no change in phenology","Invasive plant management ","10+ years","Nongovernmental Organization",2026,10,1,0,-0.553657387799021,0.77590345940614
"R_5q56JqF0jN1J5xT","New Hampshire","Multi-state network of sites","Celastrus",20,"Treatment starting earlier due to changing phenology,Treatment ending later due to changing phenology","Invasive plant management ","10+ years","Industry/Private Sector",2026,10,1,1,1.28503632381942,0.77590345940614
"R_72Pfw8uP98OJPoM","Maryland","Single site","Celastrus",15,"At the same time due to no change in phenology","Invasive plant management ","10+ years","Industry/Private Sector",2026,10,1,0,0.628359998241409,0.77590345940614
"R_6PgMN2Ont2gs1u9","Vermont","Network of sites within one state/province","Celastrus",8,"At the same time despite changing phenology","Invasive plant management ","10+ years","Industry/Private Sector",2026,10,1,1,-0.290986857567814,0.77590345940614
"R_3OZoTtXsYc0ZVCo","Michigan","Network of sites within one state/province","Celastrus",20,"Treatment ending later due to changing phenology","Invasive plant management ","10+ years","State Government",2026,10,1,1,1.28503632381942,0.77590345940614
"R_3l6nHVEdBFb0wAn","Vermont","Multi-state network of sites","Celastrus",15,"Treatment starting earlier due to changing phenology","Invasive plant management ","10+ years","Industry/Private Sector",2026,10,1,1,0.628359998241409,0.77590345940614
"R_1nGlxwRGRwMbHVL","Massachusetts","Network of sites within one state/province","Celastrus",10,"At the same time due to no change in phenology","Invasive plant management ","10+ years","Nongovernmental Organization",2026,10,1,0,-0.0283163273366078,0.77590345940614
"R_7EvlQO9OfQ8OoER","Michigan","Network of sites within one state/province","Celastrus",10,"At the same time despite changing phenology","Invasive plant management ","10+ years","Nongovernmental Organization",2026,10,1,1,-0.0283163273366078,0.77590345940614
"R_5GB0QBBYaO426fP","Maine","Single site","Celastrus",10,"At the same time despite changing phenology","Invasive plant management ","10+ years","City/Municipal Government",2026,10,1,1,-0.0283163273366078,0.77590345940614
"R_6b7y38YC6VhzhAZ","New Jersey"," Other (please specify)","Celastrus",5,"Treatment ending later due to changing phenology","Invasive plant management ","6 to 10 years","County Government",2026,6,1,1,-0.684992652914624,-0.537303438417083
"R_1D5srXkx8ozWrQm","Maryland","Single site","Celastrus",8,"At the same time due to no change in phenology","Invasive plant management ","6 to 10 years","Nongovernmental Organization",2026,6,1,0,-0.290986857567814,-0.537303438417083
"R_1eg0HmIa9IVjxvH","Massachusetts","Network of sites within one state/province","Celastrus",2,"At the same time due to no change in phenology","Invasive plant extension","2 to 5 years","Nongovernmental Organization",2026,2,1,0,-1.07899844826143,-1.85051033624031
"R_3EtnKAg5tMJYzSl","Massachusetts"," Other (please specify)","Celastrus",7,"At the same time due to no change in phenology","Invasive plant management ","6 to 10 years","City/Municipal Government",2026,6,1,0,-0.422322122683418,-0.537303438417083
"R_1EsfjygrCBEI1cq","New Jersey","Network of sites within one state/province","Celastrus",8,"At the same time due to no change in phenology","Invasive plant management ","6 to 10 years","Nongovernmental Organization",2026,6,1,0,-0.290986857567814,-0.537303438417083
"R_3Qxjb9i4NVkgesX","Massachusetts","Network of sites within one state/province","Celastrus",10,"Treatment ending later due to changing phenology","Invasive plant management ","10+ years","Nongovernmental Organization",2026,10,1,1,-0.0283163273366078,0.77590345940614
"R_3Ed8zccgOdxwidw","Massachusetts","Network of sites within one state/province","Celastrus",NA,"At the same time despite changing phenology","Other (I work with invasive plants but not as a manager, researcher, or extension)","10+ years","City/Municipal Government",2026,10,1,1,NA,0.77590345940614
"R_7ZUfZ0EoHO82Ct3","Rhode Island","Network of sites within one state/province","Celastrus",10,"Starting earlier or ending later for other reasons","Invasive plant management ","6 to 10 years","Industry/Private Sector",2026,6,1,0,-0.0283163273366078,-0.537303438417083
"R_5H6Li12o7rFfCKo","Rhode Island","Network of sites within one state/province","Celastrus",10,"Treatment starting earlier due to changing phenology,Treatment ending later due to changing phenology","Invasive plant management ","10+ years","Industry/Private Sector",2026,10,1,1,-0.0283163273366078,0.77590345940614
"R_5rdlHlOy7XfBCJX","Rhode Island","Network of sites within one state/province","Celastrus",5,"At the same time despite changing phenology","Invasive plant management ","6 to 10 years","State Government",2026,6,1,1,-0.684992652914624,-0.537303438417083
"R_7juXrkATSSXEEWR","Rhode Island","Single site","Celastrus",10,"At the same time due to no change in phenology","Invasive plant management ","2 to 5 years","Academia/University",2026,2,1,0,-0.0283163273366078,-1.85051033624031
"R_37Vfwq15uXhdIgh","Rhode Island","Single site","Celastrus",8,"At the same time despite changing phenology","Invasive plant management ","10+ years","Nongovernmental Organization",2026,10,1,1,-0.290986857567814,0.77590345940614
"R_7pKymxAKzskP9AS","Wisconsin","Multi-state network of sites","Celastrus",10,"At the same time due to no change in phenology","Invasive plant management ","10+ years","Nongovernmental Organization",2026,10,1,0,-0.0283163273366078,0.77590345940614
"R_3PQOLiHs19fSpEi","Virginia","Network of sites within one state/province","Celastrus",16,"At the same time due to no change in phenology","Invasive plant management ","10+ years","State Government",2026,10,1,0,0.759695263357012,0.77590345940614
"R_5Kr2fz6TZxQx0Uu","Connecticut","Single site","Celastrus",2,"Treatment starting earlier due to changing phenology,Treatment ending later due to changing phenology,Starting earlier or ending later for other reasons","Other (I work with invasive plants but not as a manager, researcher, or extension)","6 to 10 years","Other",2026,6,1,1,-1.07899844826143,-0.537303438417083
"R_3Z0oewLXyyqJj9v","Virginia","Multi-state network of sites","Celastrus",6,"Treatment ending later due to changing phenology","Invasive plant management ","10+ years","Nongovernmental Organization",2026,10,1,1,-0.553657387799021,0.77590345940614
"R_1rqNLxE1UVT5Prc","Massachusetts","Single site","Celastrus",3,"Starting earlier or ending later for other reasons","Invasive plant management ","10+ years","Nongovernmental Organization",2026,10,1,0,-0.947663183145831,0.77590345940614
"R_7eqSNbi6mQ46E1Z","Virginia","Multi-state network of sites","Celastrus",20,"Treatment starting earlier due to changing phenology","Invasive plant management ","10+ years","Industry/Private Sector",2026,10,1,1,1.28503632381942,0.77590345940614
"R_3lpMOKMac0cgCvT","Massachusetts","Network of sites within one state/province","Celastrus",3,"At the same time despite changing phenology","Invasive plant management ","10+ years","Industry/Private Sector",2026,10,1,1,-0.947663183145831,0.77590345940614
"R_3VxbJkG46TDSZKp","Pennsylvania","Multi-state network of sites","Celastrus",19,"Treatment starting earlier due to changing phenology,Treatment ending later due to changing phenology","Invasive plant management ","10+ years"," Federal Government",2026,10,1,1,1.15370105870382,0.77590345940614
"R_5O9uAodgBqlcrtL","Massachusetts","Network of sites within one state/province","Celastrus",1,"Starting earlier or ending later for other reasons","Invasive plant management ","2 to 5 years","Nongovernmental Organization",2026,2,1,0,-1.21033371337704,-1.85051033624031
"R_74FeknDhSsDq3Tj","Virginia","Multi-state network of sites","Celastrus",10,"At the same time due to no change in phenology","Invasive plant management ","6 to 10 years","Industry/Private Sector",2026,6,1,0,-0.0283163273366078,-0.537303438417083
"R_6lGDmKoRK5yHshi","Maine","Single site","Celastrus",20,"Treatment ending later due to changing phenology","Invasive plant management ","10+ years"," Federal Government",2026,10,1,1,1.28503632381942,0.77590345940614
"R_6Q75yjxK5fIfXwZ","Maryland","Network of sites within one state/province","Celastrus",5,"At the same time despite changing phenology","Invasive plant management ","10+ years","County Government",2026,10,1,1,-0.684992652914624,0.77590345940614
"R_3e8YdoUiS4iZyX0","Michigan","Network of sites within one state/province","Celastrus",2,"At the same time due to no change in phenology","Invasive plant management ","6 to 10 years","County Government",2026,6,1,0,-1.07899844826143,-0.537303438417083
"R_1jvRN5ofBQAxAQE","Rhode Island","Single site","Celastrus",10,"Treatment ending later due to changing phenology","Invasive plant research/science","6 to 10 years","Other",2026,6,1,1,-0.0283163273366078,-0.537303438417083
"R_7jZpgrqPT21G0fj","Vermont","Single site","Celastrus",5,"At the same time due to no change in phenology","Invasive plant management ","10+ years","State Government",2026,10,1,0,-0.684992652914624,0.77590345940614
"R_1IvpUjUVXHoOlPW","Vermont","Single site","Celastrus",10,"Treatment ending later due to changing phenology","Invasive plant management ","10+ years","Nongovernmental Organization",2026,10,1,1,-0.0283163273366078,0.77590345940614
"R_77YAH73ER57ZnBn","Kentucky","Network of sites within one state/province","Celastrus",15,"At the same time due to no change in phenology","Invasive plant management ","10+ years","Academia/University",2026,10,1,0,0.628359998241409,0.77590345940614
"R_3G9fjD3aUkxTH1a","Maryland","Network of sites within one state/province","Celastrus",15,"At the same time due to no change in phenology","Invasive plant management ","10+ years","Industry/Private Sector",2026,10,1,0,0.628359998241409,0.77590345940614
"R_51hjoFYUg74WFmz","Massachusetts","Network of sites within one state/province","Celastrus",25,"At the same time despite changing phenology","Invasive plant management ","10+ years"," Federal Government",2026,10,1,1,1.94171264939744,0.77590345940614
"R_3odqWeiPriybrSx","Maryland","Multi-state network of sites","Celastrus",16,"At the same time despite changing phenology","Invasive plant management ","10+ years","Industry/Private Sector",2026,10,1,1,0.759695263357012,0.77590345940614
"R_6RfvvrSVaZFoLRH","Virginia","Network of sites within one state/province","Celastrus",12,"Treatment starting earlier due to changing phenology","Invasive plant management ","10+ years","Nongovernmental Organization",2026,10,1,1,0.234354202894599,0.77590345940614
"R_3Si9tax1RwMIZLT","Massachusetts","Multi-state network of sites","Celastrus",9,"Treatment starting earlier due to changing phenology,Treatment ending later due to changing phenology","Invasive plant management ","10+ years","Industry/Private Sector",2026,10,1,1,-0.159651592452211,0.77590345940614
"R_62Ll7ZFWepKPSWn","Maine","Multi-state network of sites","Celastrus",28,"At the same time due to no change in phenology","Invasive plant management ","10+ years","Industry/Private Sector",2026,10,1,0,2.33571844474425,0.77590345940614
"R_3Xof06Wl6uTCmnD","New York","Network of sites within one state/province","Celastrus",20,"Starting earlier or ending later for other reasons","Invasive plant management ","10+ years","State Government",2026,10,1,0,1.28503632381942,0.77590345940614
"R_3lWumIYfy2qG65b","New York","Network of sites within one state/province","Celastrus",1,"At the same time due to no change in phenology","Invasive plant management ","6 to 10 years","State Government",2026,6,1,0,-1.21033371337704,-0.537303438417083
"R_7mleLpdbPvb6bxt","Connecticut","Network of sites within one state/province","Celastrus",3,"At the same time due to no change in phenology","Invasive plant management ","2 to 5 years","Industry/Private Sector",2026,2,1,0,-0.947663183145831,-1.85051033624031
"R_5rHa6I5vBes9eDX","Vermont","Network of sites within one state/province","Lonicera",3,"At the same time due to no change in phenology","Invasive plant management ","2 to 5 years","Nongovernmental Organization",2026,2,1,0,-0.947663183145831,-1.85051033624031
"R_7zqDdqzI3278NXi","Maryland","Network of sites within one state/province","Lonicera",NA,"Treatment ending later due to changing phenology","Invasive plant management ","10+ years","State Government",2026,10,1,1,NA,0.77590345940614
"R_5hAPDFkgmRMkZzy","New York","Network of sites within one state/province","Lonicera",3,"At the same time despite changing phenology","Invasive plant management ","10+ years","Nongovernmental Organization",2026,10,1,1,-0.947663183145831,0.77590345940614
"R_6yLkjZOTEZ3TCvv","Pennsylvania","Network of sites within one state/province","Lonicera",12,"At the same time due to no change in phenology","Invasive plant management ","10+ years","City/Municipal Government",2026,10,1,0,0.234354202894599,0.77590345940614
"R_12MfvXiIwliM6mq","Virginia","Network of sites within one state/province","Lonicera",5,"At the same time due to no change in phenology","Invasive plant management ","2 to 5 years","Academia/University",2026,2,1,0,-0.684992652914624,-1.85051033624031
"R_5EsAG4x9K525yff","Pennsylvania","Network of sites within one state/province","Lonicera",NA,"At the same time due to no change in phenology","Invasive plant management ","6 to 10 years","Nongovernmental Organization",2026,6,1,0,NA,-0.537303438417083
"R_5upMJmCgVD9qgCQ","Pennsylvania","Network of sites within one state/province","Lonicera",3,"Starting earlier or ending later for other reasons","Invasive plant management ","2 to 5 years","Other",2026,2,1,0,-0.947663183145831,-1.85051033624031
"R_1g744XrqigaNK4J","Maine","Network of sites within one state/province","Lonicera",10,"Treatment starting earlier due to changing phenology","Invasive plant management ","6 to 10 years","Industry/Private Sector",2026,6,1,1,-0.0283163273366078,-0.537303438417083
"R_5pi0PucgobcikIW","Michigan","Network of sites within one state/province","Lonicera",4,"Starting earlier or ending later for other reasons","Invasive plant management ","6 to 10 years","Nongovernmental Organization",2026,6,1,0,-0.816327918030227,-0.537303438417083
"R_3DHks2vVgdNJOBn","Michigan","Network of sites within one state/province","Lonicera",10,"At the same time due to no change in phenology","Invasive plant management ","2 to 5 years","Nongovernmental Organization",2026,2,1,0,-0.0283163273366078,-1.85051033624031
"R_5FqDfQSEijhcVoz","Vermont","Multi-state network of sites","Lonicera",15,"Treatment starting earlier due to changing phenology","Invasive plant management ","10+ years","Industry/Private Sector",2026,10,1,1,0.628359998241409,0.77590345940614
"R_13xaGsGqqLXdwtw","Michigan","Network of sites within one state/province","Lonicera",11,"At the same time due to no change in phenology","Invasive plant management ","10+ years","Nongovernmental Organization",2026,10,1,0,0.103018937778995,0.77590345940614
"R_5EgSX1WrmV8JNfE","Massachusetts"," Other (please specify)","Lonicera",5,"Treatment starting earlier due to changing phenology","Invasive plant management ","2 to 5 years","State Government",2026,2,1,1,-0.684992652914624,-1.85051033624031
"R_5V0AX8smWwEqt7X","Quebec","Network of sites within one state/province","Lonicera",4,"At the same time due to no change in phenology","Invasive plant management ","6 to 10 years","Tribal/First Nation",2026,6,1,0,-0.816327918030227,-0.537303438417083
"R_5q56JqF0jN1J5xT","New Hampshire","Multi-state network of sites","Lonicera",24,"Treatment starting earlier due to changing phenology,Treatment ending later due to changing phenology","Invasive plant management ","10+ years","Industry/Private Sector",2026,10,1,1,1.81037738428184,0.77590345940614
"R_72Pfw8uP98OJPoM","Maryland","Single site","Lonicera",10,"At the same time due to no change in phenology","Invasive plant management ","10+ years","Industry/Private Sector",2026,10,1,0,-0.0283163273366078,0.77590345940614
"R_6PgMN2Ont2gs1u9","Vermont","Network of sites within one state/province","Lonicera",14,"At the same time despite changing phenology","Invasive plant management ","10+ years","Industry/Private Sector",2026,10,1,1,0.497024733125805,0.77590345940614
"R_3OZoTtXsYc0ZVCo","Michigan","Network of sites within one state/province","Lonicera",20,"Treatment starting earlier due to changing phenology,Treatment ending later due to changing phenology","Invasive plant management ","10+ years","State Government",2026,10,1,1,1.28503632381942,0.77590345940614
"R_3l6nHVEdBFb0wAn","Vermont","Multi-state network of sites","Lonicera",15,"Treatment starting earlier due to changing phenology","Invasive plant management ","10+ years","Industry/Private Sector",2026,10,1,1,0.628359998241409,0.77590345940614
"R_1EciEKujj6l77zC","Wisconsin","Network of sites within one state/province","Lonicera",30,"At the same time due to no change in phenology","Invasive plant management ","10+ years","Other",2026,10,1,0,2.59838897497546,0.77590345940614
"R_1nGlxwRGRwMbHVL","Massachusetts","Network of sites within one state/province","Lonicera",10,"At the same time due to no change in phenology","Invasive plant management ","10+ years","Nongovernmental Organization",2026,10,1,0,-0.0283163273366078,0.77590345940614
"R_7EvlQO9OfQ8OoER","Michigan","Network of sites within one state/province","Lonicera",20,"At the same time despite changing phenology","Invasive plant management ","10+ years","Nongovernmental Organization",2026,10,1,1,1.28503632381942,0.77590345940614
"R_1D5srXkx8ozWrQm","Maryland","Single site","Lonicera",8,"At the same time due to no change in phenology","Invasive plant management ","6 to 10 years","Nongovernmental Organization",2026,6,1,0,-0.290986857567814,-0.537303438417083
"R_5IQt3joF5gjoi45","Kentucky","Network of sites within one state/province","Lonicera",1,"At the same time due to no change in phenology","Invasive plant management ","Less than 2 years","State Government",2026,0.1,1,0,-1.21033371337704,-2.47428361270634
"R_1EsfjygrCBEI1cq","New Jersey","Network of sites within one state/province","Lonicera",7,"At the same time due to no change in phenology","Invasive plant management ","6 to 10 years","Nongovernmental Organization",2026,6,1,0,-0.422322122683418,-0.537303438417083
"R_3Qxjb9i4NVkgesX","Massachusetts","Network of sites within one state/province","Lonicera",10,"Treatment starting earlier due to changing phenology","Invasive plant management ","10+ years","Nongovernmental Organization",2026,10,1,1,-0.0283163273366078,0.77590345940614
"R_3Ed8zccgOdxwidw","Massachusetts","Network of sites within one state/province","Lonicera",NA,"At the same time despite changing phenology","Other (I work with invasive plants but not as a manager, researcher, or extension)","10+ years","City/Municipal Government",2026,10,1,1,NA,0.77590345940614
"R_7ZUfZ0EoHO82Ct3","Rhode Island","Network of sites within one state/province","Lonicera",3,"Starting earlier or ending later for other reasons","Invasive plant management ","6 to 10 years","Industry/Private Sector",2026,6,1,0,-0.947663183145831,-0.537303438417083
"R_5rdlHlOy7XfBCJX","Rhode Island","Network of sites within one state/province","Lonicera",5,"At the same time despite changing phenology","Invasive plant management ","6 to 10 years","State Government",2026,6,1,1,-0.684992652914624,-0.537303438417083
"R_7juXrkATSSXEEWR","Rhode Island","Single site","Lonicera",10,"At the same time due to no change in phenology","Invasive plant management ","2 to 5 years","Academia/University",2026,2,1,0,-0.0283163273366078,-1.85051033624031
"R_7pKymxAKzskP9AS","Wisconsin","Multi-state network of sites","Lonicera",15,"At the same time due to no change in phenology","Invasive plant management ","10+ years","Nongovernmental Organization",2026,10,1,0,0.628359998241409,0.77590345940614
"R_5gHFiq6DKC8WPVl","Ontario","Network of sites within one state/province","Lonicera",30,"At the same time due to no change in phenology","Invasive plant management ","10+ years","Industry/Private Sector",2026,10,1,0,2.59838897497546,0.77590345940614
"R_5Kr2fz6TZxQx0Uu","Connecticut","Single site","Lonicera",2,"Treatment starting earlier due to changing phenology,Treatment ending later due to changing phenology,Starting earlier or ending later for other reasons","Other (I work with invasive plants but not as a manager, researcher, or extension)","6 to 10 years","Other",2026,6,1,1,-1.07899844826143,-0.537303438417083
"R_3Z0oewLXyyqJj9v","Virginia","Multi-state network of sites","Lonicera",6,"Treatment ending later due to changing phenology","Invasive plant management ","10+ years","Nongovernmental Organization",2026,10,1,1,-0.553657387799021,0.77590345940614
"R_7iywZfD9qBljGo1","Indiana","Network of sites within one state/province","Lonicera",6,"At the same time due to no change in phenology","Invasive plant management ","6 to 10 years","Other",2026,6,1,0,-0.553657387799021,-0.537303438417083
"R_6M9cNcffDgSe0XJ","Massachusetts","Single site","Lonicera",5,"At the same time despite changing phenology","Invasive plant management ","6 to 10 years","Nongovernmental Organization",2026,6,1,1,-0.684992652914624,-0.537303438417083
"R_1rqNLxE1UVT5Prc","Massachusetts","Single site","Lonicera",3,"Starting earlier or ending later for other reasons","Invasive plant management ","10+ years","Nongovernmental Organization",2026,10,1,0,-0.947663183145831,0.77590345940614
"R_7eqSNbi6mQ46E1Z","Virginia","Multi-state network of sites","Lonicera",20,"Treatment starting earlier due to changing phenology","Invasive plant management ","10+ years","Industry/Private Sector",2026,10,1,1,1.28503632381942,0.77590345940614
"R_3lpMOKMac0cgCvT","Massachusetts","Network of sites within one state/province","Lonicera",3,"At the same time despite changing phenology","Invasive plant management ","10+ years","Industry/Private Sector",2026,10,1,1,-0.947663183145831,0.77590345940614
"R_3VxbJkG46TDSZKp","Pennsylvania","Multi-state network of sites","Lonicera",19,"Treatment starting earlier due to changing phenology,Treatment ending later due to changing phenology","Invasive plant management ","10+ years"," Federal Government",2026,10,1,1,1.15370105870382,0.77590345940614
"R_5O9uAodgBqlcrtL","Massachusetts","Network of sites within one state/province","Lonicera",1,"Starting earlier or ending later for other reasons","Invasive plant management ","2 to 5 years","Nongovernmental Organization",2026,2,1,0,-1.21033371337704,-1.85051033624031
"R_5pzvxrP2azfmvYJ","Michigan","Network of sites within one state/province","Lonicera",14,"At the same time due to no change in phenology","Invasive plant management ","10+ years","Other",2026,10,1,0,0.497024733125805,0.77590345940614
"R_7IvjAhNgByZUh4p","Michigan","Network of sites within one state/province","Lonicera",10,"Treatment starting earlier due to changing phenology,Treatment ending later due to changing phenology","Invasive plant management ","10+ years","City/Municipal Government",2026,10,1,1,-0.0283163273366078,0.77590345940614
"R_1CCn7PCFILz7KFm","Vermont","Network of sites within one state/province","Lonicera",15,"At the same time due to no change in phenology","Invasive plant management ","10+ years","Nongovernmental Organization",2026,10,1,0,0.628359998241409,0.77590345940614
"R_74FeknDhSsDq3Tj","Virginia","Multi-state network of sites","Lonicera",10,"At the same time due to no change in phenology","Invasive plant management ","6 to 10 years","Industry/Private Sector",2026,6,1,0,-0.0283163273366078,-0.537303438417083
"R_6lGDmKoRK5yHshi","Maine","Single site","Lonicera",23,"Treatment starting earlier due to changing phenology","Invasive plant management ","10+ years"," Federal Government",2026,10,1,1,1.67904211916623,0.77590345940614
"R_6Q75yjxK5fIfXwZ","Maryland","Network of sites within one state/province","Lonicera",5,"Treatment starting earlier due to changing phenology","Invasive plant management ","10+ years","County Government",2026,10,1,1,-0.684992652914624,0.77590345940614
"R_3e8YdoUiS4iZyX0","Michigan","Network of sites within one state/province","Lonicera",6,"At the same time due to no change in phenology","Invasive plant management ","6 to 10 years","County Government",2026,6,1,0,-0.553657387799021,-0.537303438417083
"R_1jvRN5ofBQAxAQE","Rhode Island","Single site","Lonicera",10,"Treatment ending later due to changing phenology","Invasive plant research/science","6 to 10 years","Other",2026,6,1,1,-0.0283163273366078,-0.537303438417083
"R_7jZpgrqPT21G0fj","Vermont","Single site","Lonicera",15,"At the same time due to no change in phenology","Invasive plant management ","10+ years","State Government",2026,10,1,0,0.628359998241409,0.77590345940614
"R_1IvpUjUVXHoOlPW","Vermont","Single site","Lonicera",18,"Treatment ending later due to changing phenology","Invasive plant management ","10+ years","Nongovernmental Organization",2026,10,1,1,1.02236579358822,0.77590345940614
"R_77YAH73ER57ZnBn","Kentucky","Network of sites within one state/province","Lonicera",15,"At the same time due to no change in phenology","Invasive plant management ","10+ years","Academia/University",2026,10,1,0,0.628359998241409,0.77590345940614
"R_3G9fjD3aUkxTH1a","Maryland","Network of sites within one state/province","Lonicera",20,"At the same time due to no change in phenology","Invasive plant management ","10+ years","Industry/Private Sector",2026,10,1,0,1.28503632381942,0.77590345940614
"R_51hjoFYUg74WFmz","Massachusetts","Network of sites within one state/province","Lonicera",25,"At the same time despite changing phenology","Invasive plant management ","10+ years"," Federal Government",2026,10,1,1,1.94171264939744,0.77590345940614
"R_3odqWeiPriybrSx","Maryland","Multi-state network of sites","Lonicera",25,"At the same time due to no change in phenology","Invasive plant management ","10+ years","Industry/Private Sector",2026,10,1,0,1.94171264939744,0.77590345940614
"R_1EGs8JgbiTLIdrk","Michigan","Multi-state network of sites","Lonicera",15,"Starting earlier or ending later for other reasons,At the same time despite changing phenology","Invasive plant management ","10+ years","Nongovernmental Organization",2026,10,1,1,0.628359998241409,0.77590345940614
"R_3Si9tax1RwMIZLT","Massachusetts","Multi-state network of sites","Lonicera",9,"Treatment starting earlier due to changing phenology,Treatment ending later due to changing phenology","Invasive plant management ","10+ years","Industry/Private Sector",2026,10,1,1,-0.159651592452211,0.77590345940614
"R_62Ll7ZFWepKPSWn","Maine","Multi-state network of sites","Lonicera",28,"Treatment starting earlier due to changing phenology,Treatment ending later due to changing phenology","Invasive plant management ","10+ years","Industry/Private Sector",2026,10,1,1,2.33571844474425,0.77590345940614
"R_3Xof06Wl6uTCmnD","New York","Network of sites within one state/province","Lonicera",20,"Starting earlier or ending later for other reasons","Invasive plant management ","10+ years","State Government",2026,10,1,0,1.28503632381942,0.77590345940614
"R_3lWumIYfy2qG65b","New York","Network of sites within one state/province","Lonicera",1,"At the same time due to no change in phenology","Invasive plant management ","6 to 10 years","State Government",2026,6,1,0,-1.21033371337704,-0.537303438417083
"R_7mleLpdbPvb6bxt","Connecticut","Network of sites within one state/province","Lonicera",2,"At the same time due to no change in phenology","Invasive plant management ","2 to 5 years","Industry/Private Sector",2026,2,1,0,-1.07899844826143,-1.85051033624031
"R_7GwBwiGreoKhfNs","Massachusetts","Network of sites within one state/province","Retnoutria",NA,"At the same time due to no change in phenology","Invasive plant management ","6 to 10 years","County Government",2026,6,1,0,NA,-0.537303438417083
"R_5hAPDFkgmRMkZzy","New York","Network of sites within one state/province","Retnoutria",3,"Treatment ending later due to changing phenology","Invasive plant management ","10+ years","Nongovernmental Organization",2026,10,1,1,-0.947663183145831,0.77590345940614
"R_1g744XrqigaNK4J","Maine","Network of sites within one state/province","Retnoutria",10,"Treatment starting earlier due to changing phenology","Invasive plant management ","6 to 10 years","Industry/Private Sector",2026,6,1,1,-0.0283163273366078,-0.537303438417083
"R_5pi0PucgobcikIW","Michigan","Network of sites within one state/province","Retnoutria",9,"At the same time due to no change in phenology","Invasive plant management ","6 to 10 years","Nongovernmental Organization",2026,6,1,0,-0.159651592452211,-0.537303438417083
"R_3DHks2vVgdNJOBn","Michigan","Network of sites within one state/province","Retnoutria",10,"At the same time due to no change in phenology","Invasive plant management ","2 to 5 years","Nongovernmental Organization",2026,2,1,0,-0.0283163273366078,-1.85051033624031
"R_5FqDfQSEijhcVoz","Vermont","Multi-state network of sites","Retnoutria",15,"Treatment ending later due to changing phenology","Invasive plant management ","10+ years","Industry/Private Sector",2026,10,1,1,0.628359998241409,0.77590345940614
"R_13xaGsGqqLXdwtw","Michigan","Network of sites within one state/province","Retnoutria",14,"Treatment ending later due to changing phenology","Invasive plant management ","10+ years","Nongovernmental Organization",2026,10,1,1,0.497024733125805,0.77590345940614
"R_5q56JqF0jN1J5xT","New Hampshire","Multi-state network of sites","Retnoutria",17,"Treatment starting earlier due to changing phenology,Treatment ending later due to changing phenology","Invasive plant management ","10+ years","Industry/Private Sector",2026,10,1,1,0.891030528472615,0.77590345940614
"R_6PgMN2Ont2gs1u9","Vermont","Network of sites within one state/province","Retnoutria",14,"Treatment ending later due to changing phenology","Invasive plant management ","10+ years","Industry/Private Sector",2026,10,1,1,0.497024733125805,0.77590345940614
"R_3OZoTtXsYc0ZVCo","Michigan","Network of sites within one state/province","Retnoutria",20,"Starting earlier or ending later for other reasons","Invasive plant management ","10+ years","State Government",2026,10,1,0,1.28503632381942,0.77590345940614
"R_1nGlxwRGRwMbHVL","Massachusetts","Network of sites within one state/province","Retnoutria",4,"At the same time due to no change in phenology","Invasive plant management ","10+ years","Nongovernmental Organization",2026,10,1,0,-0.816327918030227,0.77590345940614
"R_5GB0QBBYaO426fP","Maine","Single site","Retnoutria",4,"At the same time despite changing phenology","Invasive plant management ","10+ years","City/Municipal Government",2026,10,1,1,-0.816327918030227,0.77590345940614
"R_5IQt3joF5gjoi45","Kentucky","Network of sites within one state/province","Retnoutria",3,"At the same time despite changing phenology","Invasive plant management ","Less than 2 years","State Government",2026,0.1,1,1,-0.947663183145831,-2.47428361270634
"R_1eg0HmIa9IVjxvH","Massachusetts","Network of sites within one state/province","Retnoutria",2,"At the same time due to no change in phenology","Invasive plant extension","2 to 5 years","Nongovernmental Organization",2026,2,1,0,-1.07899844826143,-1.85051033624031
"R_3EtnKAg5tMJYzSl","Massachusetts"," Other (please specify)","Retnoutria",7,"At the same time due to no change in phenology","Invasive plant management ","6 to 10 years","City/Municipal Government",2026,6,1,0,-0.422322122683418,-0.537303438417083
"R_1EsfjygrCBEI1cq","New Jersey","Network of sites within one state/province","Retnoutria",7,"At the same time due to no change in phenology","Invasive plant management ","6 to 10 years","Nongovernmental Organization",2026,6,1,0,-0.422322122683418,-0.537303438417083
"R_3Qxjb9i4NVkgesX","Massachusetts","Network of sites within one state/province","Retnoutria",10,"At the same time due to no change in phenology","Invasive plant management ","10+ years","Nongovernmental Organization",2026,10,1,0,-0.0283163273366078,0.77590345940614
"R_3Ed8zccgOdxwidw","Massachusetts","Network of sites within one state/province","Retnoutria",NA,"At the same time despite changing phenology","Other (I work with invasive plants but not as a manager, researcher, or extension)","10+ years","City/Municipal Government",2026,10,1,1,NA,0.77590345940614
"R_7ZUfZ0EoHO82Ct3","Rhode Island","Network of sites within one state/province","Retnoutria",10,"Starting earlier or ending later for other reasons","Invasive plant management ","6 to 10 years","Industry/Private Sector",2026,6,1,0,-0.0283163273366078,-0.537303438417083
"R_1JJfcg6oyDxaT5A","Massachusetts"," Other (please specify)","Retnoutria",6,"At the same time due to no change in phenology","Invasive plant management ","6 to 10 years","City/Municipal Government",2026,6,1,0,-0.553657387799021,-0.537303438417083
"R_5H6Li12o7rFfCKo","Rhode Island","Network of sites within one state/province","Retnoutria",6,"Treatment ending later due to changing phenology","Invasive plant management ","10+ years","Industry/Private Sector",2026,10,1,1,-0.553657387799021,0.77590345940614
"R_7juXrkATSSXEEWR","Rhode Island","Single site","Retnoutria",10,"At the same time due to no change in phenology","Invasive plant management ","2 to 5 years","Academia/University",2026,2,1,0,-0.0283163273366078,-1.85051033624031
"R_7pKymxAKzskP9AS","Wisconsin","Multi-state network of sites","Retnoutria",15,"At the same time due to no change in phenology","Invasive plant management ","10+ years","Nongovernmental Organization",2026,10,1,0,0.628359998241409,0.77590345940614
"R_5gHFiq6DKC8WPVl","Ontario","Network of sites within one state/province","Retnoutria",30,"At the same time due to no change in phenology","Invasive plant management ","10+ years","Industry/Private Sector",2026,10,1,0,2.59838897497546,0.77590345940614
"R_6jVAdbjxfGf7ZNc","Maryland","Network of sites within one state/province","Retnoutria",1,"At the same time due to no change in phenology","Invasive plant management ","6 to 10 years","Nongovernmental Organization",2026,6,1,0,-1.21033371337704,-0.537303438417083
"R_5Kr2fz6TZxQx0Uu","Connecticut","Single site","Retnoutria",2,"Treatment starting earlier due to changing phenology,Treatment ending later due to changing phenology,Starting earlier or ending later for other reasons","Other (I work with invasive plants but not as a manager, researcher, or extension)","6 to 10 years","Other",2026,6,1,1,-1.07899844826143,-0.537303438417083
"R_7iywZfD9qBljGo1","Indiana","Network of sites within one state/province","Retnoutria",4,"At the same time due to no change in phenology","Invasive plant management ","6 to 10 years","Other",2026,6,1,0,-0.816327918030227,-0.537303438417083
"R_3Hq4RrgAKLo0gVL","Massachusetts"," Other (please specify)","Retnoutria",30,"Treatment starting earlier due to changing phenology,Starting earlier or ending later for other reasons","Invasive plant management ","2 to 5 years","City/Municipal Government",2026,2,1,1,2.59838897497546,-1.85051033624031
"R_6M9cNcffDgSe0XJ","Massachusetts","Single site","Retnoutria",1,"At the same time despite changing phenology","Invasive plant management ","6 to 10 years","Nongovernmental Organization",2026,6,1,1,-1.21033371337704,-0.537303438417083
"R_1rqNLxE1UVT5Prc","Massachusetts","Single site","Retnoutria",3,"Starting earlier or ending later for other reasons","Invasive plant management ","10+ years","Nongovernmental Organization",2026,10,1,0,-0.947663183145831,0.77590345940614
"R_7eqSNbi6mQ46E1Z","Virginia","Multi-state network of sites","Retnoutria",20,"Treatment starting earlier due to changing phenology","Invasive plant management ","10+ years","Industry/Private Sector",2026,10,1,1,1.28503632381942,0.77590345940614
"R_3lpMOKMac0cgCvT","Massachusetts","Network of sites within one state/province","Retnoutria",6,"Treatment starting earlier due to changing phenology,Treatment ending later due to changing phenology,Starting earlier or ending later for other reasons","Invasive plant management ","10+ years","Industry/Private Sector",2026,10,1,1,-0.553657387799021,0.77590345940614
"R_3VxbJkG46TDSZKp","Pennsylvania","Multi-state network of sites","Retnoutria",19,"Treatment ending later due to changing phenology","Invasive plant management ","10+ years"," Federal Government",2026,10,1,1,1.15370105870382,0.77590345940614
"R_5pzvxrP2azfmvYJ","Michigan","Network of sites within one state/province","Retnoutria",12,"Starting earlier or ending later for other reasons","Invasive plant management ","10+ years","Other",2026,10,1,0,0.234354202894599,0.77590345940614
"R_7IvjAhNgByZUh4p","Michigan","Network of sites within one state/province","Retnoutria",10,"Treatment starting earlier due to changing phenology,Treatment ending later due to changing phenology","Invasive plant management ","10+ years","City/Municipal Government",2026,10,1,1,-0.0283163273366078,0.77590345940614
"R_1CCn7PCFILz7KFm","Vermont","Network of sites within one state/province","Retnoutria",8,"At the same time due to no change in phenology","Invasive plant management ","10+ years","Nongovernmental Organization",2026,10,1,0,-0.290986857567814,0.77590345940614
"R_74FeknDhSsDq3Tj","Virginia","Multi-state network of sites","Retnoutria",10,"Treatment starting earlier due to changing phenology","Invasive plant management ","6 to 10 years","Industry/Private Sector",2026,6,1,1,-0.0283163273366078,-0.537303438417083
"R_6lGDmKoRK5yHshi","Maine","Single site","Retnoutria",23,"At the same time despite changing phenology","Invasive plant management ","10+ years"," Federal Government",2026,10,1,1,1.67904211916623,0.77590345940614
"R_6Q75yjxK5fIfXwZ","Maryland","Network of sites within one state/province","Retnoutria",3,"At the same time despite changing phenology","Invasive plant management ","10+ years","County Government",2026,10,1,1,-0.947663183145831,0.77590345940614
"R_3e8YdoUiS4iZyX0","Michigan","Network of sites within one state/province","Retnoutria",3,"Starting earlier or ending later for other reasons","Invasive plant management ","6 to 10 years","County Government",2026,6,1,0,-0.947663183145831,-0.537303438417083
"R_7B9gKVBYajQN8hK","Vermont","Single site","Retnoutria",2,"Treatment starting earlier due to changing phenology,Starting earlier or ending later for other reasons","Invasive plant management ","10+ years","Nongovernmental Organization",2026,10,1,1,-1.07899844826143,0.77590345940614
"R_3YsNgjgIfC3NqDf","Ontario","Network of sites within one state/province","Retnoutria",8,"Starting earlier or ending later for other reasons","Invasive plant management ","2 to 5 years","City/Municipal Government",2026,2,1,0,-0.290986857567814,-1.85051033624031
"R_1OfwKlCXtu2ZYoa","Vermont"," Other (please specify)","Retnoutria",5,"At the same time despite changing phenology","Other (I work with invasive plants but not as a manager, researcher, or extension)","2 to 5 years","Other",2026,2,1,1,-0.684992652914624,-1.85051033624031
"R_7jZpgrqPT21G0fj","Vermont","Single site","Retnoutria",3,"At the same time due to no change in phenology","Invasive plant management ","10+ years","State Government",2026,10,1,0,-0.947663183145831,0.77590345940614
"R_51hjoFYUg74WFmz","Massachusetts","Network of sites within one state/province","Retnoutria",15,"At the same time despite changing phenology","Invasive plant management ","10+ years"," Federal Government",2026,10,1,1,0.628359998241409,0.77590345940614
"R_3odqWeiPriybrSx","Maryland","Multi-state network of sites","Retnoutria",25,"At the same time due to no change in phenology","Invasive plant management ","10+ years","Industry/Private Sector",2026,10,1,0,1.94171264939744,0.77590345940614
"R_1EGs8JgbiTLIdrk","Michigan","Multi-state network of sites","Retnoutria",15,"Treatment ending later due to changing phenology,Starting earlier or ending later for other reasons","Invasive plant management ","10+ years","Nongovernmental Organization",2026,10,1,1,0.628359998241409,0.77590345940614
"R_3Si9tax1RwMIZLT","Massachusetts","Multi-state network of sites","Retnoutria",9,"Treatment starting earlier due to changing phenology,Treatment ending later due to changing phenology","Invasive plant management ","10+ years","Industry/Private Sector",2026,10,1,1,-0.159651592452211,0.77590345940614
"R_62Ll7ZFWepKPSWn","Maine","Multi-state network of sites","Retnoutria",28,"Treatment ending later due to changing phenology","Invasive plant management ","10+ years","Industry/Private Sector",2026,10,1,1,2.33571844474425,0.77590345940614
"R_3Xof06Wl6uTCmnD","New York","Network of sites within one state/province","Retnoutria",20,"Starting earlier or ending later for other reasons","Invasive plant management ","10+ years","State Government",2026,10,1,0,1.28503632381942,0.77590345940614
"R_3lWumIYfy2qG65b","New York","Network of sites within one state/province","Retnoutria",1,"At the same time due to no change in phenology","Invasive plant management ","6 to 10 years","State Government",2026,6,1,0,-1.21033371337704,-0.537303438417083
"R_7NTYejGCvqGhEQB","New York","Network of sites within one state/province","Retnoutria",5,"At the same time due to no change in phenology","Invasive plant management ","10+ years","State Government",2026,10,1,0,-0.684992652914624,0.77590345940614
"R_7mleLpdbPvb6bxt","Connecticut","Network of sites within one state/province","Retnoutria",5,"At the same time due to no change in phenology","Invasive plant management ","2 to 5 years","Industry/Private Sector",2026,2,1,0,-0.684992652914624,-1.85051033624031
"R_3DHks2vVgdNJOBn","Michigan","Network of sites within one state/province","Pueria",3,"At the same time due to no change in phenology","Invasive plant management ","2 to 5 years","Nongovernmental Organization",2026,2,1,0,-0.947663183145831,-1.85051033624031
"R_3OZoTtXsYc0ZVCo","Michigan","Network of sites within one state/province","Pueria",10,"Treatment starting earlier due to changing phenology,Treatment ending later due to changing phenology","Invasive plant management ","10+ years","State Government",2026,10,1,1,-0.0283163273366078,0.77590345940614
"R_5IQt3joF5gjoi45","Kentucky","Network of sites within one state/province","Pueria",8,"Starting earlier or ending later for other reasons","Invasive plant management ","Less than 2 years","State Government",2026,0.1,1,0,-0.290986857567814,-2.47428361270634
"R_7MHtOez4Anav6YF","New York","Network of sites within one state/province","Pueria",3,"Treatment ending later due to changing phenology","Invasive plant extension","6 to 10 years","Nongovernmental Organization",2026,6,1,1,-0.947663183145831,-0.537303438417083
"R_3PQOLiHs19fSpEi","Virginia","Network of sites within one state/province","Pueria",8,"At the same time due to no change in phenology","Invasive plant management ","10+ years","State Government",2026,10,1,0,-0.290986857567814,0.77590345940614
"R_7eqSNbi6mQ46E1Z","Virginia","Multi-state network of sites","Pueria",20,"Treatment starting earlier due to changing phenology","Invasive plant management ","10+ years","Industry/Private Sector",2026,10,1,1,1.28503632381942,0.77590345940614
"R_74FeknDhSsDq3Tj","Virginia","Multi-state network of sites","Pueria",10,"At the same time due to no change in phenology","Invasive plant management ","6 to 10 years","Industry/Private Sector",2026,6,1,0,-0.0283163273366078,-0.537303438417083
"R_7ZJRu0abbATItQu","North Carolina","Network of sites within one state/province","Pueria",12,"At the same time due to no change in phenology","Invasive plant management ","10+ years","County Government",2026,10,1,0,0.234354202894599,0.77590345940614
"R_77YAH73ER57ZnBn","Kentucky","Network of sites within one state/province","Pueria",15,"At the same time due to no change in phenology","Invasive plant management ","10+ years","Academia/University",2026,10,1,0,0.628359998241409,0.77590345940614
"R_6RfvvrSVaZFoLRH","Virginia","Network of sites within one state/province","Pueria",1,"Treatment starting earlier due to changing phenology","Invasive plant management ","10+ years","Nongovernmental Organization",2026,10,1,1,-1.21033371337704,0.77590345940614
"R_5rHa6I5vBes9eDX","Vermont","Network of sites within one state/province","Rosa",3,"At the same time due to no change in phenology","Invasive plant management ","2 to 5 years","Nongovernmental Organization",2026,2,1,0,-0.947663183145831,-1.85051033624031
"R_5hAPDFkgmRMkZzy","New York","Network of sites within one state/province","Rosa",3,"At the same time despite changing phenology","Invasive plant management ","10+ years","Nongovernmental Organization",2026,10,1,1,-0.947663183145831,0.77590345940614
"R_6yLkjZOTEZ3TCvv","Pennsylvania","Network of sites within one state/province","Rosa",12,"At the same time due to no change in phenology","Invasive plant management ","10+ years","City/Municipal Government",2026,10,1,0,0.234354202894599,0.77590345940614
"R_12MfvXiIwliM6mq","Virginia","Network of sites within one state/province","Rosa",5,"At the same time due to no change in phenology","Invasive plant management ","2 to 5 years","Academia/University",2026,2,1,0,-0.684992652914624,-1.85051033624031
"R_5EsAG4x9K525yff","Pennsylvania","Network of sites within one state/province","Rosa",NA,"At the same time due to no change in phenology","Invasive plant management ","6 to 10 years","Nongovernmental Organization",2026,6,1,0,NA,-0.537303438417083
"R_5upMJmCgVD9qgCQ","Pennsylvania","Network of sites within one state/province","Rosa",3,"Starting earlier or ending later for other reasons","Invasive plant management ","2 to 5 years","Other",2026,2,1,0,-0.947663183145831,-1.85051033624031
"R_1g744XrqigaNK4J","Maine","Network of sites within one state/province","Rosa",9,"At the same time despite changing phenology","Invasive plant management ","6 to 10 years","Industry/Private Sector",2026,6,1,1,-0.159651592452211,-0.537303438417083
"R_3rk1Kc6ds2b1R97","New York","Network of sites within one state/province","Rosa",3,"At the same time due to no change in phenology","Invasive plant management ","2 to 5 years","State Government",2026,2,1,0,-0.947663183145831,-1.85051033624031
"R_5FqDfQSEijhcVoz","Vermont","Multi-state network of sites","Rosa",10,"Treatment ending later due to changing phenology","Invasive plant management ","10+ years","Industry/Private Sector",2026,10,1,1,-0.0283163273366078,0.77590345940614
"R_13xaGsGqqLXdwtw","Michigan","Network of sites within one state/province","Rosa",10,"At the same time due to no change in phenology","Invasive plant management ","10+ years","Nongovernmental Organization",2026,10,1,0,-0.0283163273366078,0.77590345940614
"R_5EgSX1WrmV8JNfE","Massachusetts"," Other (please specify)","Rosa",5,"Treatment starting earlier due to changing phenology","Invasive plant management ","2 to 5 years","State Government",2026,2,1,1,-0.684992652914624,-1.85051033624031
"R_5q56JqF0jN1J5xT","New Hampshire","Multi-state network of sites","Rosa",20,"Treatment starting earlier due to changing phenology,Treatment ending later due to changing phenology","Invasive plant management ","10+ years","Industry/Private Sector",2026,10,1,1,1.28503632381942,0.77590345940614
"R_72Pfw8uP98OJPoM","Maryland","Single site","Rosa",10,"At the same time due to no change in phenology","Invasive plant management ","10+ years","Industry/Private Sector",2026,10,1,0,-0.0283163273366078,0.77590345940614
"R_6PgMN2Ont2gs1u9","Vermont","Network of sites within one state/province","Rosa",8,"At the same time despite changing phenology","Invasive plant management ","10+ years","Industry/Private Sector",2026,10,1,1,-0.290986857567814,0.77590345940614
"R_3OZoTtXsYc0ZVCo","Michigan","Network of sites within one state/province","Rosa",20,"Treatment starting earlier due to changing phenology,Treatment ending later due to changing phenology","Invasive plant management ","10+ years","State Government",2026,10,1,1,1.28503632381942,0.77590345940614
"R_3l6nHVEdBFb0wAn","Vermont","Multi-state network of sites","Rosa",15,"Treatment starting earlier due to changing phenology","Invasive plant management ","10+ years","Industry/Private Sector",2026,10,1,1,0.628359998241409,0.77590345940614
"R_1nGlxwRGRwMbHVL","Massachusetts","Network of sites within one state/province","Rosa",10,"At the same time due to no change in phenology","Invasive plant management ","10+ years","Nongovernmental Organization",2026,10,1,0,-0.0283163273366078,0.77590345940614
"R_7EvlQO9OfQ8OoER","Michigan","Network of sites within one state/province","Rosa",20,"At the same time despite changing phenology","Invasive plant management ","10+ years","Nongovernmental Organization",2026,10,1,1,1.28503632381942,0.77590345940614
"R_5GB0QBBYaO426fP","Maine","Single site","Rosa",10,"At the same time despite changing phenology","Invasive plant management ","10+ years","City/Municipal Government",2026,10,1,1,-0.0283163273366078,0.77590345940614
"R_6b7y38YC6VhzhAZ","New Jersey"," Other (please specify)","Rosa",5,"At the same time due to no change in phenology","Invasive plant management ","6 to 10 years","County Government",2026,6,1,0,-0.684992652914624,-0.537303438417083
"R_1D5srXkx8ozWrQm","Maryland","Single site","Rosa",8,"At the same time due to no change in phenology","Invasive plant management ","6 to 10 years","Nongovernmental Organization",2026,6,1,0,-0.290986857567814,-0.537303438417083
"R_5IQt3joF5gjoi45","Kentucky","Network of sites within one state/province","Rosa",1,"At the same time despite changing phenology","Invasive plant management ","Less than 2 years","State Government",2026,0.1,1,1,-1.21033371337704,-2.47428361270634
"R_1eg0HmIa9IVjxvH","Massachusetts","Network of sites within one state/province","Rosa",2,"At the same time due to no change in phenology","Invasive plant extension","2 to 5 years","Nongovernmental Organization",2026,2,1,0,-1.07899844826143,-1.85051033624031
"R_1EsfjygrCBEI1cq","New Jersey","Network of sites within one state/province","Rosa",8,"At the same time due to no change in phenology","Invasive plant management ","6 to 10 years","Nongovernmental Organization",2026,6,1,0,-0.290986857567814,-0.537303438417083
"R_3Qxjb9i4NVkgesX","Massachusetts","Network of sites within one state/province","Rosa",10,"Treatment starting earlier due to changing phenology","Invasive plant management ","10+ years","Nongovernmental Organization",2026,10,1,1,-0.0283163273366078,0.77590345940614
"R_3Ed8zccgOdxwidw","Massachusetts","Network of sites within one state/province","Rosa",NA,"At the same time despite changing phenology","Other (I work with invasive plants but not as a manager, researcher, or extension)","10+ years","City/Municipal Government",2026,10,1,1,NA,0.77590345940614
"R_7ZUfZ0EoHO82Ct3","Rhode Island","Network of sites within one state/province","Rosa",10,"Starting earlier or ending later for other reasons","Invasive plant management ","6 to 10 years","Industry/Private Sector",2026,6,1,0,-0.0283163273366078,-0.537303438417083
"R_5rdlHlOy7XfBCJX","Rhode Island","Network of sites within one state/province","Rosa",5,"At the same time despite changing phenology","Invasive plant management ","6 to 10 years","State Government",2026,6,1,1,-0.684992652914624,-0.537303438417083
"R_7pKymxAKzskP9AS","Wisconsin","Multi-state network of sites","Rosa",15,"At the same time due to no change in phenology","Invasive plant management ","10+ years","Nongovernmental Organization",2026,10,1,0,0.628359998241409,0.77590345940614
"R_5gHFiq6DKC8WPVl","Ontario","Network of sites within one state/province","Rosa",30,"At the same time due to no change in phenology","Invasive plant management ","10+ years","Industry/Private Sector",2026,10,1,0,2.59838897497546,0.77590345940614
"R_6jVAdbjxfGf7ZNc","Maryland","Network of sites within one state/province","Rosa",10,"At the same time due to no change in phenology","Invasive plant management ","6 to 10 years","Nongovernmental Organization",2026,6,1,0,-0.0283163273366078,-0.537303438417083
"R_3PQOLiHs19fSpEi","Virginia","Network of sites within one state/province","Rosa",22,"At the same time due to no change in phenology","Invasive plant management ","10+ years","State Government",2026,10,1,0,1.54770685405063,0.77590345940614
"R_5Kr2fz6TZxQx0Uu","Connecticut","Single site","Rosa",2,"Treatment starting earlier due to changing phenology,Treatment ending later due to changing phenology,Starting earlier or ending later for other reasons","Other (I work with invasive plants but not as a manager, researcher, or extension)","6 to 10 years","Other",2026,6,1,1,-1.07899844826143,-0.537303438417083
"R_3Z0oewLXyyqJj9v","Virginia","Multi-state network of sites","Rosa",6,"Treatment ending later due to changing phenology","Invasive plant management ","10+ years","Nongovernmental Organization",2026,10,1,1,-0.553657387799021,0.77590345940614
"R_6M9cNcffDgSe0XJ","Massachusetts","Single site","Rosa",5,"At the same time despite changing phenology","Invasive plant management ","6 to 10 years","Nongovernmental Organization",2026,6,1,1,-0.684992652914624,-0.537303438417083
"R_1rqNLxE1UVT5Prc","Massachusetts","Single site","Rosa",3,"Starting earlier or ending later for other reasons","Invasive plant management ","10+ years","Nongovernmental Organization",2026,10,1,0,-0.947663183145831,0.77590345940614
"R_7eqSNbi6mQ46E1Z","Virginia","Multi-state network of sites","Rosa",20,"Treatment starting earlier due to changing phenology","Invasive plant management ","10+ years","Industry/Private Sector",2026,10,1,1,1.28503632381942,0.77590345940614
"R_3lpMOKMac0cgCvT","Massachusetts","Network of sites within one state/province","Rosa",3,"At the same time despite changing phenology","Invasive plant management ","10+ years","Industry/Private Sector",2026,10,1,1,-0.947663183145831,0.77590345940614
"R_3VxbJkG46TDSZKp","Pennsylvania","Multi-state network of sites","Rosa",19,"Treatment starting earlier due to changing phenology,Treatment ending later due to changing phenology","Invasive plant management ","10+ years"," Federal Government",2026,10,1,1,1.15370105870382,0.77590345940614
"R_5O9uAodgBqlcrtL","Massachusetts","Network of sites within one state/province","Rosa",1,"Starting earlier or ending later for other reasons","Invasive plant management ","2 to 5 years","Nongovernmental Organization",2026,2,1,0,-1.21033371337704,-1.85051033624031
"R_1CCn7PCFILz7KFm","Vermont","Network of sites within one state/province","Rosa",10,"At the same time due to no change in phenology","Invasive plant management ","10+ years","Nongovernmental Organization",2026,10,1,0,-0.0283163273366078,0.77590345940614
"R_74FeknDhSsDq3Tj","Virginia","Multi-state network of sites","Rosa",10,"At the same time due to no change in phenology","Invasive plant management ","6 to 10 years","Industry/Private Sector",2026,6,1,0,-0.0283163273366078,-0.537303438417083
"R_6Q75yjxK5fIfXwZ","Maryland","Network of sites within one state/province","Rosa",5,"Treatment starting earlier due to changing phenology","Invasive plant management ","10+ years","County Government",2026,10,1,1,-0.684992652914624,0.77590345940614
"R_3e8YdoUiS4iZyX0","Michigan","Network of sites within one state/province","Rosa",6,"At the same time due to no change in phenology","Invasive plant management ","6 to 10 years","County Government",2026,6,1,0,-0.553657387799021,-0.537303438417083
"R_1jvRN5ofBQAxAQE","Rhode Island","Single site","Rosa",10,"Treatment ending later due to changing phenology","Invasive plant research/science","6 to 10 years","Other",2026,6,1,1,-0.0283163273366078,-0.537303438417083
"R_7jZpgrqPT21G0fj","Vermont","Single site","Rosa",30,"At the same time due to no change in phenology","Invasive plant management ","10+ years","State Government",2026,10,1,0,2.59838897497546,0.77590345940614
"R_5f0dgF6wdYD8aPv","Maine","Network of sites within one state/province","Rosa",20,"Treatment starting earlier due to changing phenology","Invasive plant management ","10+ years","Nongovernmental Organization",2026,10,1,1,1.28503632381942,0.77590345940614
"R_1IvpUjUVXHoOlPW","Vermont","Single site","Rosa",4,"At the same time due to no change in phenology","Invasive plant management ","10+ years","Nongovernmental Organization",2026,10,1,0,-0.816327918030227,0.77590345940614
"R_3G9fjD3aUkxTH1a","Maryland","Network of sites within one state/province","Rosa",15,"At the same time due to no change in phenology","Invasive plant management ","10+ years","Industry/Private Sector",2026,10,1,0,0.628359998241409,0.77590345940614
"R_51hjoFYUg74WFmz","Massachusetts","Network of sites within one state/province","Rosa",25,"At the same time despite changing phenology","Invasive plant management ","10+ years"," Federal Government",2026,10,1,1,1.94171264939744,0.77590345940614
"R_3odqWeiPriybrSx","Maryland","Multi-state network of sites","Rosa",20,"At the same time due to no change in phenology","Invasive plant management ","10+ years","Industry/Private Sector",2026,10,1,0,1.28503632381942,0.77590345940614
"R_3Si9tax1RwMIZLT","Massachusetts","Multi-state network of sites","Rosa",9,"Treatment starting earlier due to changing phenology,Treatment ending later due to changing phenology","Invasive plant management ","10+ years","Industry/Private Sector",2026,10,1,1,-0.159651592452211,0.77590345940614
"R_62Ll7ZFWepKPSWn","Maine","Multi-state network of sites","Rosa",28,"Treatment ending later due to changing phenology","Invasive plant management ","10+ years","Industry/Private Sector",2026,10,1,1,2.33571844474425,0.77590345940614
"R_3Xof06Wl6uTCmnD","New York","Network of sites within one state/province","Rosa",20,"Starting earlier or ending later for other reasons","Invasive plant management ","10+ years","State Government",2026,10,1,0,1.28503632381942,0.77590345940614
"R_70UIFBzhIKuqskM","New York","Network of sites within one state/province","Rosa",20,"Treatment ending later due to changing phenology","Invasive plant management ","10+ years","State Government",2026,10,1,1,1.28503632381942,0.77590345940614
"R_7NTYejGCvqGhEQB","New York","Network of sites within one state/province","Rosa",10,"At the same time due to no change in phenology","Invasive plant management ","10+ years","State Government",2026,10,1,0,-0.0283163273366078,0.77590345940614
"R_7mleLpdbPvb6bxt","Connecticut","Network of sites within one state/province","Rosa",2,"At the same time due to no change in phenology","Invasive plant management ","2 to 5 years","Industry/Private Sector",2026,2,1,0,-1.07899844826143,-1.85051033624031
"R_5rHa6I5vBes9eDX","Vermont","Network of sites within one state/province","Microstegium",3,"Treatment starting earlier due to changing phenology","Invasive plant management ","2 to 5 years","Nongovernmental Organization",2026,2,1,1,-0.947663183145831,-1.85051033624031
"R_7zqDdqzI3278NXi","Maryland","Network of sites within one state/province","Microstegium",NA,"At the same time despite changing phenology","Invasive plant management ","10+ years","State Government",2026,10,1,1,NA,0.77590345940614
"R_6yLkjZOTEZ3TCvv","Pennsylvania","Network of sites within one state/province","Microstegium",12,"At the same time due to no change in phenology","Invasive plant management ","10+ years","City/Municipal Government",2026,10,1,0,0.234354202894599,0.77590345940614
"R_12MfvXiIwliM6mq","Virginia","Network of sites within one state/province","Microstegium",3,"At the same time due to no change in phenology","Invasive plant management ","2 to 5 years","Academia/University",2026,2,1,0,-0.947663183145831,-1.85051033624031
"R_5EsAG4x9K525yff","Pennsylvania","Network of sites within one state/province","Microstegium",NA,"Treatment starting earlier due to changing phenology","Invasive plant management ","6 to 10 years","Nongovernmental Organization",2026,6,1,1,NA,-0.537303438417083
"R_5upMJmCgVD9qgCQ","Pennsylvania","Network of sites within one state/province","Microstegium",3,"Starting earlier or ending later for other reasons","Invasive plant management ","2 to 5 years","Other",2026,2,1,0,-0.947663183145831,-1.85051033624031
"R_6JCxiOL4bNouMvv","New York","Network of sites within one state/province","Microstegium",NA,"Treatment starting earlier due to changing phenology","Invasive plant management ","2 to 5 years","Nongovernmental Organization",2026,2,1,1,NA,-1.85051033624031
"R_3rk1Kc6ds2b1R97","New York","Network of sites within one state/province","Microstegium",6,"At the same time due to no change in phenology","Invasive plant management ","2 to 5 years","State Government",2026,2,1,0,-0.553657387799021,-1.85051033624031
"R_72Pfw8uP98OJPoM","Maryland","Single site","Microstegium",15,"At the same time due to no change in phenology","Invasive plant management ","10+ years","Industry/Private Sector",2026,10,1,0,0.628359998241409,0.77590345940614
"R_3OZoTtXsYc0ZVCo","Michigan","Network of sites within one state/province","Microstegium",10,"Treatment starting earlier due to changing phenology","Invasive plant management ","10+ years","State Government",2026,10,1,1,-0.0283163273366078,0.77590345940614
"R_1nGlxwRGRwMbHVL","Massachusetts","Network of sites within one state/province","Microstegium",10,"Treatment starting earlier due to changing phenology","Invasive plant management ","10+ years","Nongovernmental Organization",2026,10,1,1,-0.0283163273366078,0.77590345940614
"R_1D5srXkx8ozWrQm","Maryland","Single site","Microstegium",2,"Treatment starting earlier due to changing phenology,Treatment ending later due to changing phenology","Invasive plant management ","6 to 10 years","Nongovernmental Organization",2026,6,1,1,-1.07899844826143,-0.537303438417083
"R_5IQt3joF5gjoi45","Kentucky","Network of sites within one state/province","Microstegium",3,"At the same time due to no change in phenology","Invasive plant management ","Less than 2 years","State Government",2026,0.1,1,0,-0.947663183145831,-2.47428361270634
"R_1EsfjygrCBEI1cq","New Jersey","Network of sites within one state/province","Microstegium",5,"At the same time due to no change in phenology","Invasive plant management ","6 to 10 years","Nongovernmental Organization",2026,6,1,0,-0.684992652914624,-0.537303438417083
"R_3Qxjb9i4NVkgesX","Massachusetts","Network of sites within one state/province","Microstegium",10,"At the same time due to no change in phenology","Invasive plant management ","10+ years","Nongovernmental Organization",2026,10,1,0,-0.0283163273366078,0.77590345940614
"R_1JJfcg6oyDxaT5A","Massachusetts"," Other (please specify)","Microstegium",4,"At the same time due to no change in phenology","Invasive plant management ","6 to 10 years","City/Municipal Government",2026,6,1,0,-0.816327918030227,-0.537303438417083
"R_7MHtOez4Anav6YF","New York","Network of sites within one state/province","Microstegium",1,"At the same time due to no change in phenology","Invasive plant extension","6 to 10 years","Nongovernmental Organization",2026,6,1,0,-1.21033371337704,-0.537303438417083
"R_6jVAdbjxfGf7ZNc","Maryland","Network of sites within one state/province","Microstegium",10,"At the same time due to no change in phenology","Invasive plant management ","6 to 10 years","Nongovernmental Organization",2026,6,1,0,-0.0283163273366078,-0.537303438417083
"R_7iywZfD9qBljGo1","Indiana","Network of sites within one state/province","Microstegium",2,"Treatment starting earlier due to changing phenology","Invasive plant management ","6 to 10 years","Other",2026,6,1,1,-1.07899844826143,-0.537303438417083
"R_1rqNLxE1UVT5Prc","Massachusetts","Single site","Microstegium",3,"Starting earlier or ending later for other reasons","Invasive plant management ","10+ years","Nongovernmental Organization",2026,10,1,0,-0.947663183145831,0.77590345940614
"R_7eqSNbi6mQ46E1Z","Virginia","Multi-state network of sites","Microstegium",20,"Treatment starting earlier due to changing phenology","Invasive plant management ","10+ years","Industry/Private Sector",2026,10,1,1,1.28503632381942,0.77590345940614
"R_3lpMOKMac0cgCvT","Massachusetts","Network of sites within one state/province","Microstegium",2,"At the same time despite changing phenology","Invasive plant management ","10+ years","Industry/Private Sector",2026,10,1,1,-1.07899844826143,0.77590345940614
"R_3VxbJkG46TDSZKp","Pennsylvania","Multi-state network of sites","Microstegium",6,"Treatment starting earlier due to changing phenology","Invasive plant management ","10+ years"," Federal Government",2026,10,1,1,-0.553657387799021,0.77590345940614
"R_5O9uAodgBqlcrtL","Massachusetts","Network of sites within one state/province","Microstegium",1,"Starting earlier or ending later for other reasons","Invasive plant management ","2 to 5 years","Nongovernmental Organization",2026,2,1,0,-1.21033371337704,-1.85051033624031
"R_74FeknDhSsDq3Tj","Virginia","Multi-state network of sites","Microstegium",10,"Starting earlier or ending later for other reasons","Invasive plant management ","6 to 10 years","Industry/Private Sector",2026,6,1,0,-0.0283163273366078,-0.537303438417083
"R_1jvRN5ofBQAxAQE","Rhode Island","Single site","Microstegium",1,"Treatment ending later due to changing phenology","Invasive plant research/science","6 to 10 years","Other",2026,6,1,1,-1.21033371337704,-0.537303438417083
"R_7jZpgrqPT21G0fj","Vermont","Single site","Microstegium",25,"At the same time due to no change in phenology","Invasive plant management ","10+ years","State Government",2026,10,1,0,1.94171264939744,0.77590345940614
"R_3G9fjD3aUkxTH1a","Maryland","Network of sites within one state/province","Microstegium",30,"At the same time due to no change in phenology","Invasive plant management ","10+ years","Industry/Private Sector",2026,10,1,0,2.59838897497546,0.77590345940614
"R_51hjoFYUg74WFmz","Massachusetts","Network of sites within one state/province","Microstegium",5,"At the same time despite changing phenology","Invasive plant management ","10+ years"," Federal Government",2026,10,1,1,-0.684992652914624,0.77590345940614
"R_3mwJdcOf68mSU8i","Ohio"," Other (please specify)","Microstegium",10,"Treatment starting earlier due to changing phenology","Invasive plant management ","10+ years","Nongovernmental Organization",2026,10,1,1,-0.0283163273366078,0.77590345940614
"R_6RfvvrSVaZFoLRH","Virginia","Network of sites within one state/province","Microstegium",12,"Treatment ending later due to changing phenology","Invasive plant management ","10+ years","Nongovernmental Organization",2026,10,1,1,0.234354202894599,0.77590345940614
"R_3Si9tax1RwMIZLT","Massachusetts","Multi-state network of sites","Microstegium",5,"At the same time due to no change in phenology","Invasive plant management ","10+ years","Industry/Private Sector",2026,10,1,0,-0.684992652914624,0.77590345940614
"R_3Xof06Wl6uTCmnD","New York","Network of sites within one state/province","Microstegium",5,"Starting earlier or ending later for other reasons","Invasive plant management ","10+ years","State Government",2026,10,1,0,-0.684992652914624,0.77590345940614
"R_7NTYejGCvqGhEQB","New York","Network of sites within one state/province","Microstegium",5,"At the same time due to no change in phenology","Invasive plant management ","10+ years","State Government",2026,10,1,0,-0.684992652914624,0.77590345940614
"R_7mleLpdbPvb6bxt","Connecticut","Network of sites within one state/province","Microstegium",2,"Treatment starting earlier due to changing phenology","Invasive plant management ","2 to 5 years","Industry/Private Sector",2026,2,1,1,-1.07899844826143,-1.85051033624031
"R_7GwBwiGreoKhfNs","Massachusetts","Network of sites within one state/province","Elaeagnus",NA,"At the same time due to no change in phenology","Invasive plant management ","6 to 10 years","County Government",2026,6,1,0,NA,-0.537303438417083
"R_7zqDdqzI3278NXi","Maryland","Network of sites within one state/province","Elaeagnus",NA,"Treatment ending later due to changing phenology","Invasive plant management ","10+ years","State Government",2026,10,1,1,NA,0.77590345940614
"R_5hAPDFkgmRMkZzy","New York","Network of sites within one state/province","Elaeagnus",3,"At the same time despite changing phenology","Invasive plant management ","10+ years","Nongovernmental Organization",2026,10,1,1,-0.947663183145831,0.77590345940614
"R_6yLkjZOTEZ3TCvv","Pennsylvania","Network of sites within one state/province","Elaeagnus",12,"At the same time due to no change in phenology","Invasive plant management ","10+ years","City/Municipal Government",2026,10,1,0,0.234354202894599,0.77590345940614
"R_12MfvXiIwliM6mq","Virginia","Network of sites within one state/province","Elaeagnus",5,"At the same time due to no change in phenology","Invasive plant management ","2 to 5 years","Academia/University",2026,2,1,0,-0.684992652914624,-1.85051033624031
"R_5EsAG4x9K525yff","Pennsylvania","Network of sites within one state/province","Elaeagnus",NA,"At the same time due to no change in phenology","Invasive plant management ","6 to 10 years","Nongovernmental Organization",2026,6,1,0,NA,-0.537303438417083
"R_5upMJmCgVD9qgCQ","Pennsylvania","Network of sites within one state/province","Elaeagnus",2,"Starting earlier or ending later for other reasons","Invasive plant management ","2 to 5 years","Other",2026,2,1,0,-1.07899844826143,-1.85051033624031
"R_1g744XrqigaNK4J","Maine","Network of sites within one state/province","Elaeagnus",8,"At the same time despite changing phenology","Invasive plant management ","6 to 10 years","Industry/Private Sector",2026,6,1,1,-0.290986857567814,-0.537303438417083
"R_5pi0PucgobcikIW","Michigan","Network of sites within one state/province","Elaeagnus",4,"Starting earlier or ending later for other reasons,At the same time due to no change in phenology","Invasive plant management ","6 to 10 years","Nongovernmental Organization",2026,6,1,0,-0.816327918030227,-0.537303438417083
"R_3rk1Kc6ds2b1R97","New York","Network of sites within one state/province","Elaeagnus",1,"At the same time due to no change in phenology","Invasive plant management ","2 to 5 years","State Government",2026,2,1,0,-1.21033371337704,-1.85051033624031
"R_3DHks2vVgdNJOBn","Michigan","Network of sites within one state/province","Elaeagnus",10,"At the same time due to no change in phenology","Invasive plant management ","2 to 5 years","Nongovernmental Organization",2026,2,1,0,-0.0283163273366078,-1.85051033624031
"R_5FqDfQSEijhcVoz","Vermont","Multi-state network of sites","Elaeagnus",12,"At the same time despite changing phenology","Invasive plant management ","10+ years","Industry/Private Sector",2026,10,1,1,0.234354202894599,0.77590345940614
"R_13xaGsGqqLXdwtw","Michigan","Network of sites within one state/province","Elaeagnus",10,"At the same time due to no change in phenology","Invasive plant management ","10+ years","Nongovernmental Organization",2026,10,1,0,-0.0283163273366078,0.77590345940614
"R_5q56JqF0jN1J5xT","New Hampshire","Multi-state network of sites","Elaeagnus",20,"Treatment starting earlier due to changing phenology,Treatment ending later due to changing phenology","Invasive plant management ","10+ years","Industry/Private Sector",2026,10,1,1,1.28503632381942,0.77590345940614
"R_3OZoTtXsYc0ZVCo","Michigan","Network of sites within one state/province","Elaeagnus",20,"Treatment starting earlier due to changing phenology,Treatment ending later due to changing phenology","Invasive plant management ","10+ years","State Government",2026,10,1,1,1.28503632381942,0.77590345940614
"R_3l6nHVEdBFb0wAn","Vermont","Multi-state network of sites","Elaeagnus",15,"Treatment starting earlier due to changing phenology","Invasive plant management ","10+ years","Industry/Private Sector",2026,10,1,1,0.628359998241409,0.77590345940614
"R_1EciEKujj6l77zC","Wisconsin","Network of sites within one state/province","Elaeagnus",1,"At the same time due to no change in phenology","Invasive plant management ","10+ years","Other",2026,10,1,0,-1.21033371337704,0.77590345940614
"R_1nGlxwRGRwMbHVL","Massachusetts","Network of sites within one state/province","Elaeagnus",10,"At the same time due to no change in phenology","Invasive plant management ","10+ years","Nongovernmental Organization",2026,10,1,0,-0.0283163273366078,0.77590345940614
"R_7EvlQO9OfQ8OoER","Michigan","Network of sites within one state/province","Elaeagnus",20,"At the same time despite changing phenology","Invasive plant management ","10+ years","Nongovernmental Organization",2026,10,1,1,1.28503632381942,0.77590345940614
"R_6b7y38YC6VhzhAZ","New Jersey"," Other (please specify)","Elaeagnus",5,"Treatment ending later due to changing phenology","Invasive plant management ","6 to 10 years","County Government",2026,6,1,1,-0.684992652914624,-0.537303438417083
"R_1D5srXkx8ozWrQm","Maryland","Single site","Elaeagnus",8,"At the same time due to no change in phenology","Invasive plant management ","6 to 10 years","Nongovernmental Organization",2026,6,1,0,-0.290986857567814,-0.537303438417083
"R_3EtnKAg5tMJYzSl","Massachusetts"," Other (please specify)","Elaeagnus",8,"At the same time due to no change in phenology","Invasive plant management ","6 to 10 years","City/Municipal Government",2026,6,1,0,-0.290986857567814,-0.537303438417083
"R_1EsfjygrCBEI1cq","New Jersey","Network of sites within one state/province","Elaeagnus",6,"At the same time due to no change in phenology","Invasive plant management ","6 to 10 years","Nongovernmental Organization",2026,6,1,0,-0.553657387799021,-0.537303438417083
"R_3Qxjb9i4NVkgesX","Massachusetts","Network of sites within one state/province","Elaeagnus",10,"Treatment starting earlier due to changing phenology","Invasive plant management ","10+ years","Nongovernmental Organization",2026,10,1,1,-0.0283163273366078,0.77590345940614
"R_3Ed8zccgOdxwidw","Massachusetts","Network of sites within one state/province","Elaeagnus",NA,"At the same time despite changing phenology","Other (I work with invasive plants but not as a manager, researcher, or extension)","10+ years","City/Municipal Government",2026,10,1,1,NA,0.77590345940614
"R_5rdlHlOy7XfBCJX","Rhode Island","Network of sites within one state/province","Elaeagnus",5,"At the same time despite changing phenology","Invasive plant management ","6 to 10 years","State Government",2026,6,1,1,-0.684992652914624,-0.537303438417083
"R_7pKymxAKzskP9AS","Wisconsin","Multi-state network of sites","Elaeagnus",15,"At the same time due to no change in phenology","Invasive plant management ","10+ years","Nongovernmental Organization",2026,10,1,0,0.628359998241409,0.77590345940614
"R_5gHFiq6DKC8WPVl","Ontario","Network of sites within one state/province","Elaeagnus",30,"At the same time due to no change in phenology","Invasive plant management ","10+ years","Industry/Private Sector",2026,10,1,0,2.59838897497546,0.77590345940614
"R_3PQOLiHs19fSpEi","Virginia","Network of sites within one state/province","Elaeagnus",24,"At the same time due to no change in phenology","Invasive plant management ","10+ years","State Government",2026,10,1,0,1.81037738428184,0.77590345940614
"R_5Kr2fz6TZxQx0Uu","Connecticut","Single site","Elaeagnus",2,"Treatment starting earlier due to changing phenology,Treatment ending later due to changing phenology,Starting earlier or ending later for other reasons","Other (I work with invasive plants but not as a manager, researcher, or extension)","6 to 10 years","Other",2026,6,1,1,-1.07899844826143,-0.537303438417083
"R_3Z0oewLXyyqJj9v","Virginia","Multi-state network of sites","Elaeagnus",6,"Treatment ending later due to changing phenology","Invasive plant management ","10+ years","Nongovernmental Organization",2026,10,1,1,-0.553657387799021,0.77590345940614
"R_7iywZfD9qBljGo1","Indiana","Network of sites within one state/province","Elaeagnus",6,"At the same time due to no change in phenology","Invasive plant management ","6 to 10 years","Other",2026,6,1,0,-0.553657387799021,-0.537303438417083
"R_3Hq4RrgAKLo0gVL","Massachusetts"," Other (please specify)","Elaeagnus",5,"At the same time due to no change in phenology","Invasive plant management ","2 to 5 years","City/Municipal Government",2026,2,1,0,-0.684992652914624,-1.85051033624031
"R_1rqNLxE1UVT5Prc","Massachusetts","Single site","Elaeagnus",3,"Starting earlier or ending later for other reasons","Invasive plant management ","10+ years","Nongovernmental Organization",2026,10,1,0,-0.947663183145831,0.77590345940614
"R_7eqSNbi6mQ46E1Z","Virginia","Multi-state network of sites","Elaeagnus",20,"Treatment starting earlier due to changing phenology","Invasive plant management ","10+ years","Industry/Private Sector",2026,10,1,1,1.28503632381942,0.77590345940614
"R_3lpMOKMac0cgCvT","Massachusetts","Network of sites within one state/province","Elaeagnus",3,"Treatment starting earlier due to changing phenology,Treatment ending later due to changing phenology,Starting earlier or ending later for other reasons","Invasive plant management ","10+ years","Industry/Private Sector",2026,10,1,1,-0.947663183145831,0.77590345940614
"R_5O9uAodgBqlcrtL","Massachusetts","Network of sites within one state/province","Elaeagnus",1,"Starting earlier or ending later for other reasons","Invasive plant management ","2 to 5 years","Nongovernmental Organization",2026,2,1,0,-1.21033371337704,-1.85051033624031
"R_5pzvxrP2azfmvYJ","Michigan","Network of sites within one state/province","Elaeagnus",14,"Starting earlier or ending later for other reasons","Invasive plant management ","10+ years","Other",2026,10,1,0,0.497024733125805,0.77590345940614
"R_1CCn7PCFILz7KFm","Vermont","Network of sites within one state/province","Elaeagnus",15,"At the same time due to no change in phenology","Invasive plant management ","10+ years","Nongovernmental Organization",2026,10,1,0,0.628359998241409,0.77590345940614
"R_74FeknDhSsDq3Tj","Virginia","Multi-state network of sites","Elaeagnus",10,"At the same time due to no change in phenology","Invasive plant management ","6 to 10 years","Industry/Private Sector",2026,6,1,0,-0.0283163273366078,-0.537303438417083
"R_6Q75yjxK5fIfXwZ","Maryland","Network of sites within one state/province","Elaeagnus",2,"At the same time despite changing phenology","Invasive plant management ","10+ years","County Government",2026,10,1,1,-1.07899844826143,0.77590345940614
"R_3e8YdoUiS4iZyX0","Michigan","Network of sites within one state/province","Elaeagnus",6,"At the same time due to no change in phenology","Invasive plant management ","6 to 10 years","County Government",2026,6,1,0,-0.553657387799021,-0.537303438417083
"R_1jvRN5ofBQAxAQE","Rhode Island","Single site","Elaeagnus",5,"Treatment ending later due to changing phenology","Invasive plant research/science","6 to 10 years","Other",2026,6,1,1,-0.684992652914624,-0.537303438417083
"R_7jZpgrqPT21G0fj","Vermont","Single site","Elaeagnus",30,"At the same time due to no change in phenology","Invasive plant management ","10+ years","State Government",2026,10,1,0,2.59838897497546,0.77590345940614
"R_7ZJRu0abbATItQu","North Carolina","Network of sites within one state/province","Elaeagnus",10,"Treatment starting earlier due to changing phenology,Treatment ending later due to changing phenology","Invasive plant management ","10+ years","County Government",2026,10,1,1,-0.0283163273366078,0.77590345940614
"R_77YAH73ER57ZnBn","Kentucky","Network of sites within one state/province","Elaeagnus",15,"At the same time due to no change in phenology","Invasive plant management ","10+ years","Academia/University",2026,10,1,0,0.628359998241409,0.77590345940614
"R_51hjoFYUg74WFmz","Massachusetts","Network of sites within one state/province","Elaeagnus",15,"At the same time due to no change in phenology","Invasive plant management ","10+ years"," Federal Government",2026,10,1,0,0.628359998241409,0.77590345940614
"R_3odqWeiPriybrSx","Maryland","Multi-state network of sites","Elaeagnus",12,"At the same time due to no change in phenology","Invasive plant management ","10+ years","Industry/Private Sector",2026,10,1,0,0.234354202894599,0.77590345940614
"R_6RfvvrSVaZFoLRH","Virginia","Network of sites within one state/province","Elaeagnus",12,"Treatment starting earlier due to changing phenology","Invasive plant management ","10+ years","Nongovernmental Organization",2026,10,1,1,0.234354202894599,0.77590345940614
"R_1EGs8JgbiTLIdrk","Michigan","Multi-state network of sites","Elaeagnus",15,"Starting earlier or ending later for other reasons,At the same time despite changing phenology","Invasive plant management ","10+ years","Nongovernmental Organization",2026,10,1,1,0.628359998241409,0.77590345940614
"R_3Si9tax1RwMIZLT","Massachusetts","Multi-state network of sites","Elaeagnus",9,"Treatment starting earlier due to changing phenology,Treatment ending later due to changing phenology","Invasive plant management ","10+ years","Industry/Private Sector",2026,10,1,1,-0.159651592452211,0.77590345940614
"R_62Ll7ZFWepKPSWn","Maine","Multi-state network of sites","Elaeagnus",28,"Treatment ending later due to changing phenology","Invasive plant management ","10+ years","Industry/Private Sector",2026,10,1,1,2.33571844474425,0.77590345940614
"R_3Xof06Wl6uTCmnD","New York","Network of sites within one state/province","Elaeagnus",20,"Starting earlier or ending later for other reasons","Invasive plant management ","10+ years","State Government",2026,10,1,0,1.28503632381942,0.77590345940614
"R_3lWumIYfy2qG65b","New York","Network of sites within one state/province","Elaeagnus",1,"At the same time due to no change in phenology","Invasive plant management ","6 to 10 years","State Government",2026,6,1,0,-1.21033371337704,-0.537303438417083
"R_7mleLpdbPvb6bxt","Connecticut","Network of sites within one state/province","Elaeagnus",2,"At the same time due to no change in phenology","Invasive plant management ","2 to 5 years","Industry/Private Sector",2026,2,1,0,-1.07899844826143,-1.85051033624031
"R_7zqDdqzI3278NXi","Maryland","Network of sites within one state/province","Berberis",NA,"Treatment ending later due to changing phenology","Invasive plant management ","10+ years","State Government",2026,10,1,1,NA,0.77590345940614
"R_5hAPDFkgmRMkZzy","New York","Network of sites within one state/province","Berberis",5,"At the same time despite changing phenology","Invasive plant management ","10+ years","Nongovernmental Organization",2026,10,1,1,-0.684992652914624,0.77590345940614
"R_6yLkjZOTEZ3TCvv","Pennsylvania","Network of sites within one state/province","Berberis",12,"At the same time due to no change in phenology","Invasive plant management ","10+ years","City/Municipal Government",2026,10,1,0,0.234354202894599,0.77590345940614
"R_12MfvXiIwliM6mq","Virginia","Network of sites within one state/province","Berberis",5,"At the same time due to no change in phenology","Invasive plant management ","2 to 5 years","Academia/University",2026,2,1,0,-0.684992652914624,-1.85051033624031
"R_5EsAG4x9K525yff","Pennsylvania","Network of sites within one state/province","Berberis",NA,"At the same time due to no change in phenology","Invasive plant management ","6 to 10 years","Nongovernmental Organization",2026,6,1,0,NA,-0.537303438417083
"R_5upMJmCgVD9qgCQ","Pennsylvania","Network of sites within one state/province","Berberis",2,"Starting earlier or ending later for other reasons","Invasive plant management ","2 to 5 years","Other",2026,2,1,0,-1.07899844826143,-1.85051033624031
"R_1g744XrqigaNK4J","Maine","Network of sites within one state/province","Berberis",8,"At the same time despite changing phenology","Invasive plant management ","6 to 10 years","Industry/Private Sector",2026,6,1,1,-0.290986857567814,-0.537303438417083
"R_5pi0PucgobcikIW","Michigan","Network of sites within one state/province","Berberis",9,"Starting earlier or ending later for other reasons","Invasive plant management ","6 to 10 years","Nongovernmental Organization",2026,6,1,0,-0.159651592452211,-0.537303438417083
"R_3rk1Kc6ds2b1R97","New York","Network of sites within one state/province","Berberis",3,"At the same time due to no change in phenology","Invasive plant management ","2 to 5 years","State Government",2026,2,1,0,-0.947663183145831,-1.85051033624031
"R_3DHks2vVgdNJOBn","Michigan","Network of sites within one state/province","Berberis",10,"At the same time due to no change in phenology","Invasive plant management ","2 to 5 years","Nongovernmental Organization",2026,2,1,0,-0.0283163273366078,-1.85051033624031
"R_5FqDfQSEijhcVoz","Vermont","Multi-state network of sites","Berberis",15,"At the same time despite changing phenology","Invasive plant management ","10+ years","Industry/Private Sector",2026,10,1,1,0.628359998241409,0.77590345940614
"R_13xaGsGqqLXdwtw","Michigan","Network of sites within one state/province","Berberis",10,"At the same time due to no change in phenology","Invasive plant management ","10+ years","Nongovernmental Organization",2026,10,1,0,-0.0283163273366078,0.77590345940614
"R_5q56JqF0jN1J5xT","New Hampshire","Multi-state network of sites","Berberis",24,"Treatment starting earlier due to changing phenology,Treatment ending later due to changing phenology","Invasive plant management ","10+ years","Industry/Private Sector",2026,10,1,1,1.81037738428184,0.77590345940614
"R_72Pfw8uP98OJPoM","Maryland","Single site","Berberis",10,"At the same time due to no change in phenology","Invasive plant management ","10+ years","Industry/Private Sector",2026,10,1,0,-0.0283163273366078,0.77590345940614
"R_6PgMN2Ont2gs1u9","Vermont","Network of sites within one state/province","Berberis",8,"Treatment ending later due to changing phenology","Invasive plant management ","10+ years","Industry/Private Sector",2026,10,1,1,-0.290986857567814,0.77590345940614
"R_3OZoTtXsYc0ZVCo","Michigan","Network of sites within one state/province","Berberis",20,"Treatment starting earlier due to changing phenology,Treatment ending later due to changing phenology","Invasive plant management ","10+ years","State Government",2026,10,1,1,1.28503632381942,0.77590345940614
"R_3l6nHVEdBFb0wAn","Vermont","Multi-state network of sites","Berberis",15,"Treatment starting earlier due to changing phenology","Invasive plant management ","10+ years","Industry/Private Sector",2026,10,1,1,0.628359998241409,0.77590345940614
"R_1nGlxwRGRwMbHVL","Massachusetts","Network of sites within one state/province","Berberis",10,"At the same time due to no change in phenology","Invasive plant management ","10+ years","Nongovernmental Organization",2026,10,1,0,-0.0283163273366078,0.77590345940614
"R_7EvlQO9OfQ8OoER","Michigan","Network of sites within one state/province","Berberis",20,"At the same time despite changing phenology","Invasive plant management ","10+ years","Nongovernmental Organization",2026,10,1,1,1.28503632381942,0.77590345940614
"R_5GB0QBBYaO426fP","Maine","Single site","Berberis",10,"At the same time despite changing phenology","Invasive plant management ","10+ years","City/Municipal Government",2026,10,1,1,-0.0283163273366078,0.77590345940614
"R_1D5srXkx8ozWrQm","Maryland","Single site","Berberis",8,"At the same time due to no change in phenology","Invasive plant management ","6 to 10 years","Nongovernmental Organization",2026,6,1,0,-0.290986857567814,-0.537303438417083
"R_3EtnKAg5tMJYzSl","Massachusetts"," Other (please specify)","Berberis",4,"At the same time due to no change in phenology","Invasive plant management ","6 to 10 years","City/Municipal Government",2026,6,1,0,-0.816327918030227,-0.537303438417083
"R_1EsfjygrCBEI1cq","New Jersey","Network of sites within one state/province","Berberis",8,"At the same time due to no change in phenology","Invasive plant management ","6 to 10 years","Nongovernmental Organization",2026,6,1,0,-0.290986857567814,-0.537303438417083
"R_3Qxjb9i4NVkgesX","Massachusetts","Network of sites within one state/province","Berberis",10,"At the same time due to no change in phenology","Invasive plant management ","10+ years","Nongovernmental Organization",2026,10,1,0,-0.0283163273366078,0.77590345940614
"R_3Ed8zccgOdxwidw","Massachusetts","Network of sites within one state/province","Berberis",NA,"At the same time despite changing phenology","Other (I work with invasive plants but not as a manager, researcher, or extension)","10+ years","City/Municipal Government",2026,10,1,1,NA,0.77590345940614
"R_5rdlHlOy7XfBCJX","Rhode Island","Network of sites within one state/province","Berberis",5,"At the same time despite changing phenology","Invasive plant management ","6 to 10 years","State Government",2026,6,1,1,-0.684992652914624,-0.537303438417083
"R_7pKymxAKzskP9AS","Wisconsin","Multi-state network of sites","Berberis",15,"At the same time due to no change in phenology","Invasive plant management ","10+ years","Nongovernmental Organization",2026,10,1,0,0.628359998241409,0.77590345940614
"R_5gHFiq6DKC8WPVl","Ontario","Network of sites within one state/province","Berberis",30,"At the same time due to no change in phenology","Invasive plant management ","10+ years","Industry/Private Sector",2026,10,1,0,2.59838897497546,0.77590345940614
"R_6jVAdbjxfGf7ZNc","Maryland","Network of sites within one state/province","Berberis",10,"At the same time due to no change in phenology","Invasive plant management ","6 to 10 years","Nongovernmental Organization",2026,6,1,0,-0.0283163273366078,-0.537303438417083
"R_3PQOLiHs19fSpEi","Virginia","Network of sites within one state/province","Berberis",18,"At the same time due to no change in phenology","Invasive plant management ","10+ years","State Government",2026,10,1,0,1.02236579358822,0.77590345940614
"R_5Kr2fz6TZxQx0Uu","Connecticut","Single site","Berberis",2,"Treatment starting earlier due to changing phenology,Treatment ending later due to changing phenology,Starting earlier or ending later for other reasons","Other (I work with invasive plants but not as a manager, researcher, or extension)","6 to 10 years","Other",2026,6,1,1,-1.07899844826143,-0.537303438417083
"R_3Z0oewLXyyqJj9v","Virginia","Multi-state network of sites","Berberis",6,"Treatment ending later due to changing phenology","Invasive plant management ","10+ years","Nongovernmental Organization",2026,10,1,1,-0.553657387799021,0.77590345940614
"R_6M9cNcffDgSe0XJ","Massachusetts","Single site","Berberis",5,"At the same time despite changing phenology","Invasive plant management ","6 to 10 years","Nongovernmental Organization",2026,6,1,1,-0.684992652914624,-0.537303438417083
"R_1rqNLxE1UVT5Prc","Massachusetts","Single site","Berberis",3,"Starting earlier or ending later for other reasons","Invasive plant management ","10+ years","Nongovernmental Organization",2026,10,1,0,-0.947663183145831,0.77590345940614
"R_7eqSNbi6mQ46E1Z","Virginia","Multi-state network of sites","Berberis",20,"Treatment starting earlier due to changing phenology","Invasive plant management ","10+ years","Industry/Private Sector",2026,10,1,1,1.28503632381942,0.77590345940614
"R_3lpMOKMac0cgCvT","Massachusetts","Network of sites within one state/province","Berberis",4,"At the same time despite changing phenology","Invasive plant management ","10+ years","Industry/Private Sector",2026,10,1,1,-0.816327918030227,0.77590345940614
"R_3VxbJkG46TDSZKp","Pennsylvania","Multi-state network of sites","Berberis",19,"Treatment starting earlier due to changing phenology","Invasive plant management ","10+ years"," Federal Government",2026,10,1,1,1.15370105870382,0.77590345940614
"R_5O9uAodgBqlcrtL","Massachusetts","Network of sites within one state/province","Berberis",1,"Starting earlier or ending later for other reasons","Invasive plant management ","2 to 5 years","Nongovernmental Organization",2026,2,1,0,-1.21033371337704,-1.85051033624031
"R_5pzvxrP2azfmvYJ","Michigan","Network of sites within one state/province","Berberis",14,"Starting earlier or ending later for other reasons","Invasive plant management ","10+ years","Other",2026,10,1,0,0.497024733125805,0.77590345940614
"R_7IvjAhNgByZUh4p","Michigan","Network of sites within one state/province","Berberis",10,"Treatment starting earlier due to changing phenology,Treatment ending later due to changing phenology","Invasive plant management ","10+ years","City/Municipal Government",2026,10,1,1,-0.0283163273366078,0.77590345940614
"R_1CCn7PCFILz7KFm","Vermont","Network of sites within one state/province","Berberis",15,"At the same time due to no change in phenology","Invasive plant management ","10+ years","Nongovernmental Organization",2026,10,1,0,0.628359998241409,0.77590345940614
"R_74FeknDhSsDq3Tj","Virginia","Multi-state network of sites","Berberis",10,"At the same time due to no change in phenology","Invasive plant management ","6 to 10 years","Industry/Private Sector",2026,6,1,0,-0.0283163273366078,-0.537303438417083
"R_6lGDmKoRK5yHshi","Maine","Single site","Berberis",23,"Treatment starting earlier due to changing phenology","Invasive plant management ","10+ years"," Federal Government",2026,10,1,1,1.67904211916623,0.77590345940614
"R_6Q75yjxK5fIfXwZ","Maryland","Network of sites within one state/province","Berberis",5,"At the same time despite changing phenology","Invasive plant management ","10+ years","County Government",2026,10,1,1,-0.684992652914624,0.77590345940614
"R_3e8YdoUiS4iZyX0","Michigan","Network of sites within one state/province","Berberis",6,"At the same time due to no change in phenology","Invasive plant management ","6 to 10 years","County Government",2026,6,1,0,-0.553657387799021,-0.537303438417083
"R_1jvRN5ofBQAxAQE","Rhode Island","Single site","Berberis",5,"Treatment ending later due to changing phenology","Invasive plant research/science","6 to 10 years","Other",2026,6,1,1,-0.684992652914624,-0.537303438417083
"R_7jZpgrqPT21G0fj","Vermont","Single site","Berberis",5,"At the same time due to no change in phenology","Invasive plant management ","10+ years","State Government",2026,10,1,0,-0.684992652914624,0.77590345940614
"R_1IvpUjUVXHoOlPW","Vermont","Single site","Berberis",12,"Treatment ending later due to changing phenology","Invasive plant management ","10+ years","Nongovernmental Organization",2026,10,1,1,0.234354202894599,0.77590345940614
"R_3G9fjD3aUkxTH1a","Maryland","Network of sites within one state/province","Berberis",15,"At the same time due to no change in phenology","Invasive plant management ","10+ years","Industry/Private Sector",2026,10,1,0,0.628359998241409,0.77590345940614
"R_51hjoFYUg74WFmz","Massachusetts","Network of sites within one state/province","Berberis",15,"At the same time due to no change in phenology","Invasive plant management ","10+ years"," Federal Government",2026,10,1,0,0.628359998241409,0.77590345940614
"R_3odqWeiPriybrSx","Maryland","Multi-state network of sites","Berberis",10,"At the same time due to no change in phenology","Invasive plant management ","10+ years","Industry/Private Sector",2026,10,1,0,-0.0283163273366078,0.77590345940614
"R_1EGs8JgbiTLIdrk","Michigan","Multi-state network of sites","Berberis",15,"Starting earlier or ending later for other reasons,At the same time despite changing phenology","Invasive plant management ","10+ years","Nongovernmental Organization",2026,10,1,1,0.628359998241409,0.77590345940614
"R_3Si9tax1RwMIZLT","Massachusetts","Multi-state network of sites","Berberis",9,"Treatment starting earlier due to changing phenology,Treatment ending later due to changing phenology","Invasive plant management ","10+ years","Industry/Private Sector",2026,10,1,1,-0.159651592452211,0.77590345940614
"R_62Ll7ZFWepKPSWn","Maine","Multi-state network of sites","Berberis",28,"Treatment starting earlier due to changing phenology,Treatment ending later due to changing phenology","Invasive plant management ","10+ years","Industry/Private Sector",2026,10,1,1,2.33571844474425,0.77590345940614
"R_70UIFBzhIKuqskM","New York","Network of sites within one state/province","Berberis",20,"Treatment ending later due to changing phenology","Invasive plant management ","10+ years","State Government",2026,10,1,1,1.28503632381942,0.77590345940614
"R_7mleLpdbPvb6bxt","Connecticut","Network of sites within one state/province","Berberis",2,"At the same time due to no change in phenology","Invasive plant management ","2 to 5 years","Industry/Private Sector",2026,2,1,0,-1.07899844826143,-1.85051033624031
"R_7GwBwiGreoKhfNs","Massachusetts","Network of sites within one state/province","Pinus",NA,"At the same time due to no change in phenology","Invasive plant management ","6 to 10 years","County Government",2026,6,1,0,NA,-0.537303438417083
"R_3Hq4RrgAKLo0gVL","Massachusetts"," Other (please specify)","Pinus",30,"At the same time due to no change in phenology","Invasive plant management ","2 to 5 years","City/Municipal Government",2026,2,1,0,2.59838897497546,-1.85051033624031
"R_7GwBwiGreoKhfNs","Massachusetts","Network of sites within one state/province","Vinetoxicum",NA,"At the same time due to no change in phenology","Invasive plant management ","6 to 10 years","County Government",2026,6,1,0,NA,-0.537303438417083
"R_7qkAjat39MtPBoG","Massachusetts","Network of sites within one state/province","Vinetoxicum",10,"Treatment starting earlier due to changing phenology","Invasive plant management ","10+ years"," Federal Government",2026,10,1,1,-0.0283163273366078,0.77590345940614
"R_3rk1Kc6ds2b1R97","New York","Network of sites within one state/province","Vinetoxicum",13,"Treatment ending later due to changing phenology","Invasive plant management ","2 to 5 years","State Government",2026,2,1,1,0.365689468010202,-1.85051033624031
"R_3DHks2vVgdNJOBn","Michigan","Network of sites within one state/province","Vinetoxicum",5,"At the same time due to no change in phenology","Invasive plant management ","2 to 5 years","Nongovernmental Organization",2026,2,1,0,-0.684992652914624,-1.85051033624031
"R_5FqDfQSEijhcVoz","Vermont","Multi-state network of sites","Vinetoxicum",10,"Treatment starting earlier due to changing phenology","Invasive plant management ","10+ years","Industry/Private Sector",2026,10,1,1,-0.0283163273366078,0.77590345940614
"R_13xaGsGqqLXdwtw","Michigan","Network of sites within one state/province","Vinetoxicum",7,"At the same time due to no change in phenology","Invasive plant management ","10+ years","Nongovernmental Organization",2026,10,1,0,-0.422322122683418,0.77590345940614
"R_5q56JqF0jN1J5xT","New Hampshire","Multi-state network of sites","Vinetoxicum",18,"Treatment starting earlier due to changing phenology,Treatment ending later due to changing phenology","Invasive plant management ","10+ years","Industry/Private Sector",2026,10,1,1,1.02236579358822,0.77590345940614
"R_3OZoTtXsYc0ZVCo","Michigan","Network of sites within one state/province","Vinetoxicum",15,"Treatment starting earlier due to changing phenology,Treatment ending later due to changing phenology","Invasive plant management ","10+ years","State Government",2026,10,1,1,0.628359998241409,0.77590345940614
"R_3l6nHVEdBFb0wAn","Vermont","Multi-state network of sites","Vinetoxicum",10,"Treatment starting earlier due to changing phenology","Invasive plant management ","10+ years","Industry/Private Sector",2026,10,1,1,-0.0283163273366078,0.77590345940614
"R_5GB0QBBYaO426fP","Maine","Single site","Vinetoxicum",12,"Treatment starting earlier due to changing phenology","Invasive plant management ","10+ years","City/Municipal Government",2026,10,1,1,0.234354202894599,0.77590345940614
"R_3EtnKAg5tMJYzSl","Massachusetts"," Other (please specify)","Vinetoxicum",9,"At the same time due to no change in phenology","Invasive plant management ","6 to 10 years","City/Municipal Government",2026,6,1,0,-0.159651592452211,-0.537303438417083
"R_7ZUfZ0EoHO82Ct3","Rhode Island","Network of sites within one state/province","Vinetoxicum",2,"Starting earlier or ending later for other reasons","Invasive plant management ","6 to 10 years","Industry/Private Sector",2026,6,1,0,-1.07899844826143,-0.537303438417083
"R_5H6Li12o7rFfCKo","Rhode Island","Network of sites within one state/province","Vinetoxicum",10,"Treatment starting earlier due to changing phenology,Treatment ending later due to changing phenology","Invasive plant management ","10+ years","Industry/Private Sector",2026,10,1,1,-0.0283163273366078,0.77590345940614
"R_5rdlHlOy7XfBCJX","Rhode Island","Network of sites within one state/province","Vinetoxicum",5,"At the same time despite changing phenology","Invasive plant management ","6 to 10 years","State Government",2026,6,1,1,-0.684992652914624,-0.537303438417083
"R_7juXrkATSSXEEWR","Rhode Island","Single site","Vinetoxicum",10,"At the same time due to no change in phenology","Invasive plant management ","2 to 5 years","Academia/University",2026,2,1,0,-0.0283163273366078,-1.85051033624031
"R_5gHFiq6DKC8WPVl","Ontario","Network of sites within one state/province","Vinetoxicum",30,"Treatment starting earlier due to changing phenology","Invasive plant management ","10+ years","Industry/Private Sector",2026,10,1,1,2.59838897497546,0.77590345940614
"R_7MHtOez4Anav6YF","New York","Network of sites within one state/province","Vinetoxicum",5,"At the same time despite changing phenology","Invasive plant extension","6 to 10 years","Nongovernmental Organization",2026,6,1,1,-0.684992652914624,-0.537303438417083
"R_5Kr2fz6TZxQx0Uu","Connecticut","Single site","Vinetoxicum",2,"Treatment starting earlier due to changing phenology,Treatment ending later due to changing phenology,Starting earlier or ending later for other reasons","Other (I work with invasive plants but not as a manager, researcher, or extension)","6 to 10 years","Other",2026,6,1,1,-1.07899844826143,-0.537303438417083
"R_3Hq4RrgAKLo0gVL","Massachusetts"," Other (please specify)","Vinetoxicum",3,"At the same time due to no change in phenology","Invasive plant management ","2 to 5 years","City/Municipal Government",2026,2,1,0,-0.947663183145831,-1.85051033624031
"R_7eqSNbi6mQ46E1Z","Virginia","Multi-state network of sites","Vinetoxicum",20,"Treatment starting earlier due to changing phenology","Invasive plant management ","10+ years","Industry/Private Sector",2026,10,1,1,1.28503632381942,0.77590345940614
"R_3lpMOKMac0cgCvT","Massachusetts","Network of sites within one state/province","Vinetoxicum",3,"Treatment starting earlier due to changing phenology,Treatment ending later due to changing phenology,Starting earlier or ending later for other reasons","Invasive plant management ","10+ years","Industry/Private Sector",2026,10,1,1,-0.947663183145831,0.77590345940614
"R_74FeknDhSsDq3Tj","Virginia","Multi-state network of sites","Vinetoxicum",10,"At the same time due to no change in phenology","Invasive plant management ","6 to 10 years","Industry/Private Sector",2026,6,1,0,-0.0283163273366078,-0.537303438417083
"R_3e8YdoUiS4iZyX0","Michigan","Network of sites within one state/province","Vinetoxicum",1,"At the same time due to no change in phenology","Invasive plant management ","6 to 10 years","County Government",2026,6,1,0,-1.21033371337704,-0.537303438417083
"R_51hjoFYUg74WFmz","Massachusetts","Network of sites within one state/province","Vinetoxicum",25,"Treatment starting earlier due to changing phenology,Treatment ending later due to changing phenology","Invasive plant management ","10+ years"," Federal Government",2026,10,1,1,1.94171264939744,0.77590345940614
"R_3Si9tax1RwMIZLT","Massachusetts","Multi-state network of sites","Vinetoxicum",9,"At the same time due to no change in phenology","Invasive plant management ","10+ years","Industry/Private Sector",2026,10,1,0,-0.159651592452211,0.77590345940614
"R_62Ll7ZFWepKPSWn","Maine","Multi-state network of sites","Vinetoxicum",15,"At the same time due to no change in phenology","Invasive plant management ","10+ years","Industry/Private Sector",2026,10,1,0,0.628359998241409,0.77590345940614
"R_3Xof06Wl6uTCmnD","New York","Network of sites within one state/province","Vinetoxicum",15,"Starting earlier or ending later for other reasons","Invasive plant management ","10+ years","State Government",2026,10,1,0,0.628359998241409,0.77590345940614
"R_3lWumIYfy2qG65b","New York","Network of sites within one state/province","Vinetoxicum",1,"At the same time due to no change in phenology","Invasive plant management ","6 to 10 years","State Government",2026,6,1,0,-1.21033371337704,-0.537303438417083
"R_7mleLpdbPvb6bxt","Connecticut","Network of sites within one state/province","Vinetoxicum",2,"Treatment starting earlier due to changing phenology","Invasive plant management ","2 to 5 years","Industry/Private Sector",2026,2,1,1,-1.07899844826143,-1.85051033624031
"R_5rHa6I5vBes9eDX","Vermont","Network of sites within one state/province","Rhamnus",3,"At the same time due to no change in phenology","Invasive plant management ","2 to 5 years","Nongovernmental Organization",2026,2,1,0,-0.947663183145831,-1.85051033624031
"R_5hAPDFkgmRMkZzy","New York","Network of sites within one state/province","Rhamnus",3,"At the same time despite changing phenology","Invasive plant management ","10+ years","Nongovernmental Organization",2026,10,1,1,-0.947663183145831,0.77590345940614
"R_5EsAG4x9K525yff","Pennsylvania","Network of sites within one state/province","Rhamnus",NA,"At the same time due to no change in phenology","Invasive plant management ","6 to 10 years","Nongovernmental Organization",2026,6,1,0,NA,-0.537303438417083
"R_5upMJmCgVD9qgCQ","Pennsylvania","Network of sites within one state/province","Rhamnus",2,"Starting earlier or ending later for other reasons","Invasive plant management ","2 to 5 years","Other",2026,2,1,0,-1.07899844826143,-1.85051033624031
"R_1g744XrqigaNK4J","Maine","Network of sites within one state/province","Rhamnus",9,"Treatment ending later due to changing phenology","Invasive plant management ","6 to 10 years","Industry/Private Sector",2026,6,1,1,-0.159651592452211,-0.537303438417083
"R_5pi0PucgobcikIW","Michigan","Network of sites within one state/province","Rhamnus",7,"Starting earlier or ending later for other reasons","Invasive plant management ","6 to 10 years","Nongovernmental Organization",2026,6,1,0,-0.422322122683418,-0.537303438417083
"R_3DHks2vVgdNJOBn","Michigan","Network of sites within one state/province","Rhamnus",10,"At the same time due to no change in phenology","Invasive plant management ","2 to 5 years","Nongovernmental Organization",2026,2,1,0,-0.0283163273366078,-1.85051033624031
"R_5FqDfQSEijhcVoz","Vermont","Multi-state network of sites","Rhamnus",15,"Treatment starting earlier due to changing phenology","Invasive plant management ","10+ years","Industry/Private Sector",2026,10,1,1,0.628359998241409,0.77590345940614
"R_5V0AX8smWwEqt7X","Quebec","Network of sites within one state/province","Rhamnus",3,"At the same time due to no change in phenology","Invasive plant management ","6 to 10 years","Tribal/First Nation",2026,6,1,0,-0.947663183145831,-0.537303438417083
"R_5q56JqF0jN1J5xT","New Hampshire","Multi-state network of sites","Rhamnus",24,"Treatment starting earlier due to changing phenology,Treatment ending later due to changing phenology","Invasive plant management ","10+ years","Industry/Private Sector",2026,10,1,1,1.81037738428184,0.77590345940614
"R_6PgMN2Ont2gs1u9","Vermont","Network of sites within one state/province","Rhamnus",14,"At the same time despite changing phenology","Invasive plant management ","10+ years","Industry/Private Sector",2026,10,1,1,0.497024733125805,0.77590345940614
"R_3OZoTtXsYc0ZVCo","Michigan","Network of sites within one state/province","Rhamnus",20,"Treatment starting earlier due to changing phenology,Treatment ending later due to changing phenology","Invasive plant management ","10+ years","State Government",2026,10,1,1,1.28503632381942,0.77590345940614
"R_3l6nHVEdBFb0wAn","Vermont","Multi-state network of sites","Rhamnus",15,"Treatment starting earlier due to changing phenology","Invasive plant management ","10+ years","Industry/Private Sector",2026,10,1,1,0.628359998241409,0.77590345940614
"R_1EciEKujj6l77zC","Wisconsin","Network of sites within one state/province","Rhamnus",40,"At the same time due to no change in phenology","Invasive plant management ","10+ years","Other",2026,10,1,0,3.91174162613149,0.77590345940614
"R_1nGlxwRGRwMbHVL","Massachusetts","Network of sites within one state/province","Rhamnus",10,"At the same time due to no change in phenology","Invasive plant management ","10+ years","Nongovernmental Organization",2026,10,1,0,-0.0283163273366078,0.77590345940614
"R_7EvlQO9OfQ8OoER","Michigan","Network of sites within one state/province","Rhamnus",20,"At the same time despite changing phenology","Invasive plant management ","10+ years","Nongovernmental Organization",2026,10,1,1,1.28503632381942,0.77590345940614
"R_5GB0QBBYaO426fP","Maine","Single site","Rhamnus",5,"At the same time due to no change in phenology","Invasive plant management ","10+ years","City/Municipal Government",2026,10,1,0,-0.684992652914624,0.77590345940614
"R_1eg0HmIa9IVjxvH","Massachusetts","Network of sites within one state/province","Rhamnus",2,"At the same time due to no change in phenology","Invasive plant extension","2 to 5 years","Nongovernmental Organization",2026,2,1,0,-1.07899844826143,-1.85051033624031
"R_3EtnKAg5tMJYzSl","Massachusetts"," Other (please specify)","Rhamnus",5,"At the same time due to no change in phenology","Invasive plant management ","6 to 10 years","City/Municipal Government",2026,6,1,0,-0.684992652914624,-0.537303438417083
"R_3Ed8zccgOdxwidw","Massachusetts","Network of sites within one state/province","Rhamnus",NA,"At the same time despite changing phenology","Other (I work with invasive plants but not as a manager, researcher, or extension)","10+ years","City/Municipal Government",2026,10,1,1,NA,0.77590345940614
"R_5rdlHlOy7XfBCJX","Rhode Island","Network of sites within one state/province","Rhamnus",5,"At the same time despite changing phenology","Invasive plant management ","6 to 10 years","State Government",2026,6,1,1,-0.684992652914624,-0.537303438417083
"R_7pKymxAKzskP9AS","Wisconsin","Multi-state network of sites","Rhamnus",15,"At the same time due to no change in phenology","Invasive plant management ","10+ years","Nongovernmental Organization",2026,10,1,0,0.628359998241409,0.77590345940614
"R_5gHFiq6DKC8WPVl","Ontario","Network of sites within one state/province","Rhamnus",30,"At the same time due to no change in phenology","Invasive plant management ","10+ years","Industry/Private Sector",2026,10,1,0,2.59838897497546,0.77590345940614
"R_5Kr2fz6TZxQx0Uu","Connecticut","Single site","Rhamnus",2,"Treatment starting earlier due to changing phenology,Treatment ending later due to changing phenology,Starting earlier or ending later for other reasons","Other (I work with invasive plants but not as a manager, researcher, or extension)","6 to 10 years","Other",2026,6,1,1,-1.07899844826143,-0.537303438417083
"R_7iywZfD9qBljGo1","Indiana","Network of sites within one state/province","Rhamnus",6,"At the same time due to no change in phenology","Invasive plant management ","6 to 10 years","Other",2026,6,1,0,-0.553657387799021,-0.537303438417083
"R_1rqNLxE1UVT5Prc","Massachusetts","Single site","Rhamnus",3,"Starting earlier or ending later for other reasons","Invasive plant management ","10+ years","Nongovernmental Organization",2026,10,1,0,-0.947663183145831,0.77590345940614
"R_3lpMOKMac0cgCvT","Massachusetts","Network of sites within one state/province","Rhamnus",4,"At the same time despite changing phenology","Invasive plant management ","10+ years","Industry/Private Sector",2026,10,1,1,-0.816327918030227,0.77590345940614
"R_5pzvxrP2azfmvYJ","Michigan","Network of sites within one state/province","Rhamnus",14,"Starting earlier or ending later for other reasons","Invasive plant management ","10+ years","Other",2026,10,1,0,0.497024733125805,0.77590345940614
"R_7IvjAhNgByZUh4p","Michigan","Network of sites within one state/province","Rhamnus",10,"Treatment starting earlier due to changing phenology,Treatment ending later due to changing phenology","Invasive plant management ","10+ years","City/Municipal Government",2026,10,1,1,-0.0283163273366078,0.77590345940614
"R_1CCn7PCFILz7KFm","Vermont","Network of sites within one state/province","Rhamnus",15,"At the same time due to no change in phenology","Invasive plant management ","10+ years","Nongovernmental Organization",2026,10,1,0,0.628359998241409,0.77590345940614
"R_74FeknDhSsDq3Tj","Virginia","Multi-state network of sites","Rhamnus",10,"At the same time due to no change in phenology","Invasive plant management ","6 to 10 years","Industry/Private Sector",2026,6,1,0,-0.0283163273366078,-0.537303438417083
"R_3e8YdoUiS4iZyX0","Michigan","Network of sites within one state/province","Rhamnus",6,"At the same time due to no change in phenology","Invasive plant management ","6 to 10 years","County Government",2026,6,1,0,-0.553657387799021,-0.537303438417083
"R_3YsNgjgIfC3NqDf","Ontario","Network of sites within one state/province","Rhamnus",8,"At the same time despite changing phenology","Invasive plant management ","2 to 5 years","City/Municipal Government",2026,2,1,1,-0.290986857567814,-1.85051033624031
"R_1OfwKlCXtu2ZYoa","Vermont"," Other (please specify)","Rhamnus",2,"At the same time despite changing phenology","Other (I work with invasive plants but not as a manager, researcher, or extension)","2 to 5 years","Other",2026,2,1,1,-1.07899844826143,-1.85051033624031
"R_7jZpgrqPT21G0fj","Vermont","Single site","Rhamnus",15,"Treatment ending later due to changing phenology","Invasive plant management ","10+ years","State Government",2026,10,1,1,0.628359998241409,0.77590345940614
"R_1IvpUjUVXHoOlPW","Vermont","Single site","Rhamnus",12,"Treatment ending later due to changing phenology","Invasive plant management ","10+ years","Nongovernmental Organization",2026,10,1,1,0.234354202894599,0.77590345940614
"R_51hjoFYUg74WFmz","Massachusetts","Network of sites within one state/province","Rhamnus",25,"At the same time due to no change in phenology","Invasive plant management ","10+ years"," Federal Government",2026,10,1,0,1.94171264939744,0.77590345940614
"R_1EGs8JgbiTLIdrk","Michigan","Multi-state network of sites","Rhamnus",15,"Starting earlier or ending later for other reasons,At the same time despite changing phenology","Invasive plant management ","10+ years","Nongovernmental Organization",2026,10,1,1,0.628359998241409,0.77590345940614
"R_3Si9tax1RwMIZLT","Massachusetts","Multi-state network of sites","Rhamnus",9,"Treatment starting earlier due to changing phenology,Treatment ending later due to changing phenology","Invasive plant management ","10+ years","Industry/Private Sector",2026,10,1,1,-0.159651592452211,0.77590345940614
"R_62Ll7ZFWepKPSWn","Maine","Multi-state network of sites","Rhamnus",28,"Treatment ending later due to changing phenology","Invasive plant management ","10+ years","Industry/Private Sector",2026,10,1,1,2.33571844474425,0.77590345940614
"R_3Xof06Wl6uTCmnD","New York","Network of sites within one state/province","Rhamnus",10,"Starting earlier or ending later for other reasons","Invasive plant management ","10+ years","State Government",2026,10,1,0,-0.0283163273366078,0.77590345940614
"R_3lWumIYfy2qG65b","New York","Network of sites within one state/province","Rhamnus",1,"At the same time due to no change in phenology","Invasive plant management ","6 to 10 years","State Government",2026,6,1,0,-1.21033371337704,-0.537303438417083
"R_70UIFBzhIKuqskM","New York","Network of sites within one state/province","Rhamnus",3,"Treatment ending later due to changing phenology","Invasive plant management ","10+ years","State Government",2026,10,1,1,-0.947663183145831,0.77590345940614
"R_7NTYejGCvqGhEQB","New York","Network of sites within one state/province","Rhamnus",3,"At the same time due to no change in phenology","Invasive plant management ","10+ years","State Government",2026,10,1,0,-0.947663183145831,0.77590345940614
"R_7mleLpdbPvb6bxt","Connecticut","Network of sites within one state/province","Rhamnus",1,"At the same time due to no change in phenology","Invasive plant management ","2 to 5 years","Industry/Private Sector",2026,2,1,0,-1.21033371337704,-1.85051033624031
"R_7GwBwiGreoKhfNs","Massachusetts","Network of sites within one state/province","Miscanthus",NA,"At the same time due to no change in phenology","Invasive plant management ","6 to 10 years","County Government",2026,6,1,0,NA,-0.537303438417083
"R_6yLkjZOTEZ3TCvv","Pennsylvania","Network of sites within one state/province","Miscanthus",12,"At the same time due to no change in phenology","Invasive plant management ","10+ years","City/Municipal Government",2026,10,1,0,0.234354202894599,0.77590345940614
"R_12MfvXiIwliM6mq","Virginia","Network of sites within one state/province","Miscanthus",3,"At the same time due to no change in phenology","Invasive plant management ","2 to 5 years","Academia/University",2026,2,1,0,-0.947663183145831,-1.85051033624031
"R_5EsAG4x9K525yff","Pennsylvania","Network of sites within one state/province","Miscanthus",NA,"At the same time due to no change in phenology","Invasive plant management ","6 to 10 years","Nongovernmental Organization",2026,6,1,0,NA,-0.537303438417083
"R_6b7y38YC6VhzhAZ","New Jersey"," Other (please specify)","Miscanthus",4,"Treatment ending later due to changing phenology","Invasive plant management ","6 to 10 years","County Government",2026,6,1,1,-0.816327918030227,-0.537303438417083
"R_5IQt3joF5gjoi45","Kentucky","Network of sites within one state/province","Miscanthus",3,"At the same time despite changing phenology","Invasive plant management ","Less than 2 years","State Government",2026,0.1,1,1,-0.947663183145831,-2.47428361270634
"R_7MHtOez4Anav6YF","New York","Network of sites within one state/province","Miscanthus",4,"At the same time despite changing phenology","Invasive plant extension","6 to 10 years","Nongovernmental Organization",2026,6,1,1,-0.816327918030227,-0.537303438417083
"R_6jVAdbjxfGf7ZNc","Maryland","Network of sites within one state/province","Miscanthus",12,"At the same time due to no change in phenology","Invasive plant management ","6 to 10 years","Nongovernmental Organization",2026,6,1,0,0.234354202894599,-0.537303438417083
"R_7iywZfD9qBljGo1","Indiana","Network of sites within one state/province","Miscanthus",1,"Treatment starting earlier due to changing phenology","Invasive plant management ","6 to 10 years","Other",2026,6,1,1,-1.21033371337704,-0.537303438417083
"R_3Hq4RrgAKLo0gVL","Massachusetts"," Other (please specify)","Miscanthus",20,"Treatment starting earlier due to changing phenology,At the same time due to no change in phenology","Invasive plant management ","2 to 5 years","City/Municipal Government",2026,2,1,1,1.28503632381942,-1.85051033624031
"R_1rqNLxE1UVT5Prc","Massachusetts","Single site","Miscanthus",3,"Starting earlier or ending later for other reasons","Invasive plant management ","10+ years","Nongovernmental Organization",2026,10,1,0,-0.947663183145831,0.77590345940614
"R_7eqSNbi6mQ46E1Z","Virginia","Multi-state network of sites","Miscanthus",20,"Treatment starting earlier due to changing phenology","Invasive plant management ","10+ years","Industry/Private Sector",2026,10,1,1,1.28503632381942,0.77590345940614
"R_5O9uAodgBqlcrtL","Massachusetts","Network of sites within one state/province","Miscanthus",1,"Starting earlier or ending later for other reasons","Invasive plant management ","2 to 5 years","Nongovernmental Organization",2026,2,1,0,-1.21033371337704,-1.85051033624031
"R_74FeknDhSsDq3Tj","Virginia","Multi-state network of sites","Miscanthus",10,"At the same time due to no change in phenology","Invasive plant management ","6 to 10 years","Industry/Private Sector",2026,6,1,0,-0.0283163273366078,-0.537303438417083
"R_6Q75yjxK5fIfXwZ","Maryland","Network of sites within one state/province","Miscanthus",5,"Treatment starting earlier due to changing phenology","Invasive plant management ","10+ years","County Government",2026,10,1,1,-0.684992652914624,0.77590345940614
"R_1jvRN5ofBQAxAQE","Rhode Island","Single site","Miscanthus",10,"Treatment ending later due to changing phenology","Invasive plant research/science","6 to 10 years","Other",2026,6,1,1,-0.0283163273366078,-0.537303438417083
"R_3mwJdcOf68mSU8i","Ohio"," Other (please specify)","Miscanthus",5,"Treatment ending later due to changing phenology","Invasive plant management ","10+ years","Nongovernmental Organization",2026,10,1,1,-0.684992652914624,0.77590345940614
"R_3odqWeiPriybrSx","Maryland","Multi-state network of sites","Miscanthus",10,"At the same time due to no change in phenology","Invasive plant management ","10+ years","Industry/Private Sector",2026,10,1,0,-0.0283163273366078,0.77590345940614
"R_3Si9tax1RwMIZLT","Massachusetts","Multi-state network of sites","Miscanthus",2,"At the same time due to no change in phenology","Invasive plant management ","10+ years","Industry/Private Sector",2026,10,1,0,-1.07899844826143,0.77590345940614
"R_7mleLpdbPvb6bxt","Connecticut","Network of sites within one state/province","Miscanthus",2,"At the same time due to no change in phenology","Invasive plant management ","2 to 5 years","Industry/Private Sector",2026,2,1,0,-1.07899844826143,-1.85051033624031
"R_3OZoTtXsYc0ZVCo","Michigan","Network of sites within one state/province","impatiens",5,"Treatment starting earlier due to changing phenology","Invasive plant management ","10+ years","State Government",2026,10,1,1,-0.684992652914624,0.77590345940614
"R_5gHFiq6DKC8WPVl","Ontario","Network of sites within one state/province","impatiens",30,"At the same time due to no change in phenology","Invasive plant management ","10+ years","Industry/Private Sector",2026,10,1,0,2.59838897497546,0.77590345940614
"R_7IvjAhNgByZUh4p","Michigan","Network of sites within one state/province","impatiens",3,"Treatment starting earlier due to changing phenology,Treatment ending later due to changing phenology","Invasive plant management ","10+ years","City/Municipal Government",2026,10,1,1,-0.947663183145831,0.77590345940614
"R_3e8YdoUiS4iZyX0","Michigan","Network of sites within one state/province","impatiens",1,"At the same time due to no change in phenology","Invasive plant management ","6 to 10 years","County Government",2026,6,1,0,-1.21033371337704,-0.537303438417083
"R_5rHa6I5vBes9eDX","Vermont","Network of sites within one state/province","Lonicera japonica",3,"At the same time due to no change in phenology","Invasive plant management ","2 to 5 years","Nongovernmental Organization",2026,2,1,0,-0.947663183145831,-1.85051033624031
"R_7zqDdqzI3278NXi","Maryland","Network of sites within one state/province","Lonicera japonica",NA,"At the same time due to no change in phenology","Invasive plant management ","10+ years","State Government",2026,10,1,0,NA,0.77590345940614
"R_5hAPDFkgmRMkZzy","New York","Network of sites within one state/province","Lonicera japonica",3,"At the same time despite changing phenology","Invasive plant management ","10+ years","Nongovernmental Organization",2026,10,1,1,-0.947663183145831,0.77590345940614
"R_6yLkjZOTEZ3TCvv","Pennsylvania","Network of sites within one state/province","Lonicera japonica",12,"At the same time due to no change in phenology","Invasive plant management ","10+ years","City/Municipal Government",2026,10,1,0,0.234354202894599,0.77590345940614
"R_12MfvXiIwliM6mq","Virginia","Network of sites within one state/province","Lonicera japonica",5,"At the same time due to no change in phenology","Invasive plant management ","2 to 5 years","Academia/University",2026,2,1,0,-0.684992652914624,-1.85051033624031
"R_5EsAG4x9K525yff","Pennsylvania","Network of sites within one state/province","Lonicera japonica",NA,"At the same time due to no change in phenology","Invasive plant management ","6 to 10 years","Nongovernmental Organization",2026,6,1,0,NA,-0.537303438417083
"R_5upMJmCgVD9qgCQ","Pennsylvania","Network of sites within one state/province","Lonicera japonica",3,"Starting earlier or ending later for other reasons","Invasive plant management ","2 to 5 years","Other",2026,2,1,0,-0.947663183145831,-1.85051033624031
"R_5FqDfQSEijhcVoz","Vermont","Multi-state network of sites","Lonicera japonica",15,"Treatment starting earlier due to changing phenology","Invasive plant management ","10+ years","Industry/Private Sector",2026,10,1,1,0.628359998241409,0.77590345940614
"R_5q56JqF0jN1J5xT","New Hampshire","Multi-state network of sites","Lonicera japonica",24,"Treatment starting earlier due to changing phenology,Treatment ending later due to changing phenology","Invasive plant management ","10+ years","Industry/Private Sector",2026,10,1,1,1.81037738428184,0.77590345940614
"R_3OZoTtXsYc0ZVCo","Michigan","Network of sites within one state/province","Lonicera japonica",20,"Treatment starting earlier due to changing phenology,Treatment ending later due to changing phenology","Invasive plant management ","10+ years","State Government",2026,10,1,1,1.28503632381942,0.77590345940614
"R_3l6nHVEdBFb0wAn","Vermont","Multi-state network of sites","Lonicera japonica",15,"Treatment starting earlier due to changing phenology","Invasive plant management ","10+ years","Industry/Private Sector",2026,10,1,1,0.628359998241409,0.77590345940614
"R_1D5srXkx8ozWrQm","Maryland","Single site","Lonicera japonica",4,"Treatment ending later due to changing phenology","Invasive plant management ","6 to 10 years","Nongovernmental Organization",2026,6,1,1,-0.816327918030227,-0.537303438417083
"R_5IQt3joF5gjoi45","Kentucky","Network of sites within one state/province","Lonicera japonica",8,"At the same time despite changing phenology","Invasive plant management ","Less than 2 years","State Government",2026,0.1,1,1,-0.290986857567814,-2.47428361270634
"R_1EsfjygrCBEI1cq","New Jersey","Network of sites within one state/province","Lonicera japonica",8,"At the same time due to no change in phenology","Invasive plant management ","6 to 10 years","Nongovernmental Organization",2026,6,1,0,-0.290986857567814,-0.537303438417083
"R_3Qxjb9i4NVkgesX","Massachusetts","Network of sites within one state/province","Lonicera japonica",10,"At the same time due to no change in phenology","Invasive plant management ","10+ years","Nongovernmental Organization",2026,10,1,0,-0.0283163273366078,0.77590345940614
"R_3Ed8zccgOdxwidw","Massachusetts","Network of sites within one state/province","Lonicera japonica",NA,"At the same time despite changing phenology","Other (I work with invasive plants but not as a manager, researcher, or extension)","10+ years","City/Municipal Government",2026,10,1,1,NA,0.77590345940614
"R_5rdlHlOy7XfBCJX","Rhode Island","Network of sites within one state/province","Lonicera japonica",5,"At the same time despite changing phenology","Invasive plant management ","6 to 10 years","State Government",2026,6,1,1,-0.684992652914624,-0.537303438417083
"R_7juXrkATSSXEEWR","Rhode Island","Single site","Lonicera japonica",10,"At the same time due to no change in phenology","Invasive plant management ","2 to 5 years","Academia/University",2026,2,1,0,-0.0283163273366078,-1.85051033624031
"R_7pKymxAKzskP9AS","Wisconsin","Multi-state network of sites","Lonicera japonica",15,"At the same time due to no change in phenology","Invasive plant management ","10+ years","Nongovernmental Organization",2026,10,1,0,0.628359998241409,0.77590345940614
"R_5gHFiq6DKC8WPVl","Ontario","Network of sites within one state/province","Lonicera japonica",10,"At the same time due to no change in phenology","Invasive plant management ","10+ years","Industry/Private Sector",2026,10,1,0,-0.0283163273366078,0.77590345940614
"R_6jVAdbjxfGf7ZNc","Maryland","Network of sites within one state/province","Lonicera japonica",5,"At the same time due to no change in phenology","Invasive plant management ","6 to 10 years","Nongovernmental Organization",2026,6,1,0,-0.684992652914624,-0.537303438417083
"R_5Kr2fz6TZxQx0Uu","Connecticut","Single site","Lonicera japonica",2,"Treatment starting earlier due to changing phenology,Treatment ending later due to changing phenology,Starting earlier or ending later for other reasons","Other (I work with invasive plants but not as a manager, researcher, or extension)","6 to 10 years","Other",2026,6,1,1,-1.07899844826143,-0.537303438417083
"R_3Z0oewLXyyqJj9v","Virginia","Multi-state network of sites","Lonicera japonica",6,"Treatment ending later due to changing phenology","Invasive plant management ","10+ years","Nongovernmental Organization",2026,10,1,1,-0.553657387799021,0.77590345940614
"R_7iywZfD9qBljGo1","Indiana","Network of sites within one state/province","Lonicera japonica",4,"Treatment ending later due to changing phenology","Invasive plant management ","6 to 10 years","Other",2026,6,1,1,-0.816327918030227,-0.537303438417083
"R_6M9cNcffDgSe0XJ","Massachusetts","Single site","Lonicera japonica",5,"At the same time despite changing phenology","Invasive plant management ","6 to 10 years","Nongovernmental Organization",2026,6,1,1,-0.684992652914624,-0.537303438417083
"R_1rqNLxE1UVT5Prc","Massachusetts","Single site","Lonicera japonica",3,"Starting earlier or ending later for other reasons","Invasive plant management ","10+ years","Nongovernmental Organization",2026,10,1,0,-0.947663183145831,0.77590345940614
"R_7eqSNbi6mQ46E1Z","Virginia","Multi-state network of sites","Lonicera japonica",20,"Treatment starting earlier due to changing phenology","Invasive plant management ","10+ years","Industry/Private Sector",2026,10,1,1,1.28503632381942,0.77590345940614
"R_3lpMOKMac0cgCvT","Massachusetts","Network of sites within one state/province","Lonicera japonica",4,"At the same time despite changing phenology","Invasive plant management ","10+ years","Industry/Private Sector",2026,10,1,1,-0.816327918030227,0.77590345940614
"R_3VxbJkG46TDSZKp","Pennsylvania","Multi-state network of sites","Lonicera japonica",9,"Treatment starting earlier due to changing phenology,Treatment ending later due to changing phenology","Invasive plant management ","10+ years"," Federal Government",2026,10,1,1,-0.159651592452211,0.77590345940614
"R_5O9uAodgBqlcrtL","Massachusetts","Network of sites within one state/province","Lonicera japonica",1,"Starting earlier or ending later for other reasons","Invasive plant management ","2 to 5 years","Nongovernmental Organization",2026,2,1,0,-1.21033371337704,-1.85051033624031
"R_5pzvxrP2azfmvYJ","Michigan","Network of sites within one state/province","Lonicera japonica",14,"Starting earlier or ending later for other reasons","Invasive plant management ","10+ years","Other",2026,10,1,0,0.497024733125805,0.77590345940614
"R_7IvjAhNgByZUh4p","Michigan","Network of sites within one state/province","Lonicera japonica",10,"Treatment starting earlier due to changing phenology,Treatment ending later due to changing phenology","Invasive plant management ","10+ years","City/Municipal Government",2026,10,1,1,-0.0283163273366078,0.77590345940614
"R_1CCn7PCFILz7KFm","Vermont","Network of sites within one state/province","Lonicera japonica",15,"At the same time due to no change in phenology","Invasive plant management ","10+ years","Nongovernmental Organization",2026,10,1,0,0.628359998241409,0.77590345940614
"R_74FeknDhSsDq3Tj","Virginia","Multi-state network of sites","Lonicera japonica",10,"Treatment ending later due to changing phenology","Invasive plant management ","6 to 10 years","Industry/Private Sector",2026,6,1,1,-0.0283163273366078,-0.537303438417083
"R_1jvRN5ofBQAxAQE","Rhode Island","Single site","Lonicera japonica",10,"Treatment ending later due to changing phenology","Invasive plant research/science","6 to 10 years","Other",2026,6,1,1,-0.0283163273366078,-0.537303438417083
"R_1IvpUjUVXHoOlPW","Vermont","Single site","Lonicera japonica",18,"Treatment ending later due to changing phenology","Invasive plant management ","10+ years","Nongovernmental Organization",2026,10,1,1,1.02236579358822,0.77590345940614
"R_3G9fjD3aUkxTH1a","Maryland","Network of sites within one state/province","Lonicera japonica",30,"At the same time due to no change in phenology","Invasive plant management ","10+ years","Industry/Private Sector",2026,10,1,0,2.59838897497546,0.77590345940614
"R_51hjoFYUg74WFmz","Massachusetts","Network of sites within one state/province","Lonicera japonica",15,"Treatment starting earlier due to changing phenology,Treatment ending later due to changing phenology","Invasive plant management ","10+ years"," Federal Government",2026,10,1,1,0.628359998241409,0.77590345940614
"R_3odqWeiPriybrSx","Maryland","Multi-state network of sites","Lonicera japonica",25,"At the same time due to no change in phenology","Invasive plant management ","10+ years","Industry/Private Sector",2026,10,1,0,1.94171264939744,0.77590345940614
"R_3Si9tax1RwMIZLT","Massachusetts","Multi-state network of sites","Lonicera japonica",8,"Treatment starting earlier due to changing phenology,Treatment ending later due to changing phenology","Invasive plant management ","10+ years","Industry/Private Sector",2026,10,1,1,-0.290986857567814,0.77590345940614
"R_62Ll7ZFWepKPSWn","Maine","Multi-state network of sites","Lonicera japonica",28,"Treatment starting earlier due to changing phenology,Treatment ending later due to changing phenology","Invasive plant management ","10+ years","Industry/Private Sector",2026,10,1,1,2.33571844474425,0.77590345940614
"R_3Xof06Wl6uTCmnD","New York","Network of sites within one state/province","Lonicera japonica",20,"Starting earlier or ending later for other reasons","Invasive plant management ","10+ years","State Government",2026,10,1,0,1.28503632381942,0.77590345940614
"R_3lWumIYfy2qG65b","New York","Network of sites within one state/province","Lonicera japonica",1,"At the same time due to no change in phenology","Invasive plant management ","6 to 10 years","State Government",2026,6,1,0,-1.21033371337704,-0.537303438417083
"R_70UIFBzhIKuqskM","New York","Network of sites within one state/province","Lonicera japonica",20,"Treatment ending later due to changing phenology","Invasive plant management ","10+ years","State Government",2026,10,1,1,1.28503632381942,0.77590345940614
"R_7NTYejGCvqGhEQB","New York","Network of sites within one state/province","Lonicera japonica",10,"At the same time due to no change in phenology","Invasive plant management ","10+ years","State Government",2026,10,1,0,-0.0283163273366078,0.77590345940614
"R_7mleLpdbPvb6bxt","Connecticut","Network of sites within one state/province","Lonicera japonica",2,"At the same time due to no change in phenology","Invasive plant management ","2 to 5 years","Industry/Private Sector",2026,2,1,0,-1.07899844826143,-1.85051033624031
"R_7GwBwiGreoKhfNs","Massachusetts","Network of sites within one state/province","Artemisia",NA,"At the same time due to no change in phenology","Invasive plant management ","6 to 10 years","County Government",2026,6,1,0,NA,-0.537303438417083
"R_6yLkjZOTEZ3TCvv","Pennsylvania","Network of sites within one state/province","Artemisia",12,"At the same time due to no change in phenology","Invasive plant management ","10+ years","City/Municipal Government",2026,10,1,0,0.234354202894599,0.77590345940614
"R_5EsAG4x9K525yff","Pennsylvania","Network of sites within one state/province","Artemisia",NA,"At the same time due to no change in phenology","Invasive plant management ","6 to 10 years","Nongovernmental Organization",2026,6,1,0,NA,-0.537303438417083
"R_5upMJmCgVD9qgCQ","Pennsylvania","Network of sites within one state/province","Artemisia",2,"Starting earlier or ending later for other reasons","Invasive plant management ","2 to 5 years","Other",2026,2,1,0,-1.07899844826143,-1.85051033624031
"R_6JCxiOL4bNouMvv","New York","Network of sites within one state/province","Artemisia",NA,"Treatment starting earlier due to changing phenology","Invasive plant management ","2 to 5 years","Nongovernmental Organization",2026,2,1,1,NA,-1.85051033624031
"R_3rk1Kc6ds2b1R97","New York","Network of sites within one state/province","Artemisia",5,"At the same time due to no change in phenology","Invasive plant management ","2 to 5 years","State Government",2026,2,1,0,-0.684992652914624,-1.85051033624031
"R_5GB0QBBYaO426fP","Maine","Single site","Artemisia",5,"Treatment starting earlier due to changing phenology","Invasive plant management ","10+ years","City/Municipal Government",2026,10,1,1,-0.684992652914624,0.77590345940614
"R_6b7y38YC6VhzhAZ","New Jersey"," Other (please specify)","Artemisia",5,"Treatment ending later due to changing phenology","Invasive plant management ","6 to 10 years","County Government",2026,6,1,1,-0.684992652914624,-0.537303438417083
"R_1D5srXkx8ozWrQm","Maryland","Single site","Artemisia",4,"Treatment starting earlier due to changing phenology,Treatment ending later due to changing phenology","Invasive plant management ","6 to 10 years","Nongovernmental Organization",2026,6,1,1,-0.816327918030227,-0.537303438417083
"R_1EsfjygrCBEI1cq","New Jersey","Network of sites within one state/province","Artemisia",8,"At the same time due to no change in phenology","Invasive plant management ","6 to 10 years","Nongovernmental Organization",2026,6,1,0,-0.290986857567814,-0.537303438417083
"R_3Qxjb9i4NVkgesX","Massachusetts","Network of sites within one state/province","Artemisia",10,"At the same time due to no change in phenology","Invasive plant management ","10+ years","Nongovernmental Organization",2026,10,1,0,-0.0283163273366078,0.77590345940614
"R_5H6Li12o7rFfCKo","Rhode Island","Network of sites within one state/province","Artemisia",10,"Treatment starting earlier due to changing phenology,Treatment ending later due to changing phenology","Invasive plant management ","10+ years","Industry/Private Sector",2026,10,1,1,-0.0283163273366078,0.77590345940614
"R_5Kr2fz6TZxQx0Uu","Connecticut","Single site","Artemisia",2,"Treatment starting earlier due to changing phenology,Treatment ending later due to changing phenology,Starting earlier or ending later for other reasons","Other (I work with invasive plants but not as a manager, researcher, or extension)","6 to 10 years","Other",2026,6,1,1,-1.07899844826143,-0.537303438417083
"R_7iywZfD9qBljGo1","Indiana","Network of sites within one state/province","Artemisia",3,"Treatment starting earlier due to changing phenology","Invasive plant management ","6 to 10 years","Other",2026,6,1,1,-0.947663183145831,-0.537303438417083
"R_3Hq4RrgAKLo0gVL","Massachusetts"," Other (please specify)","Artemisia",20,"At the same time due to no change in phenology","Invasive plant management ","2 to 5 years","City/Municipal Government",2026,2,1,0,1.28503632381942,-1.85051033624031
"R_1rqNLxE1UVT5Prc","Massachusetts","Single site","Artemisia",3,"Starting earlier or ending later for other reasons","Invasive plant management ","10+ years","Nongovernmental Organization",2026,10,1,0,-0.947663183145831,0.77590345940614
"R_7eqSNbi6mQ46E1Z","Virginia","Multi-state network of sites","Artemisia",20,"Treatment starting earlier due to changing phenology","Invasive plant management ","10+ years","Industry/Private Sector",2026,10,1,1,1.28503632381942,0.77590345940614
"R_3lpMOKMac0cgCvT","Massachusetts","Network of sites within one state/province","Artemisia",2,"At the same time despite changing phenology","Invasive plant management ","10+ years","Industry/Private Sector",2026,10,1,1,-1.07899844826143,0.77590345940614
"R_3VxbJkG46TDSZKp","Pennsylvania","Multi-state network of sites","Artemisia",6,"Treatment starting earlier due to changing phenology,Treatment ending later due to changing phenology","Invasive plant management ","10+ years"," Federal Government",2026,10,1,1,-0.553657387799021,0.77590345940614
"R_5O9uAodgBqlcrtL","Massachusetts","Network of sites within one state/province","Artemisia",1,"Starting earlier or ending later for other reasons","Invasive plant management ","2 to 5 years","Nongovernmental Organization",2026,2,1,0,-1.21033371337704,-1.85051033624031
"R_74FeknDhSsDq3Tj","Virginia","Multi-state network of sites","Artemisia",10,"Treatment ending later due to changing phenology","Invasive plant management ","6 to 10 years","Industry/Private Sector",2026,6,1,1,-0.0283163273366078,-0.537303438417083
"R_1jvRN5ofBQAxAQE","Rhode Island","Single site","Artemisia",4,"Treatment ending later due to changing phenology","Invasive plant research/science","6 to 10 years","Other",2026,6,1,1,-0.816327918030227,-0.537303438417083
"R_1OfwKlCXtu2ZYoa","Vermont"," Other (please specify)","Artemisia",3,"At the same time despite changing phenology","Other (I work with invasive plants but not as a manager, researcher, or extension)","2 to 5 years","Other",2026,2,1,1,-0.947663183145831,-1.85051033624031
"R_51hjoFYUg74WFmz","Massachusetts","Network of sites within one state/province","Artemisia",10,"At the same time due to no change in phenology","Invasive plant management ","10+ years"," Federal Government",2026,10,1,0,-0.0283163273366078,0.77590345940614
"R_3Si9tax1RwMIZLT","Massachusetts","Multi-state network of sites","Artemisia",9,"Treatment starting earlier due to changing phenology,Treatment ending later due to changing phenology","Invasive plant management ","10+ years","Industry/Private Sector",2026,10,1,1,-0.159651592452211,0.77590345940614
"R_7mleLpdbPvb6bxt","Connecticut","Network of sites within one state/province","Artemisia",2,"At the same time due to no change in phenology","Invasive plant management ","2 to 5 years","Industry/Private Sector",2026,2,1,0,-1.07899844826143,-1.85051033624031
"R_7zqDdqzI3278NXi","Maryland","Network of sites within one state/province","Acer",NA,"At the same time due to no change in phenology","Invasive plant management ","10+ years","State Government",2026,10,1,0,NA,0.77590345940614
"R_6yLkjZOTEZ3TCvv","Pennsylvania","Network of sites within one state/province","Acer",12,"At the same time due to no change in phenology","Invasive plant management ","10+ years","City/Municipal Government",2026,10,1,0,0.234354202894599,0.77590345940614
"R_5EsAG4x9K525yff","Pennsylvania","Network of sites within one state/province","Acer",NA,"At the same time due to no change in phenology","Invasive plant management ","6 to 10 years","Nongovernmental Organization",2026,6,1,0,NA,-0.537303438417083
"R_5upMJmCgVD9qgCQ","Pennsylvania","Network of sites within one state/province","Acer",2,"Starting earlier or ending later for other reasons","Invasive plant management ","2 to 5 years","Other",2026,2,1,0,-1.07899844826143,-1.85051033624031
"R_1g744XrqigaNK4J","Maine","Network of sites within one state/province","Acer",10,"At the same time despite changing phenology","Invasive plant management ","6 to 10 years","Industry/Private Sector",2026,6,1,1,-0.0283163273366078,-0.537303438417083
"R_5FqDfQSEijhcVoz","Vermont","Multi-state network of sites","Acer",10,"At the same time despite changing phenology","Invasive plant management ","10+ years","Industry/Private Sector",2026,10,1,1,-0.0283163273366078,0.77590345940614
"R_5q56JqF0jN1J5xT","New Hampshire","Multi-state network of sites","Acer",20,"Treatment starting earlier due to changing phenology,Treatment ending later due to changing phenology","Invasive plant management ","10+ years","Industry/Private Sector",2026,10,1,1,1.28503632381942,0.77590345940614
"R_3OZoTtXsYc0ZVCo","Michigan","Network of sites within one state/province","Acer",20,"Treatment starting earlier due to changing phenology,Treatment ending later due to changing phenology","Invasive plant management ","10+ years","State Government",2026,10,1,1,1.28503632381942,0.77590345940614
"R_1EciEKujj6l77zC","Wisconsin","Network of sites within one state/province","Acer",10,"At the same time due to no change in phenology","Invasive plant management ","10+ years","Other",2026,10,1,0,-0.0283163273366078,0.77590345940614
"R_7EvlQO9OfQ8OoER","Michigan","Network of sites within one state/province","Acer",10,"At the same time despite changing phenology","Invasive plant management ","10+ years","Nongovernmental Organization",2026,10,1,1,-0.0283163273366078,0.77590345940614
"R_5GB0QBBYaO426fP","Maine","Single site","Acer",10,"At the same time despite changing phenology","Invasive plant management ","10+ years","City/Municipal Government",2026,10,1,1,-0.0283163273366078,0.77590345940614
"R_1D5srXkx8ozWrQm","Maryland","Single site","Acer",8,"At the same time due to no change in phenology","Invasive plant management ","6 to 10 years","Nongovernmental Organization",2026,6,1,0,-0.290986857567814,-0.537303438417083
"R_3EtnKAg5tMJYzSl","Massachusetts"," Other (please specify)","Acer",4,"At the same time due to no change in phenology","Invasive plant management ","6 to 10 years","City/Municipal Government",2026,6,1,0,-0.816327918030227,-0.537303438417083
"R_1EsfjygrCBEI1cq","New Jersey","Network of sites within one state/province","Acer",6,"At the same time due to no change in phenology","Invasive plant management ","6 to 10 years","Nongovernmental Organization",2026,6,1,0,-0.553657387799021,-0.537303438417083
"R_3Qxjb9i4NVkgesX","Massachusetts","Network of sites within one state/province","Acer",10,"At the same time due to no change in phenology","Invasive plant management ","10+ years","Nongovernmental Organization",2026,10,1,0,-0.0283163273366078,0.77590345940614
"R_7pKymxAKzskP9AS","Wisconsin","Multi-state network of sites","Acer",15,"At the same time due to no change in phenology","Invasive plant management ","10+ years","Nongovernmental Organization",2026,10,1,0,0.628359998241409,0.77590345940614
"R_5gHFiq6DKC8WPVl","Ontario","Network of sites within one state/province","Acer",30,"At the same time due to no change in phenology","Invasive plant management ","10+ years","Industry/Private Sector",2026,10,1,0,2.59838897497546,0.77590345940614
"R_6jVAdbjxfGf7ZNc","Maryland","Network of sites within one state/province","Acer",10,"At the same time due to no change in phenology","Invasive plant management ","6 to 10 years","Nongovernmental Organization",2026,6,1,0,-0.0283163273366078,-0.537303438417083
"R_5Kr2fz6TZxQx0Uu","Connecticut","Single site","Acer",2,"Treatment starting earlier due to changing phenology,Treatment ending later due to changing phenology,Starting earlier or ending later for other reasons","Other (I work with invasive plants but not as a manager, researcher, or extension)","6 to 10 years","Other",2026,6,1,1,-1.07899844826143,-0.537303438417083
"R_7iywZfD9qBljGo1","Indiana","Network of sites within one state/province","Acer",4,"At the same time due to no change in phenology","Invasive plant management ","6 to 10 years","Other",2026,6,1,0,-0.816327918030227,-0.537303438417083
"R_7eqSNbi6mQ46E1Z","Virginia","Multi-state network of sites","Acer",20,"Treatment starting earlier due to changing phenology","Invasive plant management ","10+ years","Industry/Private Sector",2026,10,1,1,1.28503632381942,0.77590345940614
"R_3lpMOKMac0cgCvT","Massachusetts","Network of sites within one state/province","Acer",2,"At the same time despite changing phenology","Invasive plant management ","10+ years","Industry/Private Sector",2026,10,1,1,-1.07899844826143,0.77590345940614
"R_3VxbJkG46TDSZKp","Pennsylvania","Multi-state network of sites","Acer",9,"Treatment starting earlier due to changing phenology,Treatment ending later due to changing phenology","Invasive plant management ","10+ years"," Federal Government",2026,10,1,1,-0.159651592452211,0.77590345940614
"R_5O9uAodgBqlcrtL","Massachusetts","Network of sites within one state/province","Acer",1,"Starting earlier or ending later for other reasons","Invasive plant management ","2 to 5 years","Nongovernmental Organization",2026,2,1,0,-1.21033371337704,-1.85051033624031
"R_7IvjAhNgByZUh4p","Michigan","Network of sites within one state/province","Acer",2,"At the same time despite changing phenology","Invasive plant management ","10+ years","City/Municipal Government",2026,10,1,1,-1.07899844826143,0.77590345940614
"R_74FeknDhSsDq3Tj","Virginia","Multi-state network of sites","Acer",10,"At the same time due to no change in phenology","Invasive plant management ","6 to 10 years","Industry/Private Sector",2026,6,1,0,-0.0283163273366078,-0.537303438417083
"R_51hjoFYUg74WFmz","Massachusetts","Network of sites within one state/province","Acer",25,"At the same time due to no change in phenology","Invasive plant management ","10+ years"," Federal Government",2026,10,1,0,1.94171264939744,0.77590345940614
"R_3Si9tax1RwMIZLT","Massachusetts","Multi-state network of sites","Acer",9,"Treatment starting earlier due to changing phenology,Treatment ending later due to changing phenology","Invasive plant management ","10+ years","Industry/Private Sector",2026,10,1,1,-0.159651592452211,0.77590345940614
"R_62Ll7ZFWepKPSWn","Maine","Multi-state network of sites","Acer",20,"Treatment ending later due to changing phenology","Invasive plant management ","10+ years","Industry/Private Sector",2026,10,1,1,1.28503632381942,0.77590345940614
"R_3Xof06Wl6uTCmnD","New York","Network of sites within one state/province","Acer",15,"Starting earlier or ending later for other reasons","Invasive plant management ","10+ years","State Government",2026,10,1,0,0.628359998241409,0.77590345940614
"R_7GwBwiGreoKhfNs","Massachusetts","Network of sites within one state/province","Phragmites",NA,"At the same time due to no change in phenology","Invasive plant management ","6 to 10 years","County Government",2026,6,1,0,NA,-0.537303438417083
"R_7qkAjat39MtPBoG","Massachusetts","Network of sites within one state/province","Phragmites",25,"Treatment ending later due to changing phenology","Invasive plant management ","10+ years"," Federal Government",2026,10,1,1,1.94171264939744,0.77590345940614
"R_6yLkjZOTEZ3TCvv","Pennsylvania","Network of sites within one state/province","Phragmites",12,"At the same time due to no change in phenology","Invasive plant management ","10+ years","City/Municipal Government",2026,10,1,0,0.234354202894599,0.77590345940614
"R_5upMJmCgVD9qgCQ","Pennsylvania","Network of sites within one state/province","Phragmites",3,"Starting earlier or ending later for other reasons","Invasive plant management ","2 to 5 years","Other",2026,2,1,0,-0.947663183145831,-1.85051033624031
"R_5pi0PucgobcikIW","Michigan","Network of sites within one state/province","Phragmites",16,"At the same time due to no change in phenology","Invasive plant management ","6 to 10 years","Nongovernmental Organization",2026,6,1,0,0.759695263357012,-0.537303438417083
"R_3rk1Kc6ds2b1R97","New York","Network of sites within one state/province","Phragmites",13,"At the same time due to no change in phenology","Invasive plant management ","2 to 5 years","State Government",2026,2,1,0,0.365689468010202,-1.85051033624031
"R_3DHks2vVgdNJOBn","Michigan","Network of sites within one state/province","Phragmites",10,"At the same time despite changing phenology","Invasive plant management ","2 to 5 years","Nongovernmental Organization",2026,2,1,1,-0.0283163273366078,-1.85051033624031
"R_5FqDfQSEijhcVoz","Vermont","Multi-state network of sites","Phragmites",10,"Treatment ending later due to changing phenology","Invasive plant management ","10+ years","Industry/Private Sector",2026,10,1,1,-0.0283163273366078,0.77590345940614
"R_13xaGsGqqLXdwtw","Michigan","Network of sites within one state/province","Phragmites",14,"At the same time due to no change in phenology","Invasive plant management ","10+ years","Nongovernmental Organization",2026,10,1,0,0.497024733125805,0.77590345940614
"R_5V0AX8smWwEqt7X","Quebec","Network of sites within one state/province","Phragmites",5,"Treatment starting earlier due to changing phenology","Invasive plant management ","6 to 10 years","Tribal/First Nation",2026,6,1,1,-0.684992652914624,-0.537303438417083
"R_5q56JqF0jN1J5xT","New Hampshire","Multi-state network of sites","Phragmites",10,"Treatment starting earlier due to changing phenology,Treatment ending later due to changing phenology","Invasive plant management ","10+ years","Industry/Private Sector",2026,10,1,1,-0.0283163273366078,0.77590345940614
"R_3OZoTtXsYc0ZVCo","Michigan","Network of sites within one state/province","Phragmites",20,"Treatment starting earlier due to changing phenology,Treatment ending later due to changing phenology","Invasive plant management ","10+ years","State Government",2026,10,1,1,1.28503632381942,0.77590345940614
"R_1nGlxwRGRwMbHVL","Massachusetts","Network of sites within one state/province","Phragmites",10,"At the same time due to no change in phenology","Invasive plant management ","10+ years","Nongovernmental Organization",2026,10,1,0,-0.0283163273366078,0.77590345940614
"R_7EvlQO9OfQ8OoER","Michigan","Network of sites within one state/province","Phragmites",20,"Treatment starting earlier due to changing phenology","Invasive plant management ","10+ years","Nongovernmental Organization",2026,10,1,1,1.28503632381942,0.77590345940614
"R_5GB0QBBYaO426fP","Maine","Single site","Phragmites",5,"At the same time despite changing phenology","Invasive plant management ","10+ years","City/Municipal Government",2026,10,1,1,-0.684992652914624,0.77590345940614
"R_3EtnKAg5tMJYzSl","Massachusetts"," Other (please specify)","Phragmites",9,"At the same time due to no change in phenology","Invasive plant management ","6 to 10 years","City/Municipal Government",2026,6,1,0,-0.159651592452211,-0.537303438417083
"R_1EsfjygrCBEI1cq","New Jersey","Network of sites within one state/province","Phragmites",6,"At the same time due to no change in phenology","Invasive plant management ","6 to 10 years","Nongovernmental Organization",2026,6,1,0,-0.553657387799021,-0.537303438417083
"R_3Qxjb9i4NVkgesX","Massachusetts","Network of sites within one state/province","Phragmites",3,"At the same time due to no change in phenology","Invasive plant management ","10+ years","Nongovernmental Organization",2026,10,1,0,-0.947663183145831,0.77590345940614
"R_3Ed8zccgOdxwidw","Massachusetts","Network of sites within one state/province","Phragmites",NA,"At the same time despite changing phenology","Other (I work with invasive plants but not as a manager, researcher, or extension)","10+ years","City/Municipal Government",2026,10,1,1,NA,0.77590345940614
"R_5rdlHlOy7XfBCJX","Rhode Island","Network of sites within one state/province","Phragmites",5,"At the same time despite changing phenology","Invasive plant management ","6 to 10 years","State Government",2026,6,1,1,-0.684992652914624,-0.537303438417083
"R_7pKymxAKzskP9AS","Wisconsin","Multi-state network of sites","Phragmites",10,"At the same time due to no change in phenology","Invasive plant management ","10+ years","Nongovernmental Organization",2026,10,1,0,-0.0283163273366078,0.77590345940614
"R_5gHFiq6DKC8WPVl","Ontario","Network of sites within one state/province","Phragmites",20,"At the same time due to no change in phenology","Invasive plant management ","10+ years","Industry/Private Sector",2026,10,1,0,1.28503632381942,0.77590345940614
"R_7MHtOez4Anav6YF","New York","Network of sites within one state/province","Phragmites",5,"At the same time despite changing phenology","Invasive plant extension","6 to 10 years","Nongovernmental Organization",2026,6,1,1,-0.684992652914624,-0.537303438417083
"R_3PQOLiHs19fSpEi","Virginia","Network of sites within one state/province","Phragmites",20,"At the same time due to no change in phenology","Invasive plant management ","10+ years","State Government",2026,10,1,0,1.28503632381942,0.77590345940614
"R_5Kr2fz6TZxQx0Uu","Connecticut","Single site","Phragmites",2,"Treatment starting earlier due to changing phenology,Treatment ending later due to changing phenology,Starting earlier or ending later for other reasons","Other (I work with invasive plants but not as a manager, researcher, or extension)","6 to 10 years","Other",2026,6,1,1,-1.07899844826143,-0.537303438417083
"R_7iywZfD9qBljGo1","Indiana","Network of sites within one state/province","Phragmites",3,"Treatment starting earlier due to changing phenology","Invasive plant management ","6 to 10 years","Other",2026,6,1,1,-0.947663183145831,-0.537303438417083
"R_3Hq4RrgAKLo0gVL","Massachusetts"," Other (please specify)","Phragmites",20,"At the same time due to no change in phenology","Invasive plant management ","2 to 5 years","City/Municipal Government",2026,2,1,0,1.28503632381942,-1.85051033624031
"R_6M9cNcffDgSe0XJ","Massachusetts","Single site","Phragmites",3,"At the same time despite changing phenology","Invasive plant management ","6 to 10 years","Nongovernmental Organization",2026,6,1,1,-0.947663183145831,-0.537303438417083
"R_7eqSNbi6mQ46E1Z","Virginia","Multi-state network of sites","Phragmites",20,"Treatment starting earlier due to changing phenology","Invasive plant management ","10+ years","Industry/Private Sector",2026,10,1,1,1.28503632381942,0.77590345940614
"R_3lpMOKMac0cgCvT","Massachusetts","Network of sites within one state/province","Phragmites",2,"At the same time despite changing phenology","Invasive plant management ","10+ years","Industry/Private Sector",2026,10,1,1,-1.07899844826143,0.77590345940614
"R_3VxbJkG46TDSZKp","Pennsylvania","Multi-state network of sites","Phragmites",20,"Treatment starting earlier due to changing phenology,Treatment ending later due to changing phenology","Invasive plant management ","10+ years"," Federal Government",2026,10,1,1,1.28503632381942,0.77590345940614
"R_5pzvxrP2azfmvYJ","Michigan","Network of sites within one state/province","Phragmites",12,"Treatment starting earlier due to changing phenology,Treatment ending later due to changing phenology","Invasive plant management ","10+ years","Other",2026,10,1,1,0.234354202894599,0.77590345940614
"R_7IvjAhNgByZUh4p","Michigan","Network of sites within one state/province","Phragmites",10,"Treatment starting earlier due to changing phenology,Treatment ending later due to changing phenology","Invasive plant management ","10+ years","City/Municipal Government",2026,10,1,1,-0.0283163273366078,0.77590345940614
"R_74FeknDhSsDq3Tj","Virginia","Multi-state network of sites","Phragmites",10,"At the same time due to no change in phenology","Invasive plant management ","6 to 10 years","Industry/Private Sector",2026,6,1,0,-0.0283163273366078,-0.537303438417083
"R_3e8YdoUiS4iZyX0","Michigan","Network of sites within one state/province","Phragmites",3,"At the same time due to no change in phenology","Invasive plant management ","6 to 10 years","County Government",2026,6,1,0,-0.947663183145831,-0.537303438417083
"R_1jvRN5ofBQAxAQE","Rhode Island","Single site","Phragmites",8,"Treatment ending later due to changing phenology","Invasive plant research/science","6 to 10 years","Other",2026,6,1,1,-0.290986857567814,-0.537303438417083
"R_3YsNgjgIfC3NqDf","Ontario","Network of sites within one state/province","Phragmites",NA,"At the same time due to no change in phenology","Invasive plant management ","2 to 5 years","City/Municipal Government",2026,2,1,0,NA,-1.85051033624031
"R_7jZpgrqPT21G0fj","Vermont","Single site","Phragmites",5,"At the same time due to no change in phenology","Invasive plant management ","10+ years","State Government",2026,10,1,0,-0.684992652914624,0.77590345940614
"R_6GdBoCs86X7eZOA","Massachusetts","Network of sites within one state/province","Phragmites",9,"At the same time due to no change in phenology","Invasive plant management ","2 to 5 years","City/Municipal Government",2026,2,1,0,-0.159651592452211,-1.85051033624031
"R_51hjoFYUg74WFmz","Massachusetts","Network of sites within one state/province","Phragmites",25,"Treatment starting earlier due to changing phenology,Treatment ending later due to changing phenology","Invasive plant management ","10+ years"," Federal Government",2026,10,1,1,1.94171264939744,0.77590345940614
"R_3odqWeiPriybrSx","Maryland","Multi-state network of sites","Phragmites",30,"At the same time due to no change in phenology","Invasive plant management ","10+ years","Industry/Private Sector",2026,10,1,0,2.59838897497546,0.77590345940614
"R_1EGs8JgbiTLIdrk","Michigan","Multi-state network of sites","Phragmites",12,"Treatment ending later due to changing phenology","Invasive plant management ","10+ years","Nongovernmental Organization",2026,10,1,1,0.234354202894599,0.77590345940614
"R_3Si9tax1RwMIZLT","Massachusetts","Multi-state network of sites","Phragmites",9,"At the same time due to no change in phenology","Invasive plant management ","10+ years","Industry/Private Sector",2026,10,1,0,-0.159651592452211,0.77590345940614
"R_62Ll7ZFWepKPSWn","Maine","Multi-state network of sites","Phragmites",15,"At the same time due to no change in phenology","Invasive plant management ","10+ years","Industry/Private Sector",2026,10,1,0,0.628359998241409,0.77590345940614
"R_3lWumIYfy2qG65b","New York","Network of sites within one state/province","Phragmites",1,"At the same time due to no change in phenology","Invasive plant management ","6 to 10 years","State Government",2026,6,1,0,-1.21033371337704,-0.537303438417083
"R_7mleLpdbPvb6bxt","Connecticut","Network of sites within one state/province","Phragmites",2,"At the same time due to no change in phenology","Invasive plant management ","2 to 5 years","Industry/Private Sector",2026,2,1,0,-1.07899844826143,-1.85051033624031
"R_7GwBwiGreoKhfNs","Massachusetts","Network of sites within one state/province","Ligustrum",NA,"At the same time due to no change in phenology","Invasive plant management ","6 to 10 years","County Government",2026,6,1,0,NA,-0.537303438417083
"R_5hAPDFkgmRMkZzy","New York","Network of sites within one state/province","Ligustrum",3,"At the same time despite changing phenology","Invasive plant management ","10+ years","Nongovernmental Organization",2026,10,1,1,-0.947663183145831,0.77590345940614
"R_6yLkjZOTEZ3TCvv","Pennsylvania","Network of sites within one state/province","Ligustrum",12,"At the same time due to no change in phenology","Invasive plant management ","10+ years","City/Municipal Government",2026,10,1,0,0.234354202894599,0.77590345940614
"R_12MfvXiIwliM6mq","Virginia","Network of sites within one state/province","Ligustrum",5,"At the same time due to no change in phenology","Invasive plant management ","2 to 5 years","Academia/University",2026,2,1,0,-0.684992652914624,-1.85051033624031
"R_5EsAG4x9K525yff","Pennsylvania","Network of sites within one state/province","Ligustrum",NA,"At the same time due to no change in phenology","Invasive plant management ","6 to 10 years","Nongovernmental Organization",2026,6,1,0,NA,-0.537303438417083
"R_3OZoTtXsYc0ZVCo","Michigan","Network of sites within one state/province","Ligustrum",20,"Treatment starting earlier due to changing phenology,Treatment ending later due to changing phenology","Invasive plant management ","10+ years","State Government",2026,10,1,1,1.28503632381942,0.77590345940614
"R_1nGlxwRGRwMbHVL","Massachusetts","Network of sites within one state/province","Ligustrum",10,"At the same time due to no change in phenology","Invasive plant management ","10+ years","Nongovernmental Organization",2026,10,1,0,-0.0283163273366078,0.77590345940614
"R_7EvlQO9OfQ8OoER","Michigan","Network of sites within one state/province","Ligustrum",20,"At the same time despite changing phenology","Invasive plant management ","10+ years","Nongovernmental Organization",2026,10,1,1,1.28503632381942,0.77590345940614
"R_5GB0QBBYaO426fP","Maine","Single site","Ligustrum",2,"At the same time despite changing phenology","Invasive plant management ","10+ years","City/Municipal Government",2026,10,1,1,-1.07899844826143,0.77590345940614
"R_1D5srXkx8ozWrQm","Maryland","Single site","Ligustrum",8,"At the same time due to no change in phenology","Invasive plant management ","6 to 10 years","Nongovernmental Organization",2026,6,1,0,-0.290986857567814,-0.537303438417083
"R_1EsfjygrCBEI1cq","New Jersey","Network of sites within one state/province","Ligustrum",7,"At the same time due to no change in phenology","Invasive plant management ","6 to 10 years","Nongovernmental Organization",2026,6,1,0,-0.422322122683418,-0.537303438417083
"R_3Qxjb9i4NVkgesX","Massachusetts","Network of sites within one state/province","Ligustrum",10,"Treatment starting earlier due to changing phenology","Invasive plant management ","10+ years","Nongovernmental Organization",2026,10,1,1,-0.0283163273366078,0.77590345940614
"R_3Ed8zccgOdxwidw","Massachusetts","Network of sites within one state/province","Ligustrum",NA,"At the same time despite changing phenology","Other (I work with invasive plants but not as a manager, researcher, or extension)","10+ years","City/Municipal Government",2026,10,1,1,NA,0.77590345940614
"R_7juXrkATSSXEEWR","Rhode Island","Single site","Ligustrum",10,"At the same time due to no change in phenology","Invasive plant management ","2 to 5 years","Academia/University",2026,2,1,0,-0.0283163273366078,-1.85051033624031
"R_5gHFiq6DKC8WPVl","Ontario","Network of sites within one state/province","Ligustrum",20,"At the same time due to no change in phenology","Invasive plant management ","10+ years","Industry/Private Sector",2026,10,1,0,1.28503632381942,0.77590345940614
"R_3PQOLiHs19fSpEi","Virginia","Network of sites within one state/province","Ligustrum",8,"At the same time due to no change in phenology","Invasive plant management ","10+ years","State Government",2026,10,1,0,-0.290986857567814,0.77590345940614
"R_5Kr2fz6TZxQx0Uu","Connecticut","Single site","Ligustrum",2,"Treatment starting earlier due to changing phenology,Treatment ending later due to changing phenology,Starting earlier or ending later for other reasons","Other (I work with invasive plants but not as a manager, researcher, or extension)","6 to 10 years","Other",2026,6,1,1,-1.07899844826143,-0.537303438417083
"R_3Z0oewLXyyqJj9v","Virginia","Multi-state network of sites","Ligustrum",6,"Treatment ending later due to changing phenology","Invasive plant management ","10+ years","Nongovernmental Organization",2026,10,1,1,-0.553657387799021,0.77590345940614
"R_7iywZfD9qBljGo1","Indiana","Network of sites within one state/province","Ligustrum",6,"At the same time due to no change in phenology","Invasive plant management ","6 to 10 years","Other",2026,6,1,0,-0.553657387799021,-0.537303438417083
"R_1rqNLxE1UVT5Prc","Massachusetts","Single site","Ligustrum",3,"Starting earlier or ending later for other reasons","Invasive plant management ","10+ years","Nongovernmental Organization",2026,10,1,0,-0.947663183145831,0.77590345940614
"R_7eqSNbi6mQ46E1Z","Virginia","Multi-state network of sites","Ligustrum",20,"Treatment starting earlier due to changing phenology","Invasive plant management ","10+ years","Industry/Private Sector",2026,10,1,1,1.28503632381942,0.77590345940614
"R_3lpMOKMac0cgCvT","Massachusetts","Network of sites within one state/province","Ligustrum",2,"At the same time despite changing phenology","Invasive plant management ","10+ years","Industry/Private Sector",2026,10,1,1,-1.07899844826143,0.77590345940614
"R_3VxbJkG46TDSZKp","Pennsylvania","Multi-state network of sites","Ligustrum",9,"Treatment starting earlier due to changing phenology,Treatment ending later due to changing phenology","Invasive plant management ","10+ years"," Federal Government",2026,10,1,1,-0.159651592452211,0.77590345940614
"R_5O9uAodgBqlcrtL","Massachusetts","Network of sites within one state/province","Ligustrum",1,"Starting earlier or ending later for other reasons","Invasive plant management ","2 to 5 years","Nongovernmental Organization",2026,2,1,0,-1.21033371337704,-1.85051033624031
"R_74FeknDhSsDq3Tj","Virginia","Multi-state network of sites","Ligustrum",10,"At the same time due to no change in phenology","Invasive plant management ","6 to 10 years","Industry/Private Sector",2026,6,1,0,-0.0283163273366078,-0.537303438417083
"R_6lGDmKoRK5yHshi","Maine","Single site","Ligustrum",10,"At the same time despite changing phenology","Invasive plant management ","10+ years"," Federal Government",2026,10,1,1,-0.0283163273366078,0.77590345940614
"R_6Q75yjxK5fIfXwZ","Maryland","Network of sites within one state/province","Ligustrum",5,"Treatment starting earlier due to changing phenology","Invasive plant management ","10+ years","County Government",2026,10,1,1,-0.684992652914624,0.77590345940614
"R_3e8YdoUiS4iZyX0","Michigan","Network of sites within one state/province","Ligustrum",6,"At the same time due to no change in phenology","Invasive plant management ","6 to 10 years","County Government",2026,6,1,0,-0.553657387799021,-0.537303438417083
"R_1jvRN5ofBQAxAQE","Rhode Island","Single site","Ligustrum",10,"Treatment ending later due to changing phenology","Invasive plant research/science","6 to 10 years","Other",2026,6,1,1,-0.0283163273366078,-0.537303438417083
"R_7ZJRu0abbATItQu","North Carolina","Network of sites within one state/province","Ligustrum",12,"At the same time due to no change in phenology","Invasive plant management ","10+ years","County Government",2026,10,1,0,0.234354202894599,0.77590345940614
"R_77YAH73ER57ZnBn","Kentucky","Network of sites within one state/province","Ligustrum",15,"At the same time due to no change in phenology","Invasive plant management ","10+ years","Academia/University",2026,10,1,0,0.628359998241409,0.77590345940614
"R_3odqWeiPriybrSx","Maryland","Multi-state network of sites","Ligustrum",10,"At the same time due to no change in phenology","Invasive plant management ","10+ years","Industry/Private Sector",2026,10,1,0,-0.0283163273366078,0.77590345940614
"R_6RfvvrSVaZFoLRH","Virginia","Network of sites within one state/province","Ligustrum",12,"At the same time despite changing phenology","Invasive plant management ","10+ years","Nongovernmental Organization",2026,10,1,1,0.234354202894599,0.77590345940614
"R_3Si9tax1RwMIZLT","Massachusetts","Multi-state network of sites","Ligustrum",9,"Treatment starting earlier due to changing phenology,Treatment ending later due to changing phenology","Invasive plant management ","10+ years","Industry/Private Sector",2026,10,1,1,-0.159651592452211,0.77590345940614
"R_62Ll7ZFWepKPSWn","Maine","Multi-state network of sites","Ligustrum",15,"At the same time due to no change in phenology","Invasive plant management ","10+ years","Industry/Private Sector",2026,10,1,0,0.628359998241409,0.77590345940614
"R_7mleLpdbPvb6bxt","Connecticut","Network of sites within one state/province","Ligustrum",2,"At the same time due to no change in phenology","Invasive plant management ","2 to 5 years","Industry/Private Sector",2026,2,1,0,-1.07899844826143,-1.85051033624031
"R_7GwBwiGreoKhfNs","Massachusetts","Network of sites within one state/province","Cytisus",1,"At the same time due to no change in phenology","Invasive plant management ","6 to 10 years","County Government",2026,6,1,0,-1.21033371337704,-0.537303438417083
"R_3Hq4RrgAKLo0gVL","Massachusetts"," Other (please specify)","Cytisus",3,"At the same time due to no change in phenology","Invasive plant management ","2 to 5 years","City/Municipal Government",2026,2,1,0,-0.947663183145831,-1.85051033624031
"R_7eqSNbi6mQ46E1Z","Virginia","Multi-state network of sites","Cytisus",20,"Treatment starting earlier due to changing phenology","Invasive plant management ","10+ years","Industry/Private Sector",2026,10,1,1,1.28503632381942,0.77590345940614
"R_7GwBwiGreoKhfNs","Massachusetts","Network of sites within one state/province","Centaurea",NA,"At the same time due to no change in phenology","Invasive plant management ","6 to 10 years","County Government",2026,6,1,0,NA,-0.537303438417083
"R_5hAPDFkgmRMkZzy","New York","Network of sites within one state/province","Centaurea",5,"Treatment starting earlier due to changing phenology,Treatment ending later due to changing phenology","Invasive plant management ","10+ years","Nongovernmental Organization",2026,10,1,1,-0.684992652914624,0.77590345940614
"R_5pi0PucgobcikIW","Michigan","Network of sites within one state/province","Centaurea",4,"At the same time due to no change in phenology","Invasive plant management ","6 to 10 years","Nongovernmental Organization",2026,6,1,0,-0.816327918030227,-0.537303438417083
"R_3rk1Kc6ds2b1R97","New York","Network of sites within one state/province","Centaurea",3,"At the same time due to no change in phenology","Invasive plant management ","2 to 5 years","State Government",2026,2,1,0,-0.947663183145831,-1.85051033624031
"R_3DHks2vVgdNJOBn","Michigan","Network of sites within one state/province","Centaurea",5,"At the same time due to no change in phenology","Invasive plant management ","2 to 5 years","Nongovernmental Organization",2026,2,1,0,-0.684992652914624,-1.85051033624031
"R_5FqDfQSEijhcVoz","Vermont","Multi-state network of sites","Centaurea",5,"Treatment starting earlier due to changing phenology","Invasive plant management ","10+ years","Industry/Private Sector",2026,10,1,1,-0.684992652914624,0.77590345940614
"R_5V0AX8smWwEqt7X","Quebec","Network of sites within one state/province","Centaurea",4,"At the same time despite changing phenology","Invasive plant management ","6 to 10 years","Tribal/First Nation",2026,6,1,1,-0.816327918030227,-0.537303438417083
"R_3OZoTtXsYc0ZVCo","Michigan","Network of sites within one state/province","Centaurea",20,"Treatment ending later due to changing phenology","Invasive plant management ","10+ years","State Government",2026,10,1,1,1.28503632381942,0.77590345940614
"R_7pKymxAKzskP9AS","Wisconsin","Multi-state network of sites","Centaurea",15,"At the same time due to no change in phenology","Invasive plant management ","10+ years","Nongovernmental Organization",2026,10,1,0,0.628359998241409,0.77590345940614
"R_3Hq4RrgAKLo0gVL","Massachusetts"," Other (please specify)","Centaurea",20,"Treatment ending later due to changing phenology","Invasive plant management ","2 to 5 years","City/Municipal Government",2026,2,1,1,1.28503632381942,-1.85051033624031
"R_1rqNLxE1UVT5Prc","Massachusetts","Single site","Centaurea",3,"Starting earlier or ending later for other reasons","Invasive plant management ","10+ years","Nongovernmental Organization",2026,10,1,0,-0.947663183145831,0.77590345940614
"R_7eqSNbi6mQ46E1Z","Virginia","Multi-state network of sites","Centaurea",20,"Treatment starting earlier due to changing phenology","Invasive plant management ","10+ years","Industry/Private Sector",2026,10,1,1,1.28503632381942,0.77590345940614
"R_3VxbJkG46TDSZKp","Pennsylvania","Multi-state network of sites","Centaurea",19,"At the same time despite changing phenology","Invasive plant management ","10+ years"," Federal Government",2026,10,1,1,1.15370105870382,0.77590345940614
"R_5O9uAodgBqlcrtL","Massachusetts","Network of sites within one state/province","Centaurea",1,"Starting earlier or ending later for other reasons","Invasive plant management ","2 to 5 years","Nongovernmental Organization",2026,2,1,0,-1.21033371337704,-1.85051033624031
"R_7IvjAhNgByZUh4p","Michigan","Network of sites within one state/province","Centaurea",10,"Treatment starting earlier due to changing phenology,Treatment ending later due to changing phenology","Invasive plant management ","10+ years","City/Municipal Government",2026,10,1,1,-0.0283163273366078,0.77590345940614
"R_1CCn7PCFILz7KFm","Vermont","Network of sites within one state/province","Centaurea",8,"At the same time despite changing phenology","Invasive plant management ","10+ years","Nongovernmental Organization",2026,10,1,1,-0.290986857567814,0.77590345940614
"R_74FeknDhSsDq3Tj","Virginia","Multi-state network of sites","Centaurea",10,"At the same time due to no change in phenology","Invasive plant management ","6 to 10 years","Industry/Private Sector",2026,6,1,0,-0.0283163273366078,-0.537303438417083
"R_51hjoFYUg74WFmz","Massachusetts","Network of sites within one state/province","Centaurea",25,"Treatment starting earlier due to changing phenology,Treatment ending later due to changing phenology","Invasive plant management ","10+ years"," Federal Government",2026,10,1,1,1.94171264939744,0.77590345940614
"R_3Si9tax1RwMIZLT","Massachusetts","Multi-state network of sites","Centaurea",9,"At the same time due to no change in phenology","Invasive plant management ","10+ years","Industry/Private Sector",2026,10,1,0,-0.159651592452211,0.77590345940614
"R_3Xof06Wl6uTCmnD","New York","Network of sites within one state/province","Centaurea",15,"Starting earlier or ending later for other reasons","Invasive plant management ","10+ years","State Government",2026,10,1,0,0.628359998241409,0.77590345940614
"R_7mleLpdbPvb6bxt","Connecticut","Network of sites within one state/province","Centaurea",2,"At the same time due to no change in phenology","Invasive plant management ","2 to 5 years","Industry/Private Sector",2026,2,1,0,-1.07899844826143,-1.85051033624031
"R_7GwBwiGreoKhfNs","Massachusetts","Network of sites within one state/province","Ailanthis",NA,"At the same time due to no change in phenology","Invasive plant management ","6 to 10 years","County Government",2026,6,1,0,NA,-0.537303438417083
"R_7zqDdqzI3278NXi","Maryland","Network of sites within one state/province","Ailanthis",NA,"Treatment ending later due to changing phenology","Invasive plant management ","10+ years","State Government",2026,10,1,1,NA,0.77590345940614
"R_5hAPDFkgmRMkZzy","New York","Network of sites within one state/province","Ailanthis",3,"Treatment ending later due to changing phenology","Invasive plant management ","10+ years","Nongovernmental Organization",2026,10,1,1,-0.947663183145831,0.77590345940614
"R_6yLkjZOTEZ3TCvv","Pennsylvania","Network of sites within one state/province","Ailanthis",12,"At the same time due to no change in phenology","Invasive plant management ","10+ years","City/Municipal Government",2026,10,1,0,0.234354202894599,0.77590345940614
"R_12MfvXiIwliM6mq","Virginia","Network of sites within one state/province","Ailanthis",5,"At the same time due to no change in phenology","Invasive plant management ","2 to 5 years","Academia/University",2026,2,1,0,-0.684992652914624,-1.85051033624031
"R_5EsAG4x9K525yff","Pennsylvania","Network of sites within one state/province","Ailanthis",NA,"At the same time due to no change in phenology","Invasive plant management ","6 to 10 years","Nongovernmental Organization",2026,6,1,0,NA,-0.537303438417083
"R_5upMJmCgVD9qgCQ","Pennsylvania","Network of sites within one state/province","Ailanthis",3,"Starting earlier or ending later for other reasons","Invasive plant management ","2 to 5 years","Other",2026,2,1,0,-0.947663183145831,-1.85051033624031
"R_5pi0PucgobcikIW","Michigan","Network of sites within one state/province","Ailanthis",2,"At the same time due to no change in phenology","Invasive plant management ","6 to 10 years","Nongovernmental Organization",2026,6,1,0,-1.07899844826143,-0.537303438417083
"R_3rk1Kc6ds2b1R97","New York","Network of sites within one state/province","Ailanthis",1,"At the same time due to no change in phenology","Invasive plant management ","2 to 5 years","State Government",2026,2,1,0,-1.21033371337704,-1.85051033624031
"R_3DHks2vVgdNJOBn","Michigan","Network of sites within one state/province","Ailanthis",10,"At the same time despite changing phenology","Invasive plant management ","2 to 5 years","Nongovernmental Organization",2026,2,1,1,-0.0283163273366078,-1.85051033624031
"R_5q56JqF0jN1J5xT","New Hampshire","Multi-state network of sites","Ailanthis",20,"Treatment starting earlier due to changing phenology,Treatment ending later due to changing phenology","Invasive plant management ","10+ years","Industry/Private Sector",2026,10,1,1,1.28503632381942,0.77590345940614
"R_72Pfw8uP98OJPoM","Maryland","Single site","Ailanthis",3,"At the same time due to no change in phenology","Invasive plant management ","10+ years","Industry/Private Sector",2026,10,1,0,-0.947663183145831,0.77590345940614
"R_3OZoTtXsYc0ZVCo","Michigan","Network of sites within one state/province","Ailanthis",20,"Treatment starting earlier due to changing phenology","Invasive plant management ","10+ years","State Government",2026,10,1,1,1.28503632381942,0.77590345940614
"R_1D5srXkx8ozWrQm","Maryland","Single site","Ailanthis",8,"At the same time due to no change in phenology","Invasive plant management ","6 to 10 years","Nongovernmental Organization",2026,6,1,0,-0.290986857567814,-0.537303438417083
"R_5IQt3joF5gjoi45","Kentucky","Network of sites within one state/province","Ailanthis",2,"Treatment ending later due to changing phenology","Invasive plant management ","Less than 2 years","State Government",2026,0.1,1,1,-1.07899844826143,-2.47428361270634
"R_3EtnKAg5tMJYzSl","Massachusetts"," Other (please specify)","Ailanthis",5,"At the same time due to no change in phenology","Invasive plant management ","6 to 10 years","City/Municipal Government",2026,6,1,0,-0.684992652914624,-0.537303438417083
"R_1EsfjygrCBEI1cq","New Jersey","Network of sites within one state/province","Ailanthis",8,"At the same time due to no change in phenology","Invasive plant management ","6 to 10 years","Nongovernmental Organization",2026,6,1,0,-0.290986857567814,-0.537303438417083
"R_3Qxjb9i4NVkgesX","Massachusetts","Network of sites within one state/province","Ailanthis",10,"At the same time due to no change in phenology","Invasive plant management ","10+ years","Nongovernmental Organization",2026,10,1,0,-0.0283163273366078,0.77590345940614
"R_1JJfcg6oyDxaT5A","Massachusetts"," Other (please specify)","Ailanthis",1,"At the same time due to no change in phenology","Invasive plant management ","6 to 10 years","City/Municipal Government",2026,6,1,0,-1.21033371337704,-0.537303438417083
"R_5H6Li12o7rFfCKo","Rhode Island","Network of sites within one state/province","Ailanthis",1,"Treatment starting earlier due to changing phenology,Treatment ending later due to changing phenology","Invasive plant management ","10+ years","Industry/Private Sector",2026,10,1,1,-1.21033371337704,0.77590345940614
"R_5rdlHlOy7XfBCJX","Rhode Island","Network of sites within one state/province","Ailanthis",5,"At the same time despite changing phenology","Invasive plant management ","6 to 10 years","State Government",2026,6,1,1,-0.684992652914624,-0.537303438417083
"R_5gHFiq6DKC8WPVl","Ontario","Network of sites within one state/province","Ailanthis",30,"At the same time due to no change in phenology","Invasive plant management ","10+ years","Industry/Private Sector",2026,10,1,0,2.59838897497546,0.77590345940614
"R_6jVAdbjxfGf7ZNc","Maryland","Network of sites within one state/province","Ailanthis",12,"At the same time due to no change in phenology","Invasive plant management ","6 to 10 years","Nongovernmental Organization",2026,6,1,0,0.234354202894599,-0.537303438417083
"R_3PQOLiHs19fSpEi","Virginia","Network of sites within one state/province","Ailanthis",25,"At the same time due to no change in phenology","Invasive plant management ","10+ years","State Government",2026,10,1,0,1.94171264939744,0.77590345940614
"R_5Kr2fz6TZxQx0Uu","Connecticut","Single site","Ailanthis",NA,"Treatment starting earlier due to changing phenology,Treatment ending later due to changing phenology,Starting earlier or ending later for other reasons","Other (I work with invasive plants but not as a manager, researcher, or extension)","6 to 10 years","Other",2026,6,1,1,NA,-0.537303438417083
"R_3Z0oewLXyyqJj9v","Virginia","Multi-state network of sites","Ailanthis",6,"Treatment ending later due to changing phenology","Invasive plant management ","10+ years","Nongovernmental Organization",2026,10,1,1,-0.553657387799021,0.77590345940614
"R_7iywZfD9qBljGo1","Indiana","Network of sites within one state/province","Ailanthis",4,"At the same time due to no change in phenology","Invasive plant management ","6 to 10 years","Other",2026,6,1,0,-0.816327918030227,-0.537303438417083
"R_3Hq4RrgAKLo0gVL","Massachusetts"," Other (please specify)","Ailanthis",5,"At the same time due to no change in phenology","Invasive plant management ","2 to 5 years","City/Municipal Government",2026,2,1,0,-0.684992652914624,-1.85051033624031
"R_7eqSNbi6mQ46E1Z","Virginia","Multi-state network of sites","Ailanthis",20,"Treatment starting earlier due to changing phenology","Invasive plant management ","10+ years","Industry/Private Sector",2026,10,1,1,1.28503632381942,0.77590345940614
"R_3lpMOKMac0cgCvT","Massachusetts","Network of sites within one state/province","Ailanthis",2,"At the same time despite changing phenology","Invasive plant management ","10+ years","Industry/Private Sector",2026,10,1,1,-1.07899844826143,0.77590345940614
"R_3VxbJkG46TDSZKp","Pennsylvania","Multi-state network of sites","Ailanthis",19,"At the same time despite changing phenology","Invasive plant management ","10+ years"," Federal Government",2026,10,1,1,1.15370105870382,0.77590345940614
"R_7IvjAhNgByZUh4p","Michigan","Network of sites within one state/province","Ailanthis",2,"Treatment starting earlier due to changing phenology,Treatment ending later due to changing phenology","Invasive plant management ","10+ years","City/Municipal Government",2026,10,1,1,-1.07899844826143,0.77590345940614
"R_74FeknDhSsDq3Tj","Virginia","Multi-state network of sites","Ailanthis",10,"At the same time due to no change in phenology","Invasive plant management ","6 to 10 years","Industry/Private Sector",2026,6,1,0,-0.0283163273366078,-0.537303438417083
"R_6Q75yjxK5fIfXwZ","Maryland","Network of sites within one state/province","Ailanthis",3,"At the same time despite changing phenology","Invasive plant management ","10+ years","County Government",2026,10,1,1,-0.947663183145831,0.77590345940614
"R_3e8YdoUiS4iZyX0","Michigan","Network of sites within one state/province","Ailanthis",2,"At the same time due to no change in phenology","Invasive plant management ","6 to 10 years","County Government",2026,6,1,0,-1.07899844826143,-0.537303438417083
"R_3YsNgjgIfC3NqDf","Ontario","Network of sites within one state/province","Ailanthis",2,"At the same time due to no change in phenology","Invasive plant management ","2 to 5 years","City/Municipal Government",2026,2,1,0,-1.07899844826143,-1.85051033624031
"R_7ZJRu0abbATItQu","North Carolina","Network of sites within one state/province","Ailanthis",10,"At the same time due to no change in phenology","Invasive plant management ","10+ years","County Government",2026,10,1,0,-0.0283163273366078,0.77590345940614
"R_77YAH73ER57ZnBn","Kentucky","Network of sites within one state/province","Ailanthis",15,"At the same time due to no change in phenology","Invasive plant management ","10+ years","Academia/University",2026,10,1,0,0.628359998241409,0.77590345940614
"R_3G9fjD3aUkxTH1a","Maryland","Network of sites within one state/province","Ailanthis",15,"At the same time due to no change in phenology","Invasive plant management ","10+ years","Industry/Private Sector",2026,10,1,0,0.628359998241409,0.77590345940614
"R_51hjoFYUg74WFmz","Massachusetts","Network of sites within one state/province","Ailanthis",25,"At the same time due to no change in phenology","Invasive plant management ","10+ years"," Federal Government",2026,10,1,0,1.94171264939744,0.77590345940614
"R_3mwJdcOf68mSU8i","Ohio"," Other (please specify)","Ailanthis",10,"At the same time despite changing phenology","Invasive plant management ","10+ years","Nongovernmental Organization",2026,10,1,1,-0.0283163273366078,0.77590345940614
"R_3odqWeiPriybrSx","Maryland","Multi-state network of sites","Ailanthis",20,"At the same time due to no change in phenology","Invasive plant management ","10+ years","Industry/Private Sector",2026,10,1,0,1.28503632381942,0.77590345940614
"R_6RfvvrSVaZFoLRH","Virginia","Network of sites within one state/province","Ailanthis",12,"Treatment starting earlier due to changing phenology","Invasive plant management ","10+ years","Nongovernmental Organization",2026,10,1,1,0.234354202894599,0.77590345940614
"R_3Si9tax1RwMIZLT","Massachusetts","Multi-state network of sites","Ailanthis",9,"Treatment starting earlier due to changing phenology,Treatment ending later due to changing phenology","Invasive plant management ","10+ years","Industry/Private Sector",2026,10,1,1,-0.159651592452211,0.77590345940614
"R_62Ll7ZFWepKPSWn","Maine","Multi-state network of sites","Ailanthis",10,"At the same time due to no change in phenology","Invasive plant management ","10+ years","Industry/Private Sector",2026,10,1,0,-0.0283163273366078,0.77590345940614
"R_3rk1Kc6ds2b1R97","New York","Network of sites within one state/province","Pastinaca",1,"At the same time due to no change in phenology","Invasive plant management ","2 to 5 years","State Government",2026,2,1,0,-1.21033371337704,-1.85051033624031
"R_5FqDfQSEijhcVoz","Vermont","Multi-state network of sites","Pastinaca",15,"Treatment starting earlier due to changing phenology","Invasive plant management ","10+ years","Industry/Private Sector",2026,10,1,1,0.628359998241409,0.77590345940614
"R_5V0AX8smWwEqt7X","Quebec","Network of sites within one state/province","Pastinaca",5,"Treatment starting earlier due to changing phenology","Invasive plant management ","6 to 10 years","Tribal/First Nation",2026,6,1,1,-0.684992652914624,-0.537303438417083
"R_3OZoTtXsYc0ZVCo","Michigan","Network of sites within one state/province","Pastinaca",15,"Treatment starting earlier due to changing phenology,Treatment ending later due to changing phenology","Invasive plant management ","10+ years","State Government",2026,10,1,1,0.628359998241409,0.77590345940614
"R_1EciEKujj6l77zC","Wisconsin","Network of sites within one state/province","Pastinaca",2,"At the same time due to no change in phenology","Invasive plant management ","10+ years","Other",2026,10,1,0,-1.07899844826143,0.77590345940614
"R_7pKymxAKzskP9AS","Wisconsin","Multi-state network of sites","Pastinaca",12,"At the same time due to no change in phenology","Invasive plant management ","10+ years","Nongovernmental Organization",2026,10,1,0,0.234354202894599,0.77590345940614
"R_5gHFiq6DKC8WPVl","Ontario","Network of sites within one state/province","Pastinaca",15,"At the same time due to no change in phenology","Invasive plant management ","10+ years","Industry/Private Sector",2026,10,1,0,0.628359998241409,0.77590345940614
"R_7iywZfD9qBljGo1","Indiana","Network of sites within one state/province","Pastinaca",2,"At the same time due to no change in phenology","Invasive plant management ","6 to 10 years","Other",2026,6,1,0,-1.07899844826143,-0.537303438417083
"R_3VxbJkG46TDSZKp","Pennsylvania","Multi-state network of sites","Pastinaca",3,"At the same time despite changing phenology","Invasive plant management ","10+ years"," Federal Government",2026,10,1,1,-0.947663183145831,0.77590345940614
"R_5pzvxrP2azfmvYJ","Michigan","Network of sites within one state/province","Pastinaca",14,"Treatment starting earlier due to changing phenology,Treatment ending later due to changing phenology","Invasive plant management ","10+ years","Other",2026,10,1,1,0.497024733125805,0.77590345940614
"R_7IvjAhNgByZUh4p","Michigan","Network of sites within one state/province","Pastinaca",10,"Treatment starting earlier due to changing phenology,Treatment ending later due to changing phenology","Invasive plant management ","10+ years","City/Municipal Government",2026,10,1,1,-0.0283163273366078,0.77590345940614
"R_74FeknDhSsDq3Tj","Virginia","Multi-state network of sites","Pastinaca",10,"At the same time due to no change in phenology","Invasive plant management ","6 to 10 years","Industry/Private Sector",2026,6,1,0,-0.0283163273366078,-0.537303438417083
"R_3YsNgjgIfC3NqDf","Ontario","Network of sites within one state/province","Pastinaca",NA,"Starting earlier or ending later for other reasons","Invasive plant management ","2 to 5 years","City/Municipal Government",2026,2,1,0,NA,-1.85051033624031
"R_7jZpgrqPT21G0fj","Vermont","Single site","Pastinaca",5,"At the same time due to no change in phenology","Invasive plant management ","10+ years","State Government",2026,10,1,0,-0.684992652914624,0.77590345940614
"R_1EGs8JgbiTLIdrk","Michigan","Multi-state network of sites","Pastinaca",10,"Treatment starting earlier due to changing phenology","Invasive plant management ","10+ years","Nongovernmental Organization",2026,10,1,1,-0.0283163273366078,0.77590345940614
"R_3Si9tax1RwMIZLT","Massachusetts","Multi-state network of sites","Pastinaca",8,"At the same time due to no change in phenology","Invasive plant management ","10+ years","Industry/Private Sector",2026,10,1,0,-0.290986857567814,0.77590345940614
"R_62Ll7ZFWepKPSWn","Maine","Multi-state network of sites","Pastinaca",15,"At the same time due to no change in phenology","Invasive plant management ","10+ years","Industry/Private Sector",2026,10,1,0,0.628359998241409,0.77590345940614
