StartDate,EndDate,Status,Progress,Duration (in seconds),Finished,RecordedDate,ResponseId,DistributionChannel,UserLanguage,Q198,Q1,Q2,Q3,Q3_9_TEXT,Q4,Q32_1,Q32_2,Q32_3,Q32_4,Q32_5,Q32_6,Q32_7,Q32_8,Q32_8_TEXT,Q33,Q34,Q34_1_TEXT,Q113,Q114#1_1,Q114#1_2,Q114#1_3,Q114#1_4,Q114#1_5,Q114#1_6,Q114#1_7,Q114#1_8,Q114#1_9,Q114#1_10,Q114#1_11,Q114#1_12,Q114#1_13,Q114#1_14,Q114#1_15,Q114#1_16,Q114#1_17,Q114#1_18,Q114#1_19,Q114#1_20,Q114#1_21,Q114#1_22,Q117#1_1,Q117#1_2,Q117#1_3,Q117#1_4,Q117#1_5,Q117#1_6,Q117#1_7,Q117#1_8,Q117#1_9,Q117#1_10,Q117#1_11,Q117#1_12,Q117#1_13,Q117#1_14,Q117#1_15,Q117#1_16,Q117#1_17,Q117#1_18,Q117#1_19,Q117#1_20,Q117#1_21,Q117#1_22,Q118#1_1_1,Q118#1_2_1,Q118#1_3_1,Q118#1_4_1,Q118#1_5_1,Q118#1_6_1,Q118#1_7_1,Q118#1_8_1,Q118#1_9_1,Q118#1_10_1,Q118#1_11_1,Q118#1_12_1,Q118#1_13_1,Q118#1_14_1,Q118#1_15_1,Q118#1_16_1,Q118#1_17_1,Q118#1_18_1,Q118#1_19_1,Q118#1_20_1,Q118#1_21_1,Q118#1_22_1,Q35,Q35_5_TEXT,state,Q220,Q220_1_TEXT,Q5,Q8,Q9,Q10_1,Q10_2,Q10_3,Q10_4,Q10_5,Q10_5_TEXT,Q4#1_1,Q4#1_2,Q4#2_1,Q4#2_2,Q13,Q13_6_TEXT,Q223,Q223_6_TEXT,Q221,Q15,Q18,Q18_4_TEXT,Q19#1_1,Q19#1_2,Q19#2_1,Q19#2_2,Q20,Q20_6_TEXT,Q224,Q224_6_TEXT,Q21,Q22,Q24_1,Q25,Q26,Q26_5_TEXT,Q27_1,Q29,Q31,Q122,Q123,Q124,Q125_1,Q125_2,Q125_3,Q125_4,Q125_5,Q125_5_TEXT,Q126#1_1,Q126#1_2,Q126#2_1,Q126#2_2,Q127,Q127_6_TEXT,Q225,Q225_6_TEXT,Q222,Q129,Q130,Q130_4_TEXT,Q131#1_1,Q131#1_2,Q131#2_1,Q131#2_2,Q132,Q132_6_TEXT,Q226,Q226_6_TEXT,Q133,Q134,Q135_1,Q136,Q137,Q137_5_TEXT,Q138_1,Q139,Q140,Q141,Q142,Q143,Q144_1,Q144_2,Q144_3,Q144_4,Q144_5,Q144_5_TEXT,Q145#1_1,Q145#1_2,Q145#2_1,Q145#2_2,Q146,Q146_6_TEXT,Q227,Q227_6_TEXT,Q147,Q148,Q149,Q149_4_TEXT,Q150#1_1,Q150#1_2,Q150#2_1,Q150#2_2,Q151,Q151_6_TEXT,Q228,Q228_6_TEXT,Q152,Q153,Q154_1,Q155,Q156,Q156_5_TEXT,Q157_1,Q158,Q159,Q160,Q161,Q162,Q163_1,Q163_2,Q163_3,Q163_4,Q163_5,Q163_5_TEXT,Q164#1_1,Q164#1_2,Q164#2_1,Q164#2_2,Q165,Q165_6_TEXT,Q229,Q229_6_TEXT,Q166,Q167,Q168,Q168_4_TEXT,Q169#1_1,Q169#1_2,Q169#2_1,Q169#2_2,Q170,Q170_6_TEXT,Q230,Q230_6_TEXT,Q171,Q172,Q173_1,Q174,Q175,Q175_5_TEXT,Q176_1,Q177,Q178,Q179,Q180,Q181,Q182_1,Q182_2,Q182_3,Q182_4,Q182_5,Q182_5_TEXT,Q183#1_1,Q183#1_2,Q183#2_1,Q183#2_2,Q184,Q184_6_TEXT,Q231,Q231_6_TEXT,Q185,Q186,Q187,Q187_4_TEXT,Q188#1_1,Q188#1_2,Q188#2_1,Q188#2_2,Q189,Q189_6_TEXT,Q232,Q232_6_TEXT,Q190,Q191,Q192_1,Q193,Q194,Q194_5_TEXT,Q195_1,Q196,Q197,Q200,Q201,Q202,Q203_1,Q203_2,Q203_3,Q203_4,Q203_5,Q203_5_TEXT,Q204#1_1,Q204#1_2,Q204#2_1,Q204#2_2,Q205,Q205_6_TEXT,Q233,Q233_6_TEXT,Q206,Q207,Q208,Q208_4_TEXT,Q209#1_1,Q209#1_2,Q209#2_1,Q209#2_2,Q210,Q210_6_TEXT,Q234,Q234_6_TEXT,Q211,Q212,Q213_1,Q214,Q215,Q215_5_TEXT,Q216_1,Q217,Q218
2/19/26 9:19,2/19/26 9:29,IP Address,100,644,True,2/19/26 9:29,R_5Lj6I9neF7g4DE2,anonymous,EN,I Agree,Invasive plant research/science,10+ years,Academia/University,,Yes,1,7,4,5,6,3,2,8,,Yes - we monitor both invasive plant populations and native recovery post-treatment,"If yes, please provide your name and email",abmitchell@tarleton.edu,"Bush Honeysuckle (Lonicera maackii, morrowii, tatarica or X bella),Invasive Knotweeds (Reynoutria spp.),Kudzu (Pueraria montana),Autumn-Olive (Elaeagnus umbellata),Black swallowwort (Vincetoxicum nigrum),Buckthorn (Rhamnus cathartica),Mugwort (Artemisia vulgaris),Phragmites australis,Tree of heaven (AiIanthus altissima)",,Other,Other,Other,,,Other,,,Other,Other,,,,Other,,Other,,,,Other,,,Other,Other,Other,,,Other,,,Other,Other,,,,Other,,Other,,,,Other,,,10,10,10,,,10,,,8,10,,,,6,,10,,,,10,,Single site,,New York,"If yes, please provide your name and email",abmitchell@tarleton.edu,Yes,"Fishers Island, NY",Yes,Foliar spray,,,,,,August,August,5,5,No,,No,,1,Yes,"Hand pulling, digging, or other form of removal of both above and belowground biomass",,June,August,10,5,No,,No,,8,Every 1-2 weeks,,0,Prevent population spread,,Slightly effective,Yes,,No,,,,,,,,,,,,,,,,,,,,,,,,,,,,,,,,,,,,,,No,,,,,,,,,,,,,,,,,,,,,,,,,,,,,,,,,,,,,,No,,,,,,,,,,,,,,,,,,,,,,,,,,,,,,,,,,,,,,Yes,"Fishers Island, New York",Yes,Foliar spray,Cut and paint,,,,,June,August,10,5,No,,No,,4,Yes,"Hand pulling, digging, or other form of removal of both above and belowground biomass",,June,August,10,5,No,,No,,8,Every 1-2 weeks,0,0,Prevent population spread,,Moderately effective,Yes,,No,,,,,,,,,,,,,,,,,,,,,,,,,,,,,,,,,,,,,
2/19/26 9:20,2/19/26 9:31,IP Address,100,679,True,2/19/26 9:31,R_7GwBwiGreoKhfNs,anonymous,EN,I Agree,Invasive plant management ,6 to 10 years,County Government,,Yes,4,1,5,2,7,3,6,8,,Yes - we monitor both invasive plant populations and native recovery post-treatment,No,,"Asiatic bittersweet (Celastrus orbiculatus),Invasive Knotweeds (Reynoutria spp.),Autumn-Olive (Elaeagnus umbellata),Black pine (Pinus thunbergii),Black swallowwort (Vincetoxicum nigrum),Chinese silver grass (Miscanthus sinensis),Mugwort (Artemisia vulgaris),Phragmites australis,Privet (Ligustrum sp.),Scotch broom (Cytisus scoparius),Spotted knapweed (Centaurea stoebe),Tree of heaven (AiIanthus altissima)",At the same time due to no change in phenology,,At the same time due to no change in phenology,,,,At the same time due to no change in phenology,,At the same time due to no change in phenology,At the same time due to no change in phenology,,At the same time due to no change in phenology,,,At the same time due to no change in phenology,,At the same time due to no change in phenology,At the same time due to no change in phenology,At the same time due to no change in phenology,At the same time due to no change in phenology,At the same time due to no change in phenology,,At the same frequency due to no change in phenology,,More frequently due to changing phenology,,,,At the same frequency due to no change in phenology,,At the same frequency due to no change in phenology,At the same frequency due to no change in phenology,,At the same frequency due to no change in phenology,,,At the same frequency due to no change in phenology,,At the same frequency due to no change in phenology,At the same frequency due to no change in phenology,At the same frequency due to no change in phenology,At the same frequency due to no change in phenology,At the same frequency due to no change in phenology,,,,,,,,,,,,,,,,,,,,1,,,,Network of sites within one state/province,,Massachusetts,No,,Yes,"East Creek, Nantucket, MA",Yes,Foliar spray,,,,,,September,October,,,"Yes, senescence",,"Yes, senescence",,1,Yes,"Mowing, cutting, or other form of removing aboveground biomass",,June,September,,,"Yes, vegetation emergence",,"Yes, flowering",,2,Every 1-2 months,,5,Decrease population size,,Moderately effective,Yes,,No,,,,,,,,,,,,,,,,,,,,,,,,,,,,,,,,,,,,,,Yes,"Eat Fire Farm, Nantucket, MA",No,,,,,,,,,,,,,,,,Yes,"Mowing, cutting, or other form of removing aboveground biomass",,,,,,"Yes, vegetation emergence",,"Yes, flowering",,1,Every 1-2 months,,4,Locally eradicate the population,,Moderately effective,No,add in use of herbicide,No,,,,,,,,,,,,,,,,,,,,,,,,,,,,,,,,,,,,,,No,,,,,,,,,,,,,,,,,,,,,,,,,,,,,,,,,,,,,,No,,,,,,,,,,,,,,,,,,,,,,,,,,,,,,,,,,,,,
2/19/26 9:42,2/19/26 10:02,IP Address,100,1175,True,2/19/26 10:02,R_5rHa6I5vBes9eDX,anonymous,EN,I Agree,Invasive plant management ,2 to 5 years,Nongovernmental Organization,,Yes,5,1,7,3,6,2,4,8,,Yes - we monitor invasive plant populations post-treatment,No,,"Asiatic bittersweet (Celastrus orbiculatus),Bush Honeysuckle (Lonicera maackii, morrowii, tatarica or X bella),Multiflora rose (Rosa multiflora),Stiltgrass (Microstegium vimineum),Buckthorn (Rhamnus cathartica),Japanese honeysuckle (Lonicera japonica)",At the same time due to no change in phenology,At the same time due to no change in phenology,,,At the same time due to no change in phenology,Treatment starting earlier due to changing phenology,,,,,At the same time due to no change in phenology,,,At the same time due to no change in phenology,,,,,,,,,More or less frequently for other reasons,More or less frequently for other reasons,,,More or less frequently for other reasons,More or less frequently for other reasons,,,,,More or less frequently for other reasons,,,More or less frequently for other reasons,,,,,,,,,3,3,,,3,3,,,,,3,,,3,,,,,,,,,Network of sites within one state/province,,Vermont,"If yes, please provide your name and email",sullivan.wcnrcd@gmail.com,No,,,,,,,,,,,,,,,,,,,,,,,,,,,,,,,,,,,,,,Yes,"Across Windham County, VT USA",No,,,,,,,,,,,,,,,,Yes,"Hand pulling, digging, or other form of removal of both above and belowground biomass",,June,October,1,1,"Yes, vegetation emergence",,"Yes, fruit or seed set",,20,Weekly or more frequently,,150,Prevent population spread,,Very effective,No,"We want to flame weed, but locations along DOT and inner forest blocks + drought made this unpermittable",Yes,"The Chalet, Brattleboro, VT USA",No,,,,,,,,,,,,,,,,Yes,"Mowing, cutting, or other form of removing aboveground biomass",,June,June,1,1,"Yes, vegetation emergence",,"Yes, vegetation emergence",,1,Once during the growing season,85,25,Decrease population size,,Moderately effective,No,"If we had funding, we would hire a crew to more frequently manage this site",Yes,"The Chalet, Brattleboro, VT USA",No,,,,,,,,,,,,,,,,Yes,"Hand pulling, digging, or other form of removal of both above and belowground biomass",,June,June,1,1,"Yes, vegetation emergence",,"Yes, vegetation emergence",,1,Once during the growing season,83,25,Decrease population size,,Moderately effective,No,"Ideally, we would hire staff to manage this site more frequently",No,,,,,,,,,,,,,,,,,,,,,,,,,,,,,,,,,,,,,,Yes,"The Chalet, Brattleboro, VT USA",No,,,,,,,,,,,,,,,,Yes,"Mowing, cutting, or other form of removing aboveground biomass",,June,June,1,1,"Yes, vegetation emergence",,"Yes, vegetation emergence",,1,Once during the growing season,87,25,Decrease population size,,Moderately effective,No,Hire a dedicated crew to manage this area
2/19/26 9:58,2/19/26 10:05,IP Address,100,380,True,2/19/26 10:05,R_7BlmJOATPprWieR,anonymous,EN,I Agree,Invasive plant management ,2 to 5 years,County Government,,Yes,5,2,6,3,7,4,1,8,,I don't know,No,,,,,,,,,,,,,,,,,,,,,,,,,,,,,,,,,,,,,,,,,,,,,,,,,,,,,,,,,,,,,,,,,,,,,Network of sites within one state/province,,Pennsylvania,No,,No,,,,,,,,,,,,,,,,,,,,,,,,,,,,,,,,,,,,,,No,,,,,,,,,,,,,,,,,,,,,,,,,,,,,,,,,,,,,,No,,,,,,,,,,,,,,,,,,,,,,,,,,,,,,,,,,,,,,No,,,,,,,,,,,,,,,,,,,,,,,,,,,,,,,,,,,,,,No,,,,,,,,,,,,,,,,,,,,,,,,,,,,,,,,,,,,,,Yes,,Yes,,,,,,,,,,,,,,,,No,,,,,,,,,,,,,,,Decrease population size,,Very effective,Yes,
2/19/26 9:55,2/19/26 10:12,IP Address,100,1021,True,2/19/26 10:12,R_7zqDdqzI3278NXi,anonymous,EN,I Agree,Invasive plant management ,10+ years,State Government,,Yes,3,2,6,5,7,4,1,8,,Yes - we monitor both invasive plant populations and native recovery post-treatment,No,,"Asiatic bittersweet (Celastrus orbiculatus),Bush Honeysuckle (Lonicera maackii, morrowii, tatarica or X bella),Kudzu (Pueraria montana),Multiflora rose (Rosa multiflora),Stiltgrass (Microstegium vimineum),Autumn-Olive (Elaeagnus umbellata),Barberry  (Berberis thunbergii),Chinese silver grass (Miscanthus sinensis),Japanese honeysuckle (Lonicera japonica),Mugwort (Artemisia vulgaris),Norway maple (Acer platanoides),Privet (Ligustrum sp.),Tree of heaven (AiIanthus altissima)",Treatment ending later due to changing phenology,Treatment ending later due to changing phenology,,I don't know,I don't know,At the same time despite changing phenology,Treatment ending later due to changing phenology,Treatment ending later due to changing phenology,,,,I don't know,,At the same time due to no change in phenology,I don't know,At the same time due to no change in phenology,,I don't know,,,Treatment ending later due to changing phenology,,I don’t know,I don’t know,,I don’t know,I don’t know,I don’t know,I don’t know,I don’t know,,,,I don’t know,,I don’t know,I don’t know,I don’t know,,I don’t know,,,I don’t know,,,,,,,,,,,,,,,,,,,,,,,,Network of sites within one state/province,,Maryland,No,,No,,,,,,,,,,,,,,,,,,,,,,,,,,,,,,,,,,,,,,Yes,"Frederick City Watershed Forest, Frederick, MD USA",Yes,Foliar spray,,,,Pre-emergent,Pendamethalin,February,July,,,"Yes, vegetation emergence",,"Yes, fruit or seed set",,2,No,,,,,,,,,,,,,,,Decrease population size,,Moderately effective,No,"Additional applications, frequent prescribed fire ",Yes,"Indian Springs Wildlife Management Area, Clear Spring, MD USA",Yes,Foliar spray,Cut and paint,,,,,June,October,,,"Yes, other",Transition to storage in roots,"Yes, senescence",,,Yes,"Mowing, cutting, or other form of removing aboveground biomass",,December,February,,,"Yes, dormancy",,"Yes, dormancy",,,Once during the growing season,0,,Other,Clear site for cultural control (tree/native plant planting),Very effective,Yes,,Yes,"Antietam National Battlefield, Sharpsburg, MD USA",Yes,Cut and paint,Cut and paint,,,,,May,September,,,"Yes, other",Growing season,"Yes, senescence",,,Yes,"Mowing, cutting, or other form of removing aboveground biomass",,May,September,,,"Yes, vegetation emergence",,"Yes, senescence",,1,Once during the growing season,0,,Other,Clear site for tree planting,Moderately effective,Yes,,No,,,,,,,,,,,,,,,,,,,,,,,,,,,,,,,,,,,,,,Yes,,Yes,Foliar spray,Foliar spray,,,,,June,October,,,"Yes, vegetation emergence",,"Yes, senescence",,,No,,,,,,,,,,,,,,,Slow population spread,,Moderately effective,No,Cut stump treatment
2/19/26 9:30,2/19/26 10:19,IP Address,100,2955,True,2/19/26 10:19,R_5hAPDFkgmRMkZzy,anonymous,EN,I Agree,Invasive plant management ,10+ years,Nongovernmental Organization,,"No, but I managed other invasive plant species",3,1,4,2,6,5,7,8,,Yes - we monitor both invasive plant populations and native recovery post-treatment,No,,"Asiatic bittersweet (Celastrus orbiculatus),Bush Honeysuckle (Lonicera maackii, morrowii, tatarica or X bella),Invasive Knotweeds (Reynoutria spp.),Multiflora rose (Rosa multiflora),Autumn-Olive (Elaeagnus umbellata),Barberry  (Berberis thunbergii),Black swallowwort (Vincetoxicum nigrum),Buckthorn (Rhamnus cathartica),Japanese honeysuckle (Lonicera japonica),Privet (Ligustrum sp.),Spotted knapweed (Centaurea stoebe),Tree of heaven (AiIanthus altissima)",At the same time despite changing phenology,At the same time despite changing phenology,Treatment ending later due to changing phenology,,At the same time despite changing phenology,,At the same time despite changing phenology,At the same time despite changing phenology,,I don't know,At the same time despite changing phenology,,,At the same time despite changing phenology,,,,At the same time despite changing phenology,,"Treatment starting earlier due to changing phenology,Treatment ending later due to changing phenology",Treatment ending later due to changing phenology,,At the same frequency due to no change in phenology,At the same frequency due to no change in phenology,At the same frequency despite a change in phenology,,At the same frequency due to no change in phenology,,At the same frequency due to no change in phenology,At the same frequency due to no change in phenology,,At the same frequency due to no change in phenology,At the same frequency due to no change in phenology,,,At the same frequency due to no change in phenology,,,,At the same frequency due to no change in phenology,,At the same frequency despite a change in phenology,At the same frequency despite a change in phenology,,3,3,3,,3,,3,5,,3,3,,,3,,,,3,,5,3,,Network of sites within one state/province,,New York,No,,,,,,,,,,,,,,,,,,,,,,,,,,,,,,,,,,,,,,,,,,,,,,,,,,,,,,,,,,,,,,,,,,,,,,,,,,,,,,,,,,,,,,,,,,,,,,,,,,,,,,,,,,,,,,,,,,,,,,,,,,,,,,,,,,,,,,,,,,,,,,,,,,,,,,,,,,,,,,,,,,,,,,,,,,,,,,,,,,,,,,,,,,,,,,,,,,,,,,,,,,,,,,,,,,,,,,,,,,,,,,,,,,,,,
2/19/26 9:25,2/19/26 10:24,IP Address,100,3535,True,2/19/26 10:24,R_7qkAjat39MtPBoG,anonymous,EN,I Agree,Invasive plant management ,10+ years, Federal Government,,Yes,2,3,8,6,7,4,5,1,Need to focus on Mile-a-minute vine control on the site.,No,"If yes, please provide your name and email",Bill Fuchs william_fuchs@nps.gov,"Asiatic bittersweet (Celastrus orbiculatus),Bush Honeysuckle (Lonicera maackii, morrowii, tatarica or X bella),Invasive Knotweeds (Reynoutria spp.),Multiflora rose (Rosa multiflora),Stiltgrass (Microstegium vimineum),Autumn-Olive (Elaeagnus umbellata),Barberry  (Berberis thunbergii),Black swallowwort (Vincetoxicum nigrum),Buckthorn (Rhamnus cathartica),Japanese honeysuckle (Lonicera japonica),Mugwort (Artemisia vulgaris),Norway maple (Acer platanoides),Phragmites australis,Privet (Ligustrum sp.),Spotted knapweed (Centaurea stoebe),Tree of heaven (AiIanthus altissima)",Other,Other,Other,,Other,Other,Other,Other,,Treatment starting earlier due to changing phenology,Other,,,Other,Other,Other,Treatment ending later due to changing phenology,Other,,Other,Other,,At the same frequency despite a change in phenology,At the same frequency despite a change in phenology,At the same frequency despite a change in phenology,,At the same frequency despite a change in phenology,At the same frequency despite a change in phenology,At the same frequency despite a change in phenology,At the same frequency despite a change in phenology,,At the same frequency despite a change in phenology,At the same frequency despite a change in phenology,,,At the same frequency despite a change in phenology,At the same frequency despite a change in phenology,At the same frequency despite a change in phenology,At the same frequency despite a change in phenology,At the same frequency despite a change in phenology,,At the same frequency despite a change in phenology,At the same frequency despite a change in phenology,,25,25,25,,25,5,25,25,,10,25,,,10,5,25,25,10,,5,25,,Network of sites within one state/province,,Massachusetts,"If yes, please provide your name and email",Bill Fuchs william_fuchs@nps.gov,Yes,"Saugus, MA",Yes,Foliar spray,Other,,,,,July,September,1,15,"Yes, other","Cut stem=active growth, Foliar spray=bud or flowering. ","Yes, dormancy",,2,Yes,"Mowing, cutting, or other form of removing aboveground biomass",,July,August,10,10,"Yes, other",Start of youth work program and sufficient above ground biomass to cut.,"Yes, dormancy",,2,Every 1-2 months,,0,Locally eradicate the population,,Moderately effective,Yes,,Yes,"Weymouth, MA",No,,,,,,,,,,,,,,,,Yes,"Hand pulling, digging, or other form of removal of both above and belowground biomass",,July,August,1,30,"Yes, other",Plants large enough to find and effectively hand pull.,No,,3,Every 1-2 months,90,40,Locally eradicate the population,,Slightly effective,No,Increase intensity of treatment (number of people and number of hours) to control within the entire population within the small wetland site. Vastly increase treatment to cover the entire site including use of herbicide to reduce the multiple populations across the entire site.,Yes,"Weymouth, MA",Yes,Foliar spray,Other,,,,,March,September,15,31,No,,No,,10,Yes,"Mowing, cutting, or other form of removing aboveground biomass",,March,November,15,15,No,,No,,20,Every 1-2 weeks,90,600,Decrease population size,,Moderately effective,No,Increase level of effort (more time and increased personnel) to be able to treat the entire site at least once per year.,Yes,"Weymouth, MA",Yes,,Other,,,,,February,September,10,30,"Yes, other","Ca. ten total treatment days with individual plants treated only once using cut-stem application.Treatment occurred in the winter, summer and fall. Avoided treatment in the spring during sap rise.","Yes, other",Treatment ended with departure of seasonal staff at the end of September. ,10,Yes,"Hand pulling, digging, or other form of removal of both above and belowground biomass",,March,November,15,10,"Yes, other",Start and end dates chosen by start of volunteer programs. Volunteer work groups led by staff hand cutting and treating multiple species..,No,,20,Every 1-2 weeks,90,500,Decrease population size,,Very effective,Yes,,No,,,,,,,,,,,,,,,,,,,,,,,,,,,,,,,,,,,,,,Yes,"Weymouth, MA",Yes,Foliar spray,Other,,,,,March,September,15,31,"Yes, other","Cut stem treatment winter, summer and fall. Occasional foliar treatment during the growing season.",No,,10,Yes,Other,Hand cutting stems.,March,October,15,10,No,,No,,20,Every 1-2 weeks,90,500,Decrease population size,,Very effective,No,Increase the number of treatment hours to be able to treat the entire site at least once per year. 
2/19/26 10:05,2/19/26 10:32,IP Address,100,1612,True,2/19/26 10:32,R_6yLkjZOTEZ3TCvv,anonymous,EN,I Agree,Invasive plant management ,10+ years,City/Municipal Government,,Yes,5,1,6,2,7,4,3,8,Contractor Availability,Yes - we monitor invasive plant populations post-treatment,"If yes, please provide your name and email","John Holback, jholback@willistown.pa.us","Asiatic bittersweet (Celastrus orbiculatus),Bush Honeysuckle (Lonicera maackii, morrowii, tatarica or X bella),Multiflora rose (Rosa multiflora),Stiltgrass (Microstegium vimineum),Autumn-Olive (Elaeagnus umbellata),Barberry  (Berberis thunbergii),Chinese silver grass (Miscanthus sinensis),Japanese honeysuckle (Lonicera japonica),Mugwort (Artemisia vulgaris),Norway maple (Acer platanoides),Phragmites australis,Privet (Ligustrum sp.),Tree of heaven (AiIanthus altissima)",At the same time due to no change in phenology,At the same time due to no change in phenology,,,At the same time due to no change in phenology,At the same time due to no change in phenology,At the same time due to no change in phenology,At the same time due to no change in phenology,,,,At the same time due to no change in phenology,,At the same time due to no change in phenology,At the same time due to no change in phenology,At the same time due to no change in phenology,At the same time due to no change in phenology,At the same time due to no change in phenology,,,At the same time due to no change in phenology,,At the same frequency due to no change in phenology,At the same frequency due to no change in phenology,,,At the same frequency due to no change in phenology,At the same frequency due to no change in phenology,At the same frequency due to no change in phenology,At the same frequency due to no change in phenology,,,,At the same frequency due to no change in phenology,,At the same frequency due to no change in phenology,At the same frequency due to no change in phenology,At the same frequency due to no change in phenology,At the same frequency due to no change in phenology,At the same frequency due to no change in phenology,,,At the same frequency due to no change in phenology,,12,12,,,12,12,12,12,,,,12,,12,12,12,12,12,,,12,,Network of sites within one state/province,,Pennsylvania,"If yes, please provide your name and email","John Holback, jholback@willistown.pa.us",No,,,,,,,,,,,,,,,,,,,,,,,,,,,,,,,,,,,,,,No,,,,,,,,,,,,,,,,,,,,,,,,,,,,,,,,,,,,,,Yes,"Newtown Square, PA USA",Yes,Cut and paint,,,,,,September,October,1,31,No,,No,,1,Yes,"Mowing, cutting, or other form of removing aboveground biomass",,September,October,1,31,No,,No,,3,Every 1-2 weeks,,0,Other,Relieve stress on canopy trees,Moderately effective,No,I would also paint the cut stumps with 50% glyphosate. ,Yes,"Newtown Square, PA USA",Yes,Cut and paint,,,,,,May,March,15,31,"Yes, other",I avoid early spring for cut stump treatment due to movement of water/nutrients from roots to shoots. The dates are approximate and sometimes I still cut and paint in that window. ,"Yes, other",I avoid early spring for cut stump treatment due to movement of water/nutrients from roots to shoots. The dates are approximate and sometimes I still cut and paint in that window. ,1,Yes,"Mowing, cutting, or other form of removing aboveground biomass",,July,July,15,15,"Yes, other",I also wanted to target several species of vines before their fruit matured. ,"Yes, other",I also wanted to target several species of vines before their fruit matured. ,1,Once during the growing season,0,0,Other,Prepare site for native planting,Moderately effective,Yes,,No,,,,,,,,,,,,,,,,,,,,,,,,,,,,,,,,,,,,,,Yes,"Newtown Square, PA USA",Yes,Foliar spray,,,,,,May,June,1,30,"Yes, flowering",,"Yes, flowering",,1,Yes,"Mowing, cutting, or other form of removing aboveground biomass",,October,November,1,30,No,,No,,1,Once during the growing season,0,0,Decrease population size,,Moderately effective,No,"I would use a cut-stump treatment for large plants (more than 1"" thick) or those that are mixed with desirable non-target plants and a foliar spray during flowering for everything else. I would use 50% glyphosate concentrate for cut-stump and 2-4% concentrate for foliar treatment. "
2/19/26 10:26,2/19/26 10:44,IP Address,100,1029,True,2/19/26 10:44,R_12MfvXiIwliM6mq,anonymous,EN,I Agree,Invasive plant management ,2 to 5 years,Academia/University,,Yes,2,6,7,3,4,5,1,8,,No,No,,"Asiatic bittersweet (Celastrus orbiculatus),Bush Honeysuckle (Lonicera maackii, morrowii, tatarica or X bella),Multiflora rose (Rosa multiflora),Stiltgrass (Microstegium vimineum),Autumn-Olive (Elaeagnus umbellata),Barberry  (Berberis thunbergii),Chinese silver grass (Miscanthus sinensis),Japanese honeysuckle (Lonicera japonica),Privet (Ligustrum sp.),Spotted knapweed (Centaurea stoebe),Tree of heaven (AiIanthus altissima)",At the same time due to no change in phenology,At the same time due to no change in phenology,,,At the same time due to no change in phenology,At the same time due to no change in phenology,At the same time due to no change in phenology,At the same time due to no change in phenology,,,,At the same time due to no change in phenology,,At the same time due to no change in phenology,,,,At the same time due to no change in phenology,,I don't know,At the same time due to no change in phenology,,At the same frequency due to no change in phenology,At the same frequency due to no change in phenology,,,At the same frequency due to no change in phenology,At the same frequency due to no change in phenology,At the same frequency due to no change in phenology,At the same frequency due to no change in phenology,,,,At the same frequency due to no change in phenology,,At the same frequency due to no change in phenology,,,,At the same frequency due to no change in phenology,,At the same frequency due to no change in phenology,At the same frequency due to no change in phenology,,5,5,,,5,3,5,5,,,,3,,5,,,,5,,2,5,,Network of sites within one state/province,,Virginia,"If yes, please provide your name and email",Jesse Owen: jdowen@iup.edu,No,,,,,,,,,,,,,,,,,,,,,,,,,,,,,,,,,,,,,,Yes,"Private lands , Bath County, VA",Yes,Foliar spray,,,,,,July,July,15,15,"Yes, flowering",,"Yes, fruit or seed set",,1,No,,,,,,,,,,,,,,,Decrease population size,,Moderately effective,No,I would utilize preemergent herbicides as well,Yes,"Montgomery County, VA",,Foliar spray,"Foliar spray,Cut and paint",,,,,April,September,15,15,No,,No,,4,No,,,,,,,,,,,,,,,Decrease population size,,Moderately effective,No,Add Dormant season cut and paint treatments,No,,,,,,,,,,,,,,,,,,,,,,,,,,,,,,,,,,,,,,No,,,,,,,,,,,,,,,,,,,,,,,,,,,,,,,,,,,,,,Yes,"Private lands, Halifax County, VA",Yes,,Other,,,,,January,February,10,10,"Yes, dormancy",,No,,2,No,,,,,,,,,,,,,,,Locally eradicate the population,,Very effective,No,Follow-up foliar treatment prior to fruiting
2/19/26 10:41,2/19/26 10:51,IP Address,100,596,True,2/19/26 10:51,R_5EsAG4x9K525yff,anonymous,EN,I Agree,Invasive plant management ,6 to 10 years,Nongovernmental Organization,,Yes,1,4,3,5,7,2,6,8,,Yes - we monitor both invasive plant populations and native recovery post-treatment,No,,"Asiatic bittersweet (Celastrus orbiculatus),Bush Honeysuckle (Lonicera maackii, morrowii, tatarica or X bella),Multiflora rose (Rosa multiflora),Stiltgrass (Microstegium vimineum),Autumn-Olive (Elaeagnus umbellata),Barberry  (Berberis thunbergii),Buckthorn (Rhamnus cathartica),Chinese silver grass (Miscanthus sinensis),Japanese honeysuckle (Lonicera japonica),Mugwort (Artemisia vulgaris),Norway maple (Acer platanoides),Privet (Ligustrum sp.),Tree of heaven (AiIanthus altissima)",At the same time due to no change in phenology,At the same time due to no change in phenology,,,At the same time due to no change in phenology,Treatment starting earlier due to changing phenology,At the same time due to no change in phenology,At the same time due to no change in phenology,,,At the same time due to no change in phenology,At the same time due to no change in phenology,,At the same time due to no change in phenology,At the same time due to no change in phenology,At the same time due to no change in phenology,,At the same time due to no change in phenology,,,At the same time due to no change in phenology,,At the same frequency due to no change in phenology,At the same frequency due to no change in phenology,,,At the same frequency due to no change in phenology,At the same frequency despite a change in phenology,At the same frequency due to no change in phenology,At the same frequency due to no change in phenology,,,At the same frequency due to no change in phenology,At the same frequency due to no change in phenology,,At the same frequency due to no change in phenology,At the same frequency due to no change in phenology,At the same frequency due to no change in phenology,,At the same frequency due to no change in phenology,,,At the same frequency due to no change in phenology,,,,,,,,,,,,,,,,,,,,,,,,Network of sites within one state/province,,Pennsylvania,No,,No,,,,,,,,,,,,,,,,,,,,,,,,,,,,,,,,,,,,,,Yes,"Ashbridge Preserve, East Goshen, PA USA",No,,,,,,,,,,,,,,,,Yes,"Mowing, cutting, or other form of removing aboveground biomass",,August,August,1,30,"Yes, fruit or seed set",,"Yes, fruit or seed set",,4,Weekly or more frequently,40,15,Slow population spread,,Slightly effective,No,"More frequent, robust mechanical removal, combined with some herbicide treatments, and a lot more native planting and seeding on site.","Yes, but I’m out of time - take me to the last section",,,,,,,,,,,,,,,,,,,,,,,,,,,,,,,,,,,,,,,,,,,,,,,,,,,,,,,,,,,,,,,,,,,,,,,,,,,,No,,,,,,,,,,,,,,,,,,,,,,,,,,,,,,,,,,,,,,Yes,"Kirkwood Preserve, Willistown, PA USA",Yes,Cut and paint,,,,,,,,,,,,,,,Yes,"Mowing, cutting, or other form of removing aboveground biomass",,,,,,,,,,,,,,Other,Protect native plantings,Moderately effective,,
2/19/26 11:13,2/19/26 11:29,IP Address,100,927,True,2/19/26 11:29,R_6MLoZbpghsD1jBA,anonymous,EN,I Agree,Invasive plant management ,2 to 5 years,Nongovernmental Organization,,Yes,1,2,5,6,7,4,3,8,,Yes - we monitor invasive plant populations post-treatment,"If yes, please provide your name and email",adeci@mcht.org,"Asiatic bittersweet (Celastrus orbiculatus),Bush Honeysuckle (Lonicera maackii, morrowii, tatarica or X bella),Invasive Knotweeds (Reynoutria spp.),Multiflora rose (Rosa multiflora),Barberry  (Berberis thunbergii),Black swallowwort (Vincetoxicum nigrum),Buckthorn (Rhamnus cathartica),Japanese honeysuckle (Lonicera japonica),Norway maple (Acer platanoides),Phragmites australis,Spotted knapweed (Centaurea stoebe)",I don't know,I don't know,I don't know,,I don't know,,,I don't know,,I don't know,I don't know,,,I don't know,,I don't know,I don't know,,,I don't know,,,More or less frequently for other reasons,More or less frequently for other reasons,More or less frequently for other reasons,,More or less frequently for other reasons,,,More or less frequently for other reasons,,More or less frequently for other reasons,More or less frequently for other reasons,,,More or less frequently for other reasons,,More or less frequently for other reasons,More or less frequently for other reasons,,,More or less frequently for other reasons,,,7,7,7,,7,,,7,,5,7,,,7,,7,5,,,7,,,Network of sites within one state/province,,Maine,,,Yes,"Woodward Point Preserve, Brunswick, ME, USA",Yes,"Foliar spray,Stem injection","Foliar spray,Stem injection",,,,,July,September,4,14,"Yes, vegetation emergence",,"Yes, senescence",,2,Yes,Solarization or other form of smothering plants,,April,October,15,19,"Yes, dormancy",,No,,1,Once during the growing season,,0,Locally eradicate the population,,Slightly effective,No,aggressive digging/mechanical and follow-up herbicide,No,,,,,,,,,,,,,,,,,,,,,,,,,,,,,,,,,,,,,,Yes,"Cousins River Fields & Marsh Preserve, Yarmouth, ME, USA",Yes,"Foliar spray,Cut and paint,Hack and squirt","Foliar spray,Cut and paint,Hack and squirt",,,,,June,October,1,1,"Yes, vegetation emergence",,"Yes, senescence",,3,Yes,"Hand pulling, digging, or other form of removal of both above and belowground biomass",,April,October,15,19,"Yes, vegetation emergence",,"Yes, senescence",,,Every 2-4 weeks,5,20,Locally eradicate the population,,Moderately effective,No,increase frequency of treatment,Yes,"Cousins River Fields & Marsh Preserve, Yarmouth, ME USA",Yes,"Foliar spray,Hack and squirt","Foliar spray,Hack and squirt",,,,,June,October,10,31,"Yes, vegetation emergence",,"Yes, senescence",,3,Yes,"Hand pulling, digging, or other form of removal of both above and belowground biomass",,April,November,30,15,No,,No,,5,Every 1-2 months,5,10,Decrease population size,,Moderately effective,Yes,,No,,,,,,,,,,,,,,,,,,,,,,,,,,,,,,,,,,,,,,Yes,"Woodward Point Preserve, Brunswick, ME USA",Yes,"Foliar spray,Hack and squirt","Foliar spray,Hack and squirt",,,,,May,September,15,20,"Yes, vegetation emergence",,"Yes, senescence",,3,Yes,"Mowing, cutting, or other form of removing aboveground biomass",,July,September,20,15,"Yes, vegetation emergence",,"Yes, senescence",,3,Every 1-2 months,0,0,Locally eradicate the population,,Moderately effective,Yes,
2/19/26 11:33,2/19/26 11:47,IP Address,100,854,True,2/19/26 11:47,R_5upMJmCgVD9qgCQ,anonymous,EN,I Agree,Invasive plant management ,2 to 5 years,Other,volunteer,Yes,1,5,6,4,7,2,3,8,,Yes - we monitor both invasive plant populations and native recovery post-treatment,"If yes, please provide your name and email",Bethany Ayers Fisher bethany.ayers-fisher@readingpa.gov,"Asiatic bittersweet (Celastrus orbiculatus),Bush Honeysuckle (Lonicera maackii, morrowii, tatarica or X bella),Multiflora rose (Rosa multiflora),Stiltgrass (Microstegium vimineum),Autumn-Olive (Elaeagnus umbellata),Barberry  (Berberis thunbergii),Buckthorn (Rhamnus cathartica),Japanese honeysuckle (Lonicera japonica),Mugwort (Artemisia vulgaris),Norway maple (Acer platanoides),Phragmites australis,Tree of heaven (AiIanthus altissima)",Starting earlier or ending later for other reasons,Starting earlier or ending later for other reasons,,,Starting earlier or ending later for other reasons,Starting earlier or ending later for other reasons,Starting earlier or ending later for other reasons,Starting earlier or ending later for other reasons,,,Starting earlier or ending later for other reasons,,,Starting earlier or ending later for other reasons,Starting earlier or ending later for other reasons,Starting earlier or ending later for other reasons,Starting earlier or ending later for other reasons,,,,Starting earlier or ending later for other reasons,,More or less frequently for other reasons,More or less frequently for other reasons,,,More or less frequently for other reasons,More or less frequently for other reasons,More or less frequently for other reasons,More or less frequently for other reasons,,,More or less frequently for other reasons,,,More or less frequently for other reasons,More or less frequently for other reasons,More or less frequently for other reasons,More or less frequently for other reasons,,,,More or less frequently for other reasons,,2,3,,,3,3,2,2,,,2,,,3,2,2,3,,,,3,,Network of sites within one state/province,,Pennsylvania,No,,No,,,,,,,,,,,,,,,,,,,,,,,,,,,,,,,,,,,,,,Yes,Mt Penn Preserve Reading PA USA,No,,,,,,,,,,,,,,,,Yes,"Hand pulling, digging, or other form of removal of both above and belowground biomass",,May,June,1,15,"Yes, other",staffing,"Yes, other",staffing,5,Every 1-2 weeks,,0,Decrease population size,,Moderately effective,Yes,,No,,,,,,,,,,,,,,,,,,,,,,,,,,,,,,,,,,,,,,Yes,"Mt Penn Preserve, Reading, PA USA",No,,,,,,,,,,,,,,,,Yes,"Mowing, cutting, or other form of removing aboveground biomass",,May,June,1,15,"Yes, other",staffing,"Yes, other",staffing,10,Every 1-2 weeks,,0,Decrease population size,,Moderately effective,Yes,,No,,,,,,,,,,,,,,,,,,,,,,,,,,,,,,,,,,,,,,Yes,"Mt. Penn Preserve, Reading, PA, USA",No,,,,,,,,,,,,,,,,Yes,"Hand pulling, digging, or other form of removal of both above and belowground biomass",,May,June,15,15,"Yes, other",staffing,"Yes, other",staffing,3,Every 2-4 weeks,0,0,Decrease population size,,Moderately effective,Yes,
2/19/26 12:32,2/19/26 12:57,IP Address,100,1480,True,2/19/26 12:57,R_1g744XrqigaNK4J,anonymous,EN,I Agree,Invasive plant management ,6 to 10 years,Industry/Private Sector,,Yes,7,1,5,2,3,4,6,8,,Yes - we monitor invasive plant populations post-treatment,No,,"Asiatic bittersweet (Celastrus orbiculatus),Bush Honeysuckle (Lonicera maackii, morrowii, tatarica or X bella),Invasive Knotweeds (Reynoutria spp.),Multiflora rose (Rosa multiflora),Autumn-Olive (Elaeagnus umbellata),Barberry  (Berberis thunbergii),Black swallowwort (Vincetoxicum nigrum),Buckthorn (Rhamnus cathartica),Himalayan balsam (Impatiens glandulifera),Norway maple (Acer platanoides),Phragmites australis",At the same time despite changing phenology,Treatment starting earlier due to changing phenology,Treatment starting earlier due to changing phenology,,At the same time despite changing phenology,,At the same time despite changing phenology,At the same time despite changing phenology,,I don't know,Treatment ending later due to changing phenology,,I don't know,,,At the same time despite changing phenology,I don't know,,,,,,I don’t know,I don’t know,I don’t know,,I don’t know,,I don’t know,I don’t know,,I don’t know,I don’t know,,I don’t know,,,I don’t know,I don’t know,,,,,,9,10,10,,9,,8,8,,6,9,,6,,,10,6,,,,,,Network of sites within one state/province,,Maine,No,,Yes,"Frye Mountain WMA, Montville, ME",Yes,Foliar spray,,,Foliar spray,,,,September,,30,"Yes, fruit or seed set",,"Yes, senescence",,1,Yes,"Mowing, cutting, or other form of removing aboveground biomass",,May,July,14,4,"Yes, vegetation emergence",,"Yes, other",Full height growth,1,Once during the growing season,,,Locally eradicate the population,,Moderately effective,Yes,,No,,,,,,,,,,,,,,,,,,,,,,,,,,,,,,,,,,,,,,Yes,"private lot, Farmington, ME",Yes,,"Foliar spray,Cut and paint",,,,,May,November,1,15,No,,No,,1,No,,,,,,,,,,,,,,,Slow population spread,,Very effective,Yes,,Yes,"Frye Mountain WMA, Montville, ME",Yes,"Foliar spray,Cut and paint",Cut and paint,,,Foliar spray,Metsulfuron-methyl (combo w/ glyph),May,October,15,30,"Yes, vegetation emergence",,"Yes, senescence",,1,Yes,"Hand pulling, digging, or other form of removal of both above and belowground biomass",,May,October,15,30,No,,No,,1,Once during the growing season,,,Decrease population size,,Very effective,Yes,,No,,,,,,,,,,,,,,,,,,,,,,,,,,,,,,,,,,,,,,Yes,"Head of Tide Preserve, Belfast, ME",Yes,Foliar spray,Foliar spray,,,Foliar spray,Metsulphuron-methyl (combo w/ glyphosate),June,September,1,30,"Yes, vegetation emergence",,"Yes, senescence",,2,No,,,,,,,,,,,,,,,Decrease population size,,Very effective,Yes,
2/19/26 13:31,2/19/26 13:40,IP Address,100,538,True,2/19/26 13:40,R_1iYNKPtBS1R7wpb,anonymous,EN,I Agree,Invasive plant management ,10+ years,Nongovernmental Organization,,Yes,1,2,5,7,4,3,6,8,,No,No,,"Asiatic bittersweet (Celastrus orbiculatus),Stiltgrass (Microstegium vimineum),Barberry  (Berberis thunbergii)",I don't know,,,,,I don't know,,I don't know,,,,,,,,,,,,,,,I don’t know,,,,,I don’t know,,I don’t know,,,,,,,,,,,,,,,8,,,,,2,,8,,,,,,,,,,,,,,,Network of sites within one state/province,,Massachusetts,No,,No,,,,,,,,,,,,,,,,,,,,,,,,,,,,,,,,,,,,,,Yes,"Plum Brook Pond, Amherst, MA",No,,,,,,,,,,,,,,,,Yes,"Mowing, cutting, or other form of removing aboveground biomass",,July,October,1,1,"Yes, vegetation emergence",,"Yes, fruit or seed set",,3,Every 1-2 months,50,4,Slow population spread,,Slightly effective,Yes,,Yes,"Bright Water Bog, Shutesbury, MA",No,,,,,,,,,,,,,,,,Yes,"Hand pulling, digging, or other form of removal of both above and belowground biomass",,August,August,1,1,No,,No,,1,Once during the growing season,75,30,Decrease population size,,Moderately effective,No,More frequent mechanical removal with volunteers instead of just once per year.,No,,,,,,,,,,,,,,,,,,,,,,,,,,,,,,,,,,,,,,No,,,,,,,,,,,,,,,,,,,,,,,,,,,,,,,,,,,,,,No,,,,,,,,,,,,,,,,,,,,,,,,,,,,,,,,,,,,,
2/19/26 13:16,2/19/26 13:42,IP Address,100,1562,True,2/19/26 13:42,R_5pi0PucgobcikIW,anonymous,EN,I Agree,Invasive plant management ,6 to 10 years,Nongovernmental Organization,,Yes,3,1,4,2,7,5,6,8,,Yes - we monitor invasive plant populations post-treatment,No,,"Asiatic bittersweet (Celastrus orbiculatus),Bush Honeysuckle (Lonicera maackii, morrowii, tatarica or X bella),Invasive Knotweeds (Reynoutria spp.),Multiflora rose (Rosa multiflora),Autumn-Olive (Elaeagnus umbellata),Barberry  (Berberis thunbergii),Black swallowwort (Vincetoxicum nigrum),Buckthorn (Rhamnus cathartica),Phragmites australis,Privet (Ligustrum sp.),Spotted knapweed (Centaurea stoebe),Tree of heaven (AiIanthus altissima),Wild parsnip (Pastinaca sativa)",I don't know,Starting earlier or ending later for other reasons,At the same time due to no change in phenology,,I don't know,,"Starting earlier or ending later for other reasons,At the same time due to no change in phenology",Starting earlier or ending later for other reasons,,I don't know,Starting earlier or ending later for other reasons,,,,,,At the same time due to no change in phenology,I don't know,,At the same time due to no change in phenology,At the same time due to no change in phenology,I don't know,More or less frequently for other reasons,More or less frequently for other reasons,More or less frequently for other reasons,,At the same frequency due to no change in phenology,,More or less frequently for other reasons,At the same frequency due to no change in phenology,,At the same frequency due to no change in phenology,More or less frequently for other reasons,,,,,,At the same frequency due to no change in phenology,More or less frequently for other reasons,,More or less frequently for other reasons,More or less frequently for other reasons,At the same frequency due to no change in phenology,4,4,9,,3,,4,9,,3,7,,,,,,16,1,,4,2,9,Network of sites within one state/province,,Michigan,No,,Yes,"Higgins Lake, MI, USA",Yes,Foliar spray,,,,,,September,September,23,23,"Yes, flowering",,"Yes, flowering",,1,No,,,,,,,,,,,,,,,Decrease population size,,Moderately effective,Yes,,No,,,,,,,,,,,,,,,,,,,,,,,,,,,,,,,,,,,,,,Yes,NE Lower Michigan,Yes,Foliar spray,"Foliar spray,Cut and paint",,,,,September,November,9,10,,,,,1,No,,,,,,,,,,,,,,,Decrease population size,,Moderately effective,Yes,,Yes,"West Branch, MI USA",Yes,,Cut and paint,,,,,June,October,16,9,No,,No,,1,No,,,,,,,,,,,,,,,Prevent population spread,,Very effective,Yes,,No,,,,,,,,,,,,,,,,,,,,,,,,,,,,,,,,,,,,,,Yes,"Rose City, MI USA",Yes,,Cut and paint,,,,,October,October,9,9,No,,No,,1,No,,,,,,,,,,,,,,,Decrease population size,,Very effective,Yes,
2/19/26 13:16,2/19/26 13:45,IP Address,100,1777,True,2/19/26 13:45,R_6mKyKLJpY6xRXXP,anonymous,EN,I Agree,Invasive plant management ,2 to 5 years,Nongovernmental Organization,,"No, but I managed other invasive plant species",3,6,7,2,1,5,4,8,,Yes - we monitor invasive plant populations post-treatment,No,,,,,,,,,,,,,,,,,,,,,,,,,,,,,,,,,,,,,,,,,,,,,,,,,,,,,,,,,,,,,,,,,,,,, Other (please specify),multiple sites on one waterbody,Maine,No,,,,,,,,,,,,,,,,,,,,,,,,,,,,,,,,,,,,,,,,,,,,,,,,,,,,,,,,,,,,,,,,,,,,,,,,,,,,,,,,,,,,,,,,,,,,,,,,,,,,,,,,,,,,,,,,,,,,,,,,,,,,,,,,,,,,,,,,,,,,,,,,,,,,,,,,,,,,,,,,,,,,,,,,,,,,,,,,,,,,,,,,,,,,,,,,,,,,,,,,,,,,,,,,,,,,,,,,,,,,,,,,,,,,,
2/19/26 13:44,2/19/26 13:56,IP Address,100,716,True,2/19/26 13:56,R_7MX2SC8EZ3jK5k5,anonymous,EN,I Agree,Invasive plant management ,2 to 5 years,State Government,,Yes,4,1,6,5,7,3,2,8,,Yes - we monitor invasive plant populations post-treatment,No,,"Asiatic bittersweet (Celastrus orbiculatus),Bush Honeysuckle (Lonicera maackii, morrowii, tatarica or X bella),Invasive Knotweeds (Reynoutria spp.),Multiflora rose (Rosa multiflora),Stiltgrass (Microstegium vimineum),Autumn-Olive (Elaeagnus umbellata),Barberry  (Berberis thunbergii),Buckthorn (Rhamnus cathartica),Japanese honeysuckle (Lonicera japonica),Norway maple (Acer platanoides),Phragmites australis,Tree of heaven (AiIanthus altissima)",,,,,,,,,,,,,,,,,,,,,,,At the same frequency due to no change in phenology,At the same frequency due to no change in phenology,At the same frequency due to no change in phenology,,At the same frequency due to no change in phenology,At the same frequency due to no change in phenology,,At the same frequency due to no change in phenology,,,At the same frequency due to no change in phenology,,,At the same frequency due to no change in phenology,,,At the same frequency due to no change in phenology,,,,At the same frequency due to no change in phenology,,,,,,,,,,,,,,,,,,,,,,,,Network of sites within one state/province,,Vermont,"If yes, please provide your name and email",Noah Hoffman Noah.hoffman@vermont.gov,Yes,White River Riparian Areas in central Vermont,Yes,,,,,,Unknown,,,,,,,,,,Yes,"Mowing, cutting, or other form of removing aboveground biomass",,,,,,,,,,,,,,Slow population spread,,,,,Yes,"Pond Woods Wildlife Management Area, Benson Vermont",No,,,,,,,,,,,,,,,,,Other,Flame weeding,July,August,15,1,"Yes, flowering",,"Yes, flowering",,1,Once during the growing season,,0,Locally eradicate the population,,Very effective,Yes,,,,,,,,,,,,,,,,,,,,,,,,,,,,,,,,,,,,,,,,,,,,,,,,,,,,,,,,,,,,,,,,,,,,,,,,,,,,,,No,,,,,,,,,,,,,,,,,,,,,,,,,,,,,,,,,,,,,,"Yes, but I’m out of time - take me to the last section",,,,,,,,,,,,,,,,,,,,,,,,,,,,,,,,,,,,,
2/19/26 14:22,2/19/26 14:43,IP Address,100,1264,True,2/19/26 14:43,R_6JCxiOL4bNouMvv,anonymous,EN,I Agree,Invasive plant management ,2 to 5 years,Nongovernmental Organization,,Yes,7,3,6,1,5,2,8,4,Scheduling around other projects,Yes - we monitor invasive plant populations post-treatment,"If yes, please provide your name and email","Catherine Eaton, eatonc@buffalostate.edu","Asiatic bittersweet (Celastrus orbiculatus),Bush Honeysuckle (Lonicera maackii, morrowii, tatarica or X bella),Invasive Knotweeds (Reynoutria spp.),Multiflora rose (Rosa multiflora),Stiltgrass (Microstegium vimineum),Autumn-Olive (Elaeagnus umbellata),Barberry  (Berberis thunbergii),Buckthorn (Rhamnus cathartica),Japanese honeysuckle (Lonicera japonica),Mugwort (Artemisia vulgaris),Phragmites australis,Privet (Ligustrum sp.),Scotch broom (Cytisus scoparius),Spotted knapweed (Centaurea stoebe),Tree of heaven (AiIanthus altissima)",I don't know,I don't know,I don't know,,I don't know,Treatment starting earlier due to changing phenology,I don't know,I don't know,,,I don't know,,,I don't know,Treatment starting earlier due to changing phenology,,I don't know,I don't know,I don't know,I don't know,I don't know,,I don’t know,I don’t know,I don’t know,,I don’t know,I don’t know,I don’t know,I don’t know,,,I don’t know,,,I don’t know,I don’t know,,I don’t know,I don’t know,I don’t know,I don’t know,I don’t know,,,,,,,,,,,,,,,,,,,,,,,,Network of sites within one state/province,,New York,No,,Yes,"Niagara Fall, NY USA",Yes,"Foliar spray,Stem injection",,,,,,July,July,15,15,No,,No,,1,No,,,,,,,,,,,,,,,Locally eradicate the population,,Extremely effective,Yes,,No,,,,,,,,,,,,,,,,,,,,,,,,,,,,,,,,,,,,,,No,,,,,,,,,,,,,,,,,,,,,,,,,,,,,,,,,,,,,,Yes,"Glenwood, NY USA",Yes,,"Foliar spray,Cut and paint",,,,,May,May,15,15,No,,No,,1,No,,,,,,,,,,,,,,,Locally eradicate the population,,Very effective,Yes,,No,,,,,,,,,,,,,,,,,,,,,,,,,,,,,,,,,,,,,,Yes,"South Dayton, NY USA",Yes,,Cut and paint,,,,,September,September,15,15,No,,No,,1,Yes,"Mowing, cutting, or other form of removing aboveground biomass",,September,September,15,15,No,,No,,1,,,,Prevent population spread,,Extremely effective,Yes,
2/19/26 14:51,2/19/26 15:01,IP Address,100,599,True,2/19/26 15:01,R_1rOVdJJFOEUqHhn,anonymous,EN,I Agree,Invasive plant management ,10+ years,Industry/Private Sector,,Yes,6,1,3,4,2,5,7,8,,Yes - we monitor invasive plant populations post-treatment,"If yes, please provide your name and email",todd@thld.nyc,"Bush Honeysuckle (Lonicera maackii, morrowii, tatarica or X bella),Invasive Knotweeds (Reynoutria spp.),Barberry  (Berberis thunbergii)",,,,,,,,,,,,,,,,,,,,,,,,,,,,,,,,,,,,,,,,,,,,,,2,3,,,,,2,,,,,,,,,,,,,,,Single site,,New York,"If yes, please provide your name and email",todd@thld.nyc,Yes,"Sullivan county/Livingston Manor, NY",Yes,Foliar spray,,,,,,,,,,"Yes, other","We sprayed mid summer, prior to flowering and pre senescence","Yes, other","We sprayed mid summer, prior to flowering and pre senescence",2,No,,,,,,,,,,,,,,,Other,Attempt to manage. I don't believe you can eradicate in one season.,Very effective,No,"We would prefer not to spray, but previous attempts at manual removal and solarization proved non effective",No,,,,,,,,,,,,,,,,,,,,,,,,,,,,,,,,,,,,,,No,,,,,,,,,,,,,,,,,,,,,,,,,,,,,,,,,,,,,,No,,,,,,,,,,,,,,,,,,,,,,,,,,,,,,,,,,,,,,No,,,,,,,,,,,,,,,,,,,,,,,,,,,,,,,,,,,,,,No,,,,,,,,,,,,,,,,,,,,,,,,,,,,,,,,,,,,,
2/19/26 15:52,2/19/26 16:16,IP Address,100,1437,True,2/19/26 16:16,R_3rk1Kc6ds2b1R97,anonymous,EN,I Agree,Invasive plant management ,2 to 5 years,State Government,,Yes,2,3,5,4,7,1,6,8,,Yes - we monitor invasive plant populations post-treatment,No,,"Asiatic bittersweet (Celastrus orbiculatus),Multiflora rose (Rosa multiflora),Stiltgrass (Microstegium vimineum),Autumn-Olive (Elaeagnus umbellata),Barberry  (Berberis thunbergii),Black swallowwort (Vincetoxicum nigrum),Mugwort (Artemisia vulgaris),Phragmites australis,Spotted knapweed (Centaurea stoebe),Tree of heaven (AiIanthus altissima),Wild parsnip (Pastinaca sativa)",At the same time due to no change in phenology,,,,At the same time due to no change in phenology,At the same time due to no change in phenology,At the same time due to no change in phenology,At the same time due to no change in phenology,,Treatment ending later due to changing phenology,,,,,At the same time due to no change in phenology,,At the same time due to no change in phenology,,,At the same time due to no change in phenology,At the same time due to no change in phenology,At the same time due to no change in phenology,At the same frequency due to no change in phenology,,,,At the same frequency due to no change in phenology,I don’t know,At the same frequency due to no change in phenology,At the same frequency due to no change in phenology,,Less frequently due to changing phenology,,,,,More or less frequently for other reasons,,At the same frequency due to no change in phenology,,,At the same frequency due to no change in phenology,At the same frequency due to no change in phenology,At the same frequency due to no change in phenology,4,,,,3,6,1,3,,13,,,,,5,,13,,,3,1,1,Network of sites within one state/province,,New York,No,,No,,,,,,,,,,,,,,,,,,,,,,,,,,,,,,,,,,,,,,Yes,"Hudson Highlands State Park Preserve, Cold Spring, NY USA",No,,,,,,,,,,,,,,,,Yes,"Hand pulling, digging, or other form of removal of both above and belowground biomass",,July,September,24,24,"Yes, flowering",,"Yes, fruit or seed set",,2,Every 1-2 months,,0,Prevent population spread,,Moderately effective,No,"The goal would be to completely treat the site multiple times as opposed to doing as much as we could in two days. And to attempt to contain/reduce the population better. Also, treatments may start earlier in the growing season. ",Yes,"Clermont State Historic Site, Germantown, NY USA",No,,,,,,,,,,,,,,,,Yes,"Mowing, cutting, or other form of removing aboveground biomass",,October,October,24,24,"Yes, dormancy",,"Yes, dormancy",,1,Once during the growing season,,0,Decrease population size,,Moderately effective,No,Would treat more frequently throughout the growing season and consider doing chemical treatment in appropriate areas. ,No,,,,,,,,,,,,,,,,,,,,,,,,,,,,,,,,,,,,,,No,,,,,,,,,,,,,,,,,,,,,,,,,,,,,,,,,,,,,,Yes,Taconic Outdoor Education Center,No,,,,,,,,,,,,,,,,Yes,"Hand pulling, digging, or other form of removal of both above and belowground biomass",,September,November,8,26,No,,No,,1,Once during the growing season,0,0,Prevent population spread,,Very effective,Yes,
2/19/26 14:46,2/19/26 16:57,IP Address,100,7884,True,2/19/26 16:57,R_3mKv72r4xrcaBzP,anonymous,EN,I Agree,Invasive plant management ,10+ years,State Government,,Yes,8,4,2,3,6,7,5,1,Construction needs,Yes - we monitor both invasive plant populations and native recovery post-treatment,No,,"Asiatic bittersweet (Celastrus orbiculatus),Bush Honeysuckle (Lonicera maackii, morrowii, tatarica or X bella),Invasive Knotweeds (Reynoutria spp.),Multiflora rose (Rosa multiflora),Stiltgrass (Microstegium vimineum),Autumn-Olive (Elaeagnus umbellata),Barberry  (Berberis thunbergii),Black swallowwort (Vincetoxicum nigrum),Buckthorn (Rhamnus cathartica),Chinese silver grass (Miscanthus sinensis),Mugwort (Artemisia vulgaris),Norway maple (Acer platanoides),Phragmites australis,Privet (Ligustrum sp.),Spotted knapweed (Centaurea stoebe),Tree of heaven (AiIanthus altissima),Wild parsnip (Pastinaca sativa)",,,,,,,,,,,,,,,,,,,,,,,,,,,,,,,,,,,,,,,,,,,,,,,,,,,,,,,,,,,,,,,,,,,,,,No,,"Yes, but I’m out of time - take me to the last section",,,,,,,,,,,,,,,,,,,,,,,,,,,,,,,,,,,,,,Yes,"I-86/Rt 17 roadside in Apalachin, NY",No,,,,,,,,,,,,,,,,Yes,"Hand pulling, digging, or other form of removal of both above and belowground biomass",,September,September,15,15,"Yes, other",Prior to seed formation and drop.,"Yes, other",Prior to seed formation and drop.,1,Once during the growing season,,,Other,Prevent spread to areas adjacent to infested stream.,Moderately effective,Yes,,,,,,,,,,,,,,,,,,,,,,,,,,,,,,,,,,,,,,,,,,,,,,,,,,,,,,,,,,,,,,,,,,,,,,,,,,,,,,,,,,,,,,,,,,,,,,,,,,,,,,,,,,,,,,,,,,,,Yes,"Rt 17 over Ithaca RR in Waverly, NY.",Yes,,,,,Cut and paint,Contractor's choice.,June,August,1,1,No,,No,,1,Yes,"Hand pulling, digging, or other form of removal of both above and belowground biomass",,March,April,15,15,No,,No,,1,Once during the growing season,0,,Decrease population size,,Moderately effective,Yes,
2/19/26 16:44,2/19/26 17:13,IP Address,100,1747,True,2/19/26 17:13,R_3DHks2vVgdNJOBn,anonymous,EN,I Agree,Invasive plant management ,2 to 5 years,Nongovernmental Organization,,Yes,6,2,5,3,4,1,7,8,,Yes - we monitor invasive plant populations post-treatment,"If yes, please provide your name and email",lkreykes@habitatmatters.org,"Asiatic bittersweet (Celastrus orbiculatus),Bush Honeysuckle (Lonicera maackii, morrowii, tatarica or X bella),Invasive Knotweeds (Reynoutria spp.),Kudzu (Pueraria montana),Autumn-Olive (Elaeagnus umbellata),Barberry  (Berberis thunbergii),Black swallowwort (Vincetoxicum nigrum),Buckthorn (Rhamnus cathartica),Phragmites australis,Spotted knapweed (Centaurea stoebe),Tree of heaven (AiIanthus altissima)",At the same time due to no change in phenology,At the same time due to no change in phenology,At the same time due to no change in phenology,At the same time due to no change in phenology,,,At the same time due to no change in phenology,At the same time due to no change in phenology,,At the same time due to no change in phenology,At the same time due to no change in phenology,,,,,,At the same time despite changing phenology,,,At the same time due to no change in phenology,At the same time despite changing phenology,,At the same frequency due to no change in phenology,At the same frequency due to no change in phenology,At the same frequency due to no change in phenology,At the same frequency due to no change in phenology,,,At the same frequency due to no change in phenology,At the same frequency due to no change in phenology,,More frequently due to changing phenology,At the same frequency due to no change in phenology,,,,,,At the same frequency due to no change in phenology,,,At the same frequency due to no change in phenology,At the same frequency due to no change in phenology,,10,10,10,3,,,10,10,,5,10,,,,,,10,,,5,10,,Network of sites within one state/province,,Michigan,"If yes, please provide your name and email",Luke Kreykes lkreykes@habitatmatters.org,Yes,"Palmer Woods, Maple City, MI USA",Yes,Foliar spray,,,,Foliar spray,"Aminopyralid, Imazamox",June,August,1,30,"Yes, other",Pre-flowering but fully grown,"Yes, flowering",,2,No,,,,,,,,,,,,,,,Locally eradicate the population,,Very effective,Yes,,No,,,,,,,,,,,,,,,,,,,,,,,,,,,,,,,,,,,,,,Yes,"Private Property, Maple City, MI USA",Yes,,"Foliar spray,Cut and paint",,,,,July,July,1,30,"Yes, other",Pre-seed production,"Yes, fruit or seed set",,1,No,,,,,,,,,,,,,,,Locally eradicate the population,,Extremely effective,Yes,,Yes,"Killingsworth Park, Traverse City, MI USA",Yes,,Cut and paint,,,,,August,September,1,30,No,,No,,1,No,,,,,,,,,,,,,,,Locally eradicate the population,,Extremely effective,Yes,,No,,,,,,,,,,,,,,,,,,,,,,,,,,,,,,,,,,,,,,No,,,,,,,,,,,,,,,,,,,,,,,,,,,,,,,,,,,,,
2/19/26 16:46,2/19/26 17:37,IP Address,100,3022,True,2/19/26 17:37,R_5FqDfQSEijhcVoz,anonymous,EN,I Agree,Invasive plant management ,10+ years,Industry/Private Sector,,Yes,4,1,6,2,3,7,5,8,,Yes - we monitor both invasive plant populations and native recovery post-treatment,No,,"Asiatic bittersweet (Celastrus orbiculatus),Bush Honeysuckle (Lonicera maackii, morrowii, tatarica or X bella),Invasive Knotweeds (Reynoutria spp.),Multiflora rose (Rosa multiflora),Autumn-Olive (Elaeagnus umbellata),Barberry  (Berberis thunbergii),Black swallowwort (Vincetoxicum nigrum),Buckthorn (Rhamnus cathartica),Japanese honeysuckle (Lonicera japonica),Norway maple (Acer platanoides),Phragmites australis,Spotted knapweed (Centaurea stoebe),Wild parsnip (Pastinaca sativa)",At the same time despite changing phenology,Treatment starting earlier due to changing phenology,Treatment ending later due to changing phenology,,Treatment ending later due to changing phenology,,At the same time despite changing phenology,At the same time despite changing phenology,,Treatment starting earlier due to changing phenology,Treatment starting earlier due to changing phenology,,,Treatment starting earlier due to changing phenology,,At the same time despite changing phenology,Treatment ending later due to changing phenology,,,Treatment starting earlier due to changing phenology,,Treatment starting earlier due to changing phenology,More or less frequently for other reasons,At the same frequency due to no change in phenology,More frequently due to changing phenology,,More frequently due to changing phenology,,More frequently due to changing phenology,At the same frequency due to no change in phenology,,More frequently due to changing phenology,More frequently due to changing phenology,,,More frequently due to changing phenology,,At the same frequency due to no change in phenology,More frequently due to changing phenology,,,More frequently due to changing phenology,,More frequently due to changing phenology,10,15,15,,10,,12,15,,10,15,,,15,,10,10,,,5,,15,Multi-state network of sites,,Vermont,No,,Yes,"Vermont Land Trust, Waitsfield, VT USA",Yes,Foliar spray,,,,,,September,September,1,1,"Yes, fruit or seed set",,"Yes, fruit or seed set",,1,No,,,,,,,,,,,,,,,Decrease population size,,Very effective,Yes,,No,,,,,,,,,,,,,,,,,,,,,,,,,,,,,,,,,,,,,,Yes,"Nichols, Thetford, VT USA",Yes,"Foliar spray,Cut and paint",,,,Foliar spray,Escort XP,August,August,15,20,"Yes, vegetation emergence",,"Yes, vegetation emergence",,1,No,,,,,,,,,,,,,,,Decrease population size,,Very effective,Yes,,Yes,"Bermingham, Cabot, VT USA",Yes,Foliar spray,,,,,,June,July,15,15,"Yes, vegetation emergence",,"Yes, vegetation emergence",,1,No,,,,,,,,,,,,,,,Decrease population size,,Very effective,Yes,,No,,,,,,,,,,,,,,,,,,,,,,,,,,,,,,,,,,,,,,Yes,"Nichols, Thetford, VT USA",Yes,Foliar spray,,,,Foliar spray,Escort XP,August,August,1,5,"Yes, vegetation emergence",,"Yes, vegetation emergence",,1,No,,,,,,,,,,,,,,,Decrease population size,,Very effective,Yes,
2/20/26 7:28,2/20/26 7:47,IP Address,100,1138,True,2/20/26 7:47,R_13xaGsGqqLXdwtw,anonymous,EN,I Agree,Invasive plant management ,10+ years,Nongovernmental Organization,,Yes,2,3,5,6,7,1,4,8,,Yes - we monitor invasive plant populations post-treatment,No,,"Asiatic bittersweet (Celastrus orbiculatus),Bush Honeysuckle (Lonicera maackii, morrowii, tatarica or X bella),Invasive Knotweeds (Reynoutria spp.),Multiflora rose (Rosa multiflora),Autumn-Olive (Elaeagnus umbellata),Barberry  (Berberis thunbergii),Black swallowwort (Vincetoxicum nigrum),Phragmites australis",At the same time due to no change in phenology,At the same time due to no change in phenology,Treatment ending later due to changing phenology,,At the same time due to no change in phenology,,At the same time due to no change in phenology,At the same time due to no change in phenology,,At the same time due to no change in phenology,,,,,,,At the same time due to no change in phenology,,,,,,At the same frequency due to no change in phenology,At the same frequency due to no change in phenology,At the same frequency due to no change in phenology,,At the same frequency due to no change in phenology,,At the same frequency due to no change in phenology,At the same frequency due to no change in phenology,,At the same frequency due to no change in phenology,,,,,,,At the same frequency due to no change in phenology,,,,,,6,11,14,,10,,10,10,,7,,,,,,,14,,,,,,Network of sites within one state/province,,Michigan,"If yes, please provide your name and email",amenninga@habitatmatters.org,Yes,"Four-county area of Manistee, Benzie, Leelanau, and Grand Traverse Counties in Michigan, USA",Yes,"Foliar spray,Stem injection",,,,Foliar spray,"aminopyralid, and separately mix of glyphosate and imazamox ",June,October,15,1,"Yes, other","We treat multiple times a year, and so aminopyralid starts with emergence, the glyphosate/imazamox mix with 60ish days before first frost, and the glyphosate foliar with flowering ","Yes, other",First frost,20,No,,,,,,,,,,,,,,,Prevent population spread,,Slightly effective,Yes,,No,,,,,,,,,,,,,,,,,,,,,,,,,,,,,,,,,,,,,,Yes,"Private property, Northport, MI USA",Yes,,"Foliar spray,Cut and paint",,,,,July,July,15,30,No,,No,,6,No,,,,,,,,,,,,,,,Locally eradicate the population,,Very effective,Yes,,Yes,"Palmer Woods Forest Reserve, Glen Arbor, Michigan USA",Yes,,Cut and paint,,,,,July,August,15,1,No,,No,,2,No,,,,,,,,,,,,,,,Other,"Clearing area for new trail, and clearing invasives within 15 feet of the trail",Moderately effective,Yes,,No,,,,,,,,,,,,,,,,,,,,,,,,,,,,,,,,,,,,,,Yes,"Natural Education Reserve, Traverse City, MI USA",Yes,,Cut and paint,,,,,February,February,15,15,No,,No,,1,No,,,,,,,,,,,,,,,Locally eradicate the population,,Very effective,Yes,
2/20/26 8:01,2/20/26 8:24,IP Address,100,1423,True,2/20/26 8:24,R_5EgSX1WrmV8JNfE,anonymous,EN,I Agree,Invasive plant management ,2 to 5 years,State Government,,Yes,5,3,2,1,6,4,7,8,,No,"If yes, please provide your name and email","Sean Rigney, sprigney.97@gmail.com","Asiatic bittersweet (Celastrus orbiculatus),Bush Honeysuckle (Lonicera maackii, morrowii, tatarica or X bella),Invasive Knotweeds (Reynoutria spp.),Multiflora rose (Rosa multiflora),Autumn-Olive (Elaeagnus umbellata),Barberry  (Berberis thunbergii),Black swallowwort (Vincetoxicum nigrum),Japanese honeysuckle (Lonicera japonica),Mugwort (Artemisia vulgaris),Phragmites australis,Privet (Ligustrum sp.),Scotch broom (Cytisus scoparius),Spotted knapweed (Centaurea stoebe)",Other,Treatment starting earlier due to changing phenology,Other,,Treatment starting earlier due to changing phenology,,Other,Other,,Other,,,,Other,Other,,Other,Other,Other,Other,,,Other,Other,Other,,Other,,Other,Other,,Other,,,,Other,Other,,Other,Other,Other,Other,,,3,5,3,,5,,3,0,,2,,,,5,2,,3,1,0,3,,, Other (please specify),"Single 16,000 acre site",Massachusetts,"If yes, please provide your name and email","Sean Rigney, sprigney.97@gmail.com",Yes,"Joint Base Cape Cod, Bourne MA, USA",Yes,Foliar spray,Foliar spray,,,,,August,August,27,27,"Yes, flowering",,"Yes, flowering",,1,No,,,,,,,,,,,,,,,Locally eradicate the population,,Very effective,Yes,,No,,,,,,,,,,,,,,,,,,,,,,,,,,,,,,,,,,,,,,Yes,"Joint Base Cape Cod, Bourne MA, USA",Yes,Cut and paint,Foliar spray,,,,,May,August,27,5,No,,No,,1,Yes,"Mowing, cutting, or other form of removing aboveground biomass",,September,September,1,15,No,,No,,1,Once during the growing season,,0,Locally eradicate the population,,Moderately effective,Yes,,Yes,"Joint Base Cape Cod, Bourne MA, USA",Yes,Cut and paint,Foliar spray,,,,,March,July,25,3,"Yes, vegetation emergence",,No,,1,Yes,"Mowing, cutting, or other form of removing aboveground biomass",,September,November,1,30,No,,No,,1,Once during the growing season,,0,Locally eradicate the population,,Moderately effective,Yes,,No,,,,,,,,,,,,,,,,,,,,,,,,,,,,,,,,,,,,,,Yes,"Joint Base Cape Cod, Bourne MA, USA",Yes,Cut and paint,Foliar spray,,,,,March,August,25,5,"Yes, vegetation emergence",,No,,1,Yes,"Mowing, cutting, or other form of removing aboveground biomass",,September,November,1,30,No,,No,,1,Once during the growing season,0,0,Locally eradicate the population,,Moderately effective,Yes,
2/20/26 8:40,2/20/26 8:52,IP Address,100,741,True,2/20/26 8:52,R_5V0AX8smWwEqt7X,anonymous,EN,I Agree,Invasive plant management ,6 to 10 years,Tribal/First Nation,,"No, but I managed other invasive plant species",3,1,7,2,5,6,4,8,,Yes - we monitor invasive plant populations post-treatment,No,,"Bush Honeysuckle (Lonicera maackii, morrowii, tatarica or X bella),Buckthorn (Rhamnus cathartica),Phragmites australis,Spotted knapweed (Centaurea stoebe),Wild parsnip (Pastinaca sativa)",,At the same time due to no change in phenology,,,,,,,,,At the same time due to no change in phenology,,,,,,Treatment starting earlier due to changing phenology,,,At the same time despite changing phenology,,Treatment starting earlier due to changing phenology,,At the same frequency due to no change in phenology,,,,,,,,,At the same frequency due to no change in phenology,,,,,,At the same frequency despite a change in phenology,,,At the same frequency despite a change in phenology,,At the same frequency despite a change in phenology,,4,,,,,,,,,3,,,,,,5,,,4,,5,Network of sites within one state/province,,Quebec,No,,,,,,,,,,,,,,,,,,,,,,,,,,,,,,,,,,,,,,,,,,,,,,,,,,,,,,,,,,,,,,,,,,,,,,,,,,,,,,,,,,,,,,,,,,,,,,,,,,,,,,,,,,,,,,,,,,,,,,,,,,,,,,,,,,,,,,,,,,,,,,,,,,,,,,,,,,,,,,,,,,,,,,,,,,,,,,,,,,,,,,,,,,,,,,,,,,,,,,,,,,,,,,,,,,,,,,,,,,,,,,,,,,,,,
2/20/26 9:57,2/20/26 10:35,IP Address,100,2264,True,2/20/26 10:35,R_5q56JqF0jN1J5xT,anonymous,EN,I Agree,Invasive plant management ,10+ years,Industry/Private Sector,,Yes,7,1,2,3,4,5,6,8,,Yes - we monitor both invasive plant populations and native recovery post-treatment,No,,"Asiatic bittersweet (Celastrus orbiculatus),Bush Honeysuckle (Lonicera maackii, morrowii, tatarica or X bella),Invasive Knotweeds (Reynoutria spp.),Multiflora rose (Rosa multiflora),Autumn-Olive (Elaeagnus umbellata),Barberry  (Berberis thunbergii),Black swallowwort (Vincetoxicum nigrum),Buckthorn (Rhamnus cathartica),Japanese honeysuckle (Lonicera japonica),Norway maple (Acer platanoides),Phragmites australis,Tree of heaven (AiIanthus altissima)","Treatment starting earlier due to changing phenology,Treatment ending later due to changing phenology","Treatment starting earlier due to changing phenology,Treatment ending later due to changing phenology","Treatment starting earlier due to changing phenology,Treatment ending later due to changing phenology",,"Treatment starting earlier due to changing phenology,Treatment ending later due to changing phenology",,"Treatment starting earlier due to changing phenology,Treatment ending later due to changing phenology","Treatment starting earlier due to changing phenology,Treatment ending later due to changing phenology",,"Treatment starting earlier due to changing phenology,Treatment ending later due to changing phenology","Treatment starting earlier due to changing phenology,Treatment ending later due to changing phenology",,,"Treatment starting earlier due to changing phenology,Treatment ending later due to changing phenology",,"Treatment starting earlier due to changing phenology,Treatment ending later due to changing phenology","Treatment starting earlier due to changing phenology,Treatment ending later due to changing phenology",,,,"Treatment starting earlier due to changing phenology,Treatment ending later due to changing phenology",,At the same frequency due to no change in phenology,At the same frequency due to no change in phenology,At the same frequency due to no change in phenology,,At the same frequency due to no change in phenology,,At the same frequency due to no change in phenology,At the same frequency due to no change in phenology,,At the same frequency due to no change in phenology,At the same frequency due to no change in phenology,,,At the same frequency due to no change in phenology,,At the same frequency due to no change in phenology,At the same frequency due to no change in phenology,,,,At the same frequency due to no change in phenology,,20,24,17,,20,,20,24,,18,24,,,24,,20,10,,,,20,,Multi-state network of sites,,New Hampshire,No,,Yes,"Eastview Farm, Plainfield, Sullivan County, NH",Yes,Foliar spray,Foliar spray,,,Foliar spray,metsulfuron methyl,September,September,13,15,"Yes, other",After flowering,No,,1,No,,,,,,,,,,,,,,,Locally eradicate the population,,Moderately effective,Yes,,No,,,,,,,,,,,,,,,,,,,,,,,,,,,,,,,,,,,,,,Yes,"Bagley Property, Lebanon, Grafton County, NH",Yes,Foliar spray,Foliar spray,,,Foliar spray,metsulfuron methyl,September,October,29,10,"Yes, other",After flowering,No,,1,No,,,,,,,,,,,,,,,Other,Both to locally eradicate & slow the spread of the population.,Very effective,Yes,,Yes,"Mink Brook Natural Area, Hanvoer, Grafton County, NH",Yes,"Foliar spray,Cut and paint",Foliar spray,,,Foliar spray,metsulfuron methyl,October,October,8,10,"Yes, other","After flowering & late in the season to protect R, T  &E plants.",No,,1,No,,,,,,,,,,,,,,,Other,Protect & maintain a significant natural community.,Very effective,Yes,,Yes,No Kudzu expereince.,No,,,,,,,,,,,,,,,,No,,,,,,,,,,,,,,,Other,N/A - not kudzo experience or treatment,,,N/A,Yes,"Bagley Property, Lebanon, Grafton County, NH",Yes,Foliar spray,Foliar spray,,,Foliar spray,metsulfuron methyl,September,October,29,10,"Yes, other",After flowering,No,,1,No,,,,,,,,,,,,,,,Other,Both to locally eradicate & prevent the spread of the population.,Very effective,Yes,
2/20/26 13:10,2/20/26 13:20,IP Address,100,594,True,2/20/26 13:20,R_1o1IP2Qx1ssmPyC,anonymous,EN,I Agree,Invasive plant management ,2 to 5 years,City/Municipal Government,,Yes,2,6,3,5,7,4,1,8,,Yes - we monitor invasive plant populations post-treatment,No,,Invasive Knotweeds (Reynoutria spp.),,,Other,,,,,,,,,,,,,,,,,,,,,,More or less frequently for other reasons,,,,,,,,,,,,,,,,,,,,,,10,,,,,,,,,,,,,,,,,,,,Network of sites within one state/province,,Nova Scotia,No,,Yes,"Shubie Park, Dartmouth, Nova Scotia, Canada",No,,,,,,,,,,,,,,,,Yes,"Hand pulling, digging, or other form of removal of both above and belowground biomass",,June,November,15,30,No,,"Yes, senescence",,25,Weekly or more frequently,0,0,Decrease population size,,Moderately effective,No,"Chemical treatment would be used, and a more extensive area would be managed.",No,,,,,,,,,,,,,,,,,,,,,,,,,,,,,,,,,,,,,,No,,,,,,,,,,,,,,,,,,,,,,,,,,,,,,,,,,,,,,No,,,,,,,,,,,,,,,,,,,,,,,,,,,,,,,,,,,,,,No,,,,,,,,,,,,,,,,,,,,,,,,,,,,,,,,,,,,,,Yes,"Penhorn Beach, Dartmouth NS Canada",No,,,,,,,,,,,,,,,,Yes,"Hand pulling, digging, or other form of removal of both above and belowground biomass",,May,November,14,30,No,,No,,3,Once during the growing season,10,12,Decrease population size,,Moderately effective,Yes,
2/20/26 17:43,2/20/26 18:08,IP Address,100,1540,True,2/20/26 18:08,R_72Pfw8uP98OJPoM,anonymous,EN,I Agree,Invasive plant management ,10+ years,Industry/Private Sector,,Yes,1,2,3,6,5,4,7,8,,Yes - we monitor both invasive plant populations and native recovery post-treatment,No,,"Asiatic bittersweet (Celastrus orbiculatus),Bush Honeysuckle (Lonicera maackii, morrowii, tatarica or X bella),Multiflora rose (Rosa multiflora),Stiltgrass (Microstegium vimineum),Barberry  (Berberis thunbergii),Tree of heaven (AiIanthus altissima)",At the same time due to no change in phenology,At the same time due to no change in phenology,,,At the same time due to no change in phenology,At the same time due to no change in phenology,,At the same time due to no change in phenology,,,,,,,,,,,,,At the same time due to no change in phenology,,At the same frequency due to no change in phenology,At the same frequency due to no change in phenology,,,At the same frequency due to no change in phenology,At the same frequency due to no change in phenology,,At the same frequency due to no change in phenology,,,,,,,,,,,,,,,15,10,,,10,15,,10,,,,,,,,,,,,,3,,Single site,,Maryland,No,,No,,,,,,,,,,,,,,,,,,,,,,,,,,,,,,,,,,,,,,Yes,"Germantown, Maryland",Yes,,,,,Other,Fluazifop-P-butyl,August,August,1,1,"Yes, other",Had time,"Yes, other",Had time,1,Yes,"Mowing, cutting, or other form of removing aboveground biomass",,August,August,1,1,No,,No,,1,Once during the growing season,0,0,Decrease population size,,Extremely effective,Yes,,No,,,,,,,,,,,,,,,,,,,,,,,,,,,,,,,,,,,,,,Yes,"Germantown, Maryland",No,,,,,,,,,,,,,,,,Yes,"Hand pulling, digging, or other form of removal of both above and belowground biomass",,August,August,1,30,No,,No,,1,Once during the growing season,,0,Locally eradicate the population,,Extremely effective,Yes,,No,,,,,,,,,,,,,,,,,,,,,,,,,,,,,,,,,,,,,,Yes,"Germantown, Maryland",No,,,,,,,,,,,,,,,,Yes,"Hand pulling, digging, or other form of removal of both above and belowground biomass",,May,December,1,31,No,,"Yes, senescence",,4,Every 1-2 months,0,0,Decrease population size,,Extremely effective,Yes,
2/20/26 20:35,2/20/26 20:52,IP Address,100,1038,True,2/20/26 20:52,R_6PgMN2Ont2gs1u9,anonymous,EN,I Agree,Invasive plant management ,10+ years,Industry/Private Sector,,Yes,4,1,7,2,6,3,5,8,,Yes - we monitor native species or ecological recovery post-treatment,"If yes, please provide your name and email",robert@gmavt.net,"Asiatic bittersweet (Celastrus orbiculatus),Bush Honeysuckle (Lonicera maackii, morrowii, tatarica or X bella),Invasive Knotweeds (Reynoutria spp.),Multiflora rose (Rosa multiflora),Autumn-Olive (Elaeagnus umbellata),Barberry  (Berberis thunbergii),Buckthorn (Rhamnus cathartica)",At the same time despite changing phenology,At the same time despite changing phenology,Treatment ending later due to changing phenology,,At the same time despite changing phenology,,I don't know,Treatment ending later due to changing phenology,,,At the same time despite changing phenology,,,,,,,,,,,,At the same frequency despite a change in phenology,At the same frequency despite a change in phenology,At the same frequency despite a change in phenology,,At the same frequency despite a change in phenology,,At the same frequency despite a change in phenology,At the same frequency despite a change in phenology,,,At the same frequency despite a change in phenology,,,,,,,,,,,,8,14,14,,8,,1,8,,,14,,,,,,,,,,,,Network of sites within one state/province,,Vermont,No,,"Yes, but I’m out of time - take me to the last section",,,,,,,,,,,,,,,,,,,,,,,,,,,,,,,,,,,,,,,,,,,,,,,,,,,,,,,,,,,,,,,,,,,,,,,,,,,,,,,,,,,,,,,,,,,,,,,,,,,,,,,,,,,,,,,,,,Yes,Snake Mountain Road Weybridge VT,Yes,"Foliar spray,Cut and paint",Foliar spray,,,,,July,September,1,30,No,,"Yes, other",late season pre-senescence,1,Yes,"Hand pulling, digging, or other form of removal of both above and belowground biomass",,July,September,1,30,No,,No,,1,Once during the growing season,,0,Slow population spread,,Very effective,Yes,,,,,,,,,,,,,,,,,,,,,,,,,,,,,,,,,,,,,,,,Yes,Snake Mountain Road Weybridge VT,Yes,"Foliar spray,Cut and paint",Foliar spray,,,,,September,September,1,30,No,,"Yes, other",late season pre-senescence,1,No,,,,,,,,,,,,,,,Decrease population size,,Very effective,Yes,
2/23/26 10:32,2/23/26 10:43,IP Address,100,646,True,2/23/26 10:43,R_3OZoTtXsYc0ZVCo,anonymous,EN,I Agree,Invasive plant management ,10+ years,State Government,,Yes,4,1,2,6,5,3,7,8,,Yes - we monitor invasive plant populations post-treatment,No,,"Asiatic bittersweet (Celastrus orbiculatus),Bush Honeysuckle (Lonicera maackii, morrowii, tatarica or X bella),Invasive Knotweeds (Reynoutria spp.),Kudzu (Pueraria montana),Multiflora rose (Rosa multiflora),Stiltgrass (Microstegium vimineum),Autumn-Olive (Elaeagnus umbellata),Barberry  (Berberis thunbergii),Black swallowwort (Vincetoxicum nigrum),Buckthorn (Rhamnus cathartica),Chinese silver grass (Miscanthus sinensis),Himalayan balsam (Impatiens glandulifera),Japanese honeysuckle (Lonicera japonica),Norway maple (Acer platanoides),Phragmites australis,Privet (Ligustrum sp.),Spotted knapweed (Centaurea stoebe),Tree of heaven (AiIanthus altissima),Wild parsnip (Pastinaca sativa)",Treatment ending later due to changing phenology,"Treatment starting earlier due to changing phenology,Treatment ending later due to changing phenology",Starting earlier or ending later for other reasons,"Treatment starting earlier due to changing phenology,Treatment ending later due to changing phenology","Treatment starting earlier due to changing phenology,Treatment ending later due to changing phenology",Treatment starting earlier due to changing phenology,"Treatment starting earlier due to changing phenology,Treatment ending later due to changing phenology","Treatment starting earlier due to changing phenology,Treatment ending later due to changing phenology",,"Treatment starting earlier due to changing phenology,Treatment ending later due to changing phenology","Treatment starting earlier due to changing phenology,Treatment ending later due to changing phenology",I don't know,Treatment starting earlier due to changing phenology,"Treatment starting earlier due to changing phenology,Treatment ending later due to changing phenology",,"Treatment starting earlier due to changing phenology,Treatment ending later due to changing phenology","Treatment starting earlier due to changing phenology,Treatment ending later due to changing phenology","Treatment starting earlier due to changing phenology,Treatment ending later due to changing phenology",,Treatment ending later due to changing phenology,Treatment starting earlier due to changing phenology,"Treatment starting earlier due to changing phenology,Treatment ending later due to changing phenology",At the same frequency despite a change in phenology,At the same frequency despite a change in phenology,More frequently due to changing phenology,At the same frequency despite a change in phenology,At the same frequency despite a change in phenology,More frequently due to changing phenology,At the same frequency despite a change in phenology,At the same frequency despite a change in phenology,,More frequently due to changing phenology,At the same frequency despite a change in phenology,I don’t know,More frequently due to changing phenology,At the same frequency despite a change in phenology,,At the same frequency despite a change in phenology,At the same frequency despite a change in phenology,At the same frequency despite a change in phenology,,At the same frequency despite a change in phenology,At the same frequency despite a change in phenology,At the same frequency despite a change in phenology,20,20,20,10,20,10,20,20,,15,20,5,5,20,,20,20,20,,20,20,15,Network of sites within one state/province,,Michigan,No,,Yes,"Marquette, MI, USA",Yes,,,,Foliar spray,Foliar spray,aminopyralid,August,August,1,15,"Yes, senescence",,"Yes, senescence",,1,No,,,,,,,,,,,,,,,Decrease population size,,Moderately effective,Yes,,,,,,,,,,,,,,,,,,,,,,,,,,,,,,,,,,,,,,,,,,,,,,,,,,,,,,,,,,,,,,,,,,,,,,,,,,,,,,"Yes, but I’m out of time - take me to the last section",,,,,,,,,,,,,,,,,,,,,,,,,,,,,,,,,,,,,,,,,,,,,,,,,,,,,,,,,,,,,,,,,,,,,,,,,,,,Yes,"Rose Lake Shooting Range, Bath, MI, USA",Yes,Cut and paint,,,,,,October,October,15,15,"Yes, senescence",,"Yes, senescence",,1,No,,,,,,,,,,,,,,,Slow population spread,,Moderately effective,No,Manage more of the rose rather than just those that impede other work
2/23/26 12:05,2/23/26 12:17,IP Address,100,730,True,2/23/26 12:17,R_3l6nHVEdBFb0wAn,anonymous,EN,I Agree,Invasive plant management ,10+ years,Industry/Private Sector,,Yes,6,3,7,1,5,4,2,8,,No,"If yes, please provide your name and email",zventrella@longviewforest.com,"Asiatic bittersweet (Celastrus orbiculatus),Bush Honeysuckle (Lonicera maackii, morrowii, tatarica or X bella),Invasive Knotweeds (Reynoutria spp.),Multiflora rose (Rosa multiflora),Autumn-Olive (Elaeagnus umbellata),Barberry  (Berberis thunbergii),Black swallowwort (Vincetoxicum nigrum),Buckthorn (Rhamnus cathartica),Japanese honeysuckle (Lonicera japonica),Norway maple (Acer platanoides),Phragmites australis,Privet (Ligustrum sp.),Tree of heaven (AiIanthus altissima),Wild parsnip (Pastinaca sativa)",Treatment starting earlier due to changing phenology,Treatment starting earlier due to changing phenology,Other,,Treatment starting earlier due to changing phenology,,Treatment starting earlier due to changing phenology,Treatment starting earlier due to changing phenology,,Treatment starting earlier due to changing phenology,Treatment starting earlier due to changing phenology,,,Treatment starting earlier due to changing phenology,,Other,,,,,,,,,,,,,,,,,,,,,,,,,,,,,15,15,15,,15,,15,15,,10,15,,,15,,15,10,15,,,,5,Multi-state network of sites,,Vermont,"If yes, please provide your name and email",zventrella@longviewforest.com,,,,,,,,,,,,,,,,,,,,,,,,,,,,,,,,,,,,,,,No,,,,,,,,,,,,,,,,,,,,,,,,,,,,,,,,,,,,,,Yes,"Windsor Grasslands, Windsor, VT, USA",Yes,"Foliar spray,Cut and paint",,,,,,June,,2,,"Yes, vegetation emergence",,No,,1,No,,,,,,,,,,,,,,,Decrease population size,,Very effective,No,Would have done treatment later in season for better effectiveness,Yes,"Windsor Grasslands, Windsor, VT, USA",Yes,Foliar spray,,,,,,June,,2,,"Yes, vegetation emergence",,No,,1,No,,,,,,,,,,,,,,,Decrease population size,,Very effective,No,Revisit near end of growing season to monitor/retreat anything missed.,,,,,,,,,,,,,,,,,,,,,,,,,,,,,,,,,,,,,,,"Yes, but I’m out of time - take me to the last section",,,,,,,,,,,,,,,,,,,,,,,,,,,,,,,,,,,,,
2/23/26 12:25,2/23/26 12:38,IP Address,100,786,True,2/23/26 12:38,R_1EciEKujj6l77zC,anonymous,EN,I Agree,Invasive plant management ,10+ years,Other,non profit,Yes,,,,,,,,,,Yes - we monitor invasive plant populations post-treatment,"If yes, please provide your name and email",Jay arneson gitane73@icloud.com,"Bush Honeysuckle (Lonicera maackii, morrowii, tatarica or X bella),Autumn-Olive (Elaeagnus umbellata),Buckthorn (Rhamnus cathartica),Norway maple (Acer platanoides),Wild parsnip (Pastinaca sativa)",,At the same time due to no change in phenology,,,,,At the same time due to no change in phenology,,,,At the same time due to no change in phenology,,,,,At the same time due to no change in phenology,,,,,,At the same time due to no change in phenology,,At the same frequency due to no change in phenology,,,,,At the same frequency due to no change in phenology,,,,At the same frequency due to no change in phenology,,,,,At the same frequency due to no change in phenology,,,,,,At the same frequency due to no change in phenology,,30,,,,,1,,,,40,,,,,10,,,,,,2,Network of sites within one state/province,,Wisconsin,No,,No,,,,,,,,,,,,,,,,,,,,,,,,,,,,,,,,,,,,,,No,,,,,,,,,,,,,,,,,,,,,,,,,,,,,,,,,,,,,,Yes,spring valley WI,Yes,,Cut and paint,,,,,October,October,15,15,No,,No,,1,No,,,,,,,,,,,,,,,Locally eradicate the population,,Moderately effective,Yes,,Yes,pierce county wi,Yes,,Cut and paint,,,Cut and paint,5% clash,October,October,15,30,"Yes, dormancy",,"Yes, dormancy",,1,No,,,,,,,,,,,,,,,Decrease population size,,Very effective,Yes,,No,,,,,,,,,,,,,,,,,,,,,,,,,,,,,,,,,,,,,,No,,,,,,,,,,,,,,,,,,,,,,,,,,,,,,,,,,,,,
2/23/26 14:47,2/23/26 15:37,IP Address,100,3026,True,2/23/26 15:37,R_1nGlxwRGRwMbHVL,anonymous,EN,I Agree,Invasive plant management ,10+ years,Nongovernmental Organization,,Yes,2,1,4,3,7,5,6,8,,Yes - we monitor invasive plant populations post-treatment,"If yes, please provide your name and email","Rene Wendell, rene.wendell@tnc.org","Asiatic bittersweet (Celastrus orbiculatus),Bush Honeysuckle (Lonicera maackii, morrowii, tatarica or X bella),Invasive Knotweeds (Reynoutria spp.),Multiflora rose (Rosa multiflora),Stiltgrass (Microstegium vimineum),Autumn-Olive (Elaeagnus umbellata),Barberry  (Berberis thunbergii),Black swallowwort (Vincetoxicum nigrum),Buckthorn (Rhamnus cathartica),Mugwort (Artemisia vulgaris),Phragmites australis,Privet (Ligustrum sp.),Spotted knapweed (Centaurea stoebe),Tree of heaven (AiIanthus altissima)",At the same time due to no change in phenology,At the same time due to no change in phenology,At the same time due to no change in phenology,,At the same time due to no change in phenology,Treatment starting earlier due to changing phenology,At the same time due to no change in phenology,At the same time due to no change in phenology,,Other,At the same time due to no change in phenology,,,,I don't know,,At the same time due to no change in phenology,At the same time due to no change in phenology,,I don't know,I don't know,,I don’t know,I don’t know,I don’t know,,I don’t know,At the same frequency despite a change in phenology,I don’t know,I don’t know,,I don’t know,I don’t know,,,,I don’t know,,I don’t know,I don’t know,,I don’t know,I don’t know,,10,10,4,,10,10,10,10,,10,10,,,,4,,10,10,,4,2,,Network of sites within one state/province,,Massachusetts,"If yes, please provide your name and email","Rene Wendell, rene.wendell@tnc.org",Yes,"Coles Brook Preserve, Washington, MA USA",Yes,Foliar spray,,,,,,August,August,19,19,No,,No,,1,No,,,,,,,,,,,,,,,Locally eradicate the population,,Very effective,Yes,,Yes,"Schenob Brook Preserve, Sheffield, MA USA",Yes,Foliar spray,,,,,,July,August,10,28,"Yes, fruit or seed set",,"Yes, fruit or seed set",,9,Yes,"Hand pulling, digging, or other form of removal of both above and belowground biomass",,September,September,10,10,"Yes, fruit or seed set",,"Yes, fruit or seed set",,1,Once during the growing season,0,0,Slow population spread,,Moderately effective,Yes,,Yes,"Schenob Brook Preserve, Sheffield, MA USA",Yes,Cut and paint,Cut and paint,,,,,July,August,15,28,No,,No,,2,No,,,,,,,,,,,,,,,Decrease population size,,Moderately effective,Yes,,Yes,"Schenob Brook Preserve, Sheffield, MA USA",Yes,Foliar spray,,,,,,August,August,15,15,No,,No,,1,No,,,,,,,,,,,,,,,Locally eradicate the population,,Moderately effective,Yes,,No,,,,,,,,,,,,,,,,,,,,,,,,,,,,,,,,,,,,,,Yes,"Coles Brook Preserve, Washington, MA USA",Yes,Foliar spray,,,,,,August,August,19,19,No,,No,,1,No,,,,,,,,,,,,,,,Locally eradicate the population,,Very effective,Yes,
2/23/26 15:52,2/23/26 16:17,IP Address,100,1549,True,2/23/26 16:17,R_7EvlQO9OfQ8OoER,anonymous,EN,I Agree,Invasive plant management ,10+ years,Nongovernmental Organization,,Yes,2,1,6,3,5,4,7,8,,Yes - we monitor both invasive plant populations and native recovery post-treatment,"If yes, please provide your name and email",Chuck Pearson cdp9@cornell.edu,"Asiatic bittersweet (Celastrus orbiculatus),Bush Honeysuckle (Lonicera maackii, morrowii, tatarica or X bella),Multiflora rose (Rosa multiflora),Autumn-Olive (Elaeagnus umbellata),Barberry  (Berberis thunbergii),Buckthorn (Rhamnus cathartica),Norway maple (Acer platanoides),Phragmites australis,Privet (Ligustrum sp.)",At the same time despite changing phenology,At the same time despite changing phenology,,,At the same time despite changing phenology,,At the same time despite changing phenology,At the same time despite changing phenology,,,At the same time despite changing phenology,,,,,At the same time despite changing phenology,Treatment starting earlier due to changing phenology,At the same time despite changing phenology,,,,,At the same frequency despite a change in phenology,At the same frequency despite a change in phenology,,,At the same frequency despite a change in phenology,,At the same frequency despite a change in phenology,At the same frequency despite a change in phenology,,,At the same frequency despite a change in phenology,,,,,At the same frequency despite a change in phenology,At the same frequency despite a change in phenology,At the same frequency despite a change in phenology,,,,,10,20,,,20,,20,20,,,20,,,,,10,20,20,,,,,Network of sites within one state/province,,Michigan,"If yes, please provide your name and email",Chuck Pearson cdp9@cornell.edu,No,,,,,,,,,,,,,,,,,,,,,,,,,,,,,,,,,,,,,,No,,,,,,,,,,,,,,,,,,,,,,,,,,,,,,,,,,,,,,Yes,"Goose Creek Grasslands, Cement City, MI USA",Yes,Cut and paint,,,,,,September,September,15,15,No,,No,,1,Yes,"Hand pulling, digging, or other form of removal of both above and belowground biomass",,September,October,15,15,No,,No,,3,Every 1-2 weeks,100,5,Locally eradicate the population,,Extremely effective,Yes,,Yes,"Lefglen Nature Sanctuary, Napoleon, Michigan USA",Yes,Cut and paint,,,,,,February,December,8,20,No,,No,,10,No,,,,,,,,,,,,,,,Locally eradicate the population,,Extremely effective,Yes,,No,,,,,,,,,,,,,,,,,,,,,,,,,,,,,,,,,,,,,,Yes,"Lefglen Nature Sanctuary, Napoleon, Michigan, USA",Yes,Cut and paint,,,,,,February,December,8,20,No,,No,,10,No,,,,,,,,,,,,,,,Locally eradicate the population,,Extremely effective,Yes,
2/23/26 18:10,2/23/26 18:52,IP Address,100,2516,True,2/23/26 18:52,R_5GB0QBBYaO426fP,anonymous,EN,I Agree,Invasive plant management ,10+ years,City/Municipal Government,,Yes,2,1,7,3,4,6,5,8,,Yes - we monitor invasive plant populations post-treatment,"If yes, please provide your name and email",Joan Griswold jdgriz@gmail.com,"Asiatic bittersweet (Celastrus orbiculatus),Invasive Knotweeds (Reynoutria spp.),Multiflora rose (Rosa multiflora),Barberry  (Berberis thunbergii),Black swallowwort (Vincetoxicum nigrum),Buckthorn (Rhamnus cathartica),Mugwort (Artemisia vulgaris),Norway maple (Acer platanoides),Phragmites australis,Privet (Ligustrum sp.)",At the same time despite changing phenology,,At the same time despite changing phenology,,At the same time despite changing phenology,,,At the same time despite changing phenology,,Treatment starting earlier due to changing phenology,At the same time due to no change in phenology,,,,Treatment starting earlier due to changing phenology,At the same time despite changing phenology,At the same time despite changing phenology,At the same time despite changing phenology,,,,,At the same frequency despite a change in phenology,,At the same frequency despite a change in phenology,,At the same frequency due to no change in phenology,,,At the same frequency due to no change in phenology,,At the same frequency despite a change in phenology,At the same frequency due to no change in phenology,,,,More frequently due to changing phenology,At the same frequency despite a change in phenology,At the same frequency despite a change in phenology,At the same frequency despite a change in phenology,,,,,10,,4,,10,,,10,,12,5,,,,5,10,5,2,,,,,Single site,,Maine,No,,Yes,"north revetment on Marginal Way, Ogunquit, ME",Yes,Cut and paint,,,,,,August,September,1,30,"Yes, fruit or seed set",,"Yes, fruit or seed set",,1,Yes,"Mowing, cutting, or other form of removing aboveground biomass",,August,September,1,1,"Yes, fruit or seed set",,"Yes, fruit or seed set",,1,Once during the growing season,,0,Decrease population size,,Moderately effective,Yes,,No,,,,,,,,,,,,,,,,,,,,,,,,,,,,,,,,,,,,,,Yes,the length of the Marginal Way path & access paths,Yes,,Cut and paint,,,,,October,March,1,15,"Yes, dormancy",,"Yes, dormancy",,10,Yes,"Mowing, cutting, or other form of removing aboveground biomass",,October,March,1,15,"Yes, dormancy",,"Yes, dormancy",,10,Every 2-4 weeks,61,180,Locally eradicate the population,,Very effective,Yes,,Yes,"certain locations on Marginal Way, Ogunquit, ME",Yes,,Cut and paint,,,,,February,March,1,30,"Yes, dormancy",,"Yes, dormancy",,3,Yes,"Mowing, cutting, or other form of removing aboveground biomass",,February,March,1,30,"Yes, dormancy",,"Yes, dormancy",,3,Once during the growing season,71,12,Decrease population size,,Very effective,Yes,,No,,,,,,,,,,,,,,,,,,,,,,,,,,,,,,,,,,,,,,Yes,"On the 12 acres of land that encompasses the Marginal Way walk, Ogunquit, ME",Yes,,Cut and paint,,,,,November,December,1,30,"Yes, dormancy",,"Yes, dormancy",,1,Yes,"Mowing, cutting, or other form of removing aboveground biomass",,November,December,1,30,"Yes, dormancy",,"Yes, dormancy",,1,Once during the growing season,50,12,Locally eradicate the population,,Extremely effective,Yes,
2/24/26 10:27,2/24/26 10:51,IP Address,100,1461,True,2/24/26 10:51,R_6b7y38YC6VhzhAZ,anonymous,EN,I Agree,Invasive plant management ,6 to 10 years,County Government,,Yes,1,2,6,3,7,5,4,8,,Yes - we monitor invasive plant populations post-treatment,"If yes, please provide your name and email",maggie.coakley@co.monmouth.nj.us,"Asiatic bittersweet (Celastrus orbiculatus),Bush Honeysuckle (Lonicera maackii, morrowii, tatarica or X bella),Invasive Knotweeds (Reynoutria spp.),Kudzu (Pueraria montana),Multiflora rose (Rosa multiflora),Stiltgrass (Microstegium vimineum),Autumn-Olive (Elaeagnus umbellata),Barberry  (Berberis thunbergii),Chinese silver grass (Miscanthus sinensis),Japanese honeysuckle (Lonicera japonica),Mugwort (Artemisia vulgaris),Norway maple (Acer platanoides),Phragmites australis,Privet (Ligustrum sp.),Tree of heaven (AiIanthus altissima)",Treatment ending later due to changing phenology,I don't know,I don't know,I don't know,At the same time due to no change in phenology,I don't know,Treatment ending later due to changing phenology,I don't know,,,,Treatment ending later due to changing phenology,,I don't know,Treatment ending later due to changing phenology,I don't know,I don't know,I don't know,,,I don't know,,At the same frequency despite a change in phenology,I don’t know,At the same frequency despite a change in phenology,I don’t know,I don’t know,I don’t know,At the same frequency despite a change in phenology,I don’t know,,,,At the same frequency despite a change in phenology,,I don’t know,At the same frequency despite a change in phenology,I don’t know,I don’t know,I don’t know,,,I don’t know,,5,1,5,5,5,5,5,5,,,,4,,5,5,5,5,5,,,5,, Other (please specify),"Network of sites within 1 county. 20,000 acres over 40 different sites",New Jersey,"If yes, please provide your name and email","Maggie Coakley, maggie.coakley@co.monmouth.nj.us",Yes,"Swimming River Park, Red Bank, NJ, USA",Yes,Foliar spray,,,,,,September,September,4,4,"Yes, fruit or seed set",,"Yes, fruit or seed set",,1,Yes,"Mowing, cutting, or other form of removing aboveground biomass",,June,June,1,30,"Yes, other","Chose to cut in June so that the plant has enough time to regrow vegetation by September, but so that it won't be so tall that you need to spray over your head.","Yes, other","Chose to cut in June so that the plant has enough time to regrow vegetation by September, but so that it won't be so tall that you need to spray over your head",1,Once during the growing season,,0,Locally eradicate the population,,Very effective,Yes,,No,,,,,,,,,,,,,,,,,,,,,,,,,,,,,,,,,,,,,,Yes,"Thompson Park, Lincroft, NJ, USA",Yes,Foliar spray,Foliar spray,,,,,September,September,2,2,"Yes, other",We aim for 2-6 weeks before senescence begins,"Yes, other",We aim for 2-6 weeks before senescence begins,1,Yes,"Mowing, cutting, or other form of removing aboveground biomass",,February,February,1,15,"Yes, dormancy",,"Yes, dormancy",,1,Every 1-2 months,80,16,Decrease population size,,Very effective,Yes,,No,,,,,,,,,,,,,,,,,,,,,,,,,,,,,,,,,,,,,,No,,,,,,,,,,,,,,,,,,,,,,,,,,,,,,,,,,,,,,Yes,"Thompson Park, Lincroft, NJ, USA",Yes,,Cut and paint,,,,,January,January,1,15,"Yes, dormancy",,"Yes, dormancy",,1,Yes,"Mowing, cutting, or other form of removing aboveground biomass",,January,January,1,15,"Yes, dormancy",,"Yes, dormancy",,1,Once during the growing season,100,30,Decrease population size,,Moderately effective,No,Hire a contractor to remove the rose chemically on the site. 
2/24/26 10:36,2/24/26 11:30,IP Address,100,3258,True,2/24/26 11:30,R_1D5srXkx8ozWrQm,anonymous,EN,I Agree,Invasive plant management ,6 to 10 years,Nongovernmental Organization,,Yes,4,3,6,2,1,5,7,8,,Yes - we monitor both invasive plant populations and native recovery post-treatment,"If yes, please provide your name and email","Bradley Simpson, bradley.simpson@natureforward.org","Asiatic bittersweet (Celastrus orbiculatus),Bush Honeysuckle (Lonicera maackii, morrowii, tatarica or X bella),Multiflora rose (Rosa multiflora),Stiltgrass (Microstegium vimineum),Autumn-Olive (Elaeagnus umbellata),Barberry  (Berberis thunbergii),Japanese honeysuckle (Lonicera japonica),Mugwort (Artemisia vulgaris),Norway maple (Acer platanoides),Privet (Ligustrum sp.),Tree of heaven (AiIanthus altissima)",At the same time due to no change in phenology,At the same time due to no change in phenology,,,At the same time due to no change in phenology,"Treatment starting earlier due to changing phenology,Treatment ending later due to changing phenology",At the same time due to no change in phenology,At the same time due to no change in phenology,,,,,,Treatment ending later due to changing phenology,"Treatment starting earlier due to changing phenology,Treatment ending later due to changing phenology",At the same time due to no change in phenology,,At the same time due to no change in phenology,,,At the same time due to no change in phenology,,More or less frequently for other reasons,More or less frequently for other reasons,,,More or less frequently for other reasons,More frequently due to changing phenology,More or less frequently for other reasons,More or less frequently for other reasons,,,,,,More frequently due to changing phenology,More frequently due to changing phenology,More or less frequently for other reasons,,More or less frequently for other reasons,,,More or less frequently for other reasons,,8,8,,,8,2,8,8,,,,,,4,4,8,,8,,,8,,Single site,,Maryland,"If yes, please provide your name and email","Bradley Simpson, bradley.simpson@natureforward.org",No,,,,,,,,,,,,,,,,,,,,,,,,,,,,,,,,,,,,,,Yes,"Woodend Sanctuary, Chevy Chase, MD USA",Yes,Foliar spray,,,,,,July,September,15,1,"Yes, vegetation emergence",,"Yes, fruit or seed set",,5,Yes,"Hand pulling, digging, or other form of removal of both above and belowground biomass",,July,September,1,1,"Yes, vegetation emergence",,"Yes, fruit or seed set",,30,Weekly or more frequently,70,200,Decrease population size,,Moderately effective,No,Increased chemical treatment efforts coupled with continuous weed whacking in order to treat small resprouting individuals.,Yes,"Woodend Sanctuary, Chevy Chase, MD USA",Yes,,Foliar spray,,,,,May,October,1,31,"Yes, vegetation emergence",,"Yes, dormancy",,5,Yes,"Hand pulling, digging, or other form of removal of both above and belowground biomass",,January,December,1,31,No,,No,,30,Weekly or more frequently,70,200,Decrease population size,,Very effective,Yes,,Yes,"Woodend Sanctuary, Chevy Chase, MD USA",Yes,,"Foliar spray,Cut and paint",,,,,January,December,1,30,No,,"Yes, other","Chemical treatments, particularly cut-stump treatments, are carried out around the year when temperatures are above 40 degrees. Using Pathfinder II as the triclopyr product.",20,Yes,"Hand pulling, digging, or other form of removal of both above and belowground biomass",,January,December,1,31,No,,No,,30,Weekly or more frequently,70,200,Decrease population size,,Very effective,Yes,,No,,,,,,,,,,,,,,,,,,,,,,,,,,,,,,,,,,,,,,Yes,"Woodend Sanctuary, Chevy Chase, MD USA",Yes,,"Foliar spray,Cut and paint",,,,,January,December,1,31,No,,"Yes, other","Chemical treatments, particularly cut-stump treatments, are carried out around the year when temperatures are above 40 degrees. Using Pathfinder II as the triclopyr product.",20,Yes,"Hand pulling, digging, or other form of removal of both above and belowground biomass",,January,December,1,31,No,,No,,30,Weekly or more frequently,70,200,Decrease population size,,Moderately effective,Yes,
2/24/26 15:38,2/24/26 15:55,IP Address,100,1016,True,2/24/26 15:55,R_5IQt3joF5gjoi45,anonymous,EN,I Agree,Invasive plant management ,Less than 2 years,State Government,,Yes,1,2,7,6,3,4,5,8,,Yes - we monitor invasive plant populations post-treatment,"If yes, please provide your name and email",jehan.abuzour@ky.gov,"Bush Honeysuckle (Lonicera maackii, morrowii, tatarica or X bella),Invasive Knotweeds (Reynoutria spp.),Kudzu (Pueraria montana),Multiflora rose (Rosa multiflora),Stiltgrass (Microstegium vimineum),Chinese silver grass (Miscanthus sinensis),Japanese honeysuckle (Lonicera japonica),Tree of heaven (AiIanthus altissima)",,At the same time due to no change in phenology,At the same time despite changing phenology,Starting earlier or ending later for other reasons,At the same time despite changing phenology,At the same time due to no change in phenology,,,,,,At the same time despite changing phenology,,At the same time despite changing phenology,,,,,,,Treatment ending later due to changing phenology,,,At the same frequency despite a change in phenology,More frequently due to changing phenology,More or less frequently for other reasons,More or less frequently for other reasons,At the same frequency despite a change in phenology,,,,,,At the same frequency despite a change in phenology,,More frequently due to changing phenology,,,,,,,More or less frequently for other reasons,,,1,3,8,1,3,,,,,,3,,8,,,,,,,2,,Network of sites within one state/province,,Kentucky,"If yes, please provide your name and email",jehan.abuzour@ky.gov,Yes,"Cumberland Falls State Resort Park, Corbin KY",Yes,Hack and squirt,,,,,,April,April,11,11,"Yes, flowering",,"Yes, flowering",,1,No,,,,,,,,,,,,,,,Prevent population spread,,Moderately effective,No,Need more staffing,,,,,,,,,,,,,,,,,,,,,,,,,,,,,,,,,,,,,,,,,,,,,,,,,,,,,,,,,,,,,,,,,,,,,,,,,,,,,,,,,,,,,,,,,,,,,,,,,,,,,,,,,,,,,,,,,,,Yes,"Cumberland Falls State Resort Park, Corbin KY",Yes,Cut and paint,,,,,,April,April,11,11,"Yes, flowering",,"Yes, flowering",,1,Yes,"Mowing, cutting, or other form of removing aboveground biomass",,April,April,11,11,"Yes, flowering",,"Yes, flowering",,1,Once during the growing season,1,2,Prevent population spread,,Moderately effective,No,"More staffing, more hands ","Yes, but I’m out of time - take me to the last section",,,,,,,,,,,,,,,,,,,,,,,,,,,,,,,,,,,,,
2/25/26 9:40,2/25/26 9:48,IP Address,100,491,True,2/25/26 9:48,R_7hyxXh2ErgDPMt7,anonymous,EN,I Agree,Invasive plant management ,2 to 5 years,Nongovernmental Organization,,Yes,4,1,5,2,7,6,3,8,,Yes - we monitor both invasive plant populations and native recovery post-treatment,"If yes, please provide your name and email",kassidy@liisma.org,"Kudzu (Pueraria montana),Stiltgrass (Microstegium vimineum),Barberry  (Berberis thunbergii),Phragmites australis",,,,I don't know,,I don't know,,I don't know,,,,,,,,,I don't know,,,,,,,,,I don’t know,,I don’t know,,I don’t know,,,,,,,,,At the same frequency despite a change in phenology,,,,,,,,,5,,1,,5,,,,,,,,,5,,,,,,Network of sites within one state/province,,New York,No,,No,,,,,,,,,,,,,,,,,,,,,,,,,,,,,,,,,,,,,,Yes,"Brentwood, NY",No,,,,,,,,,,,,,,,,Yes,Other,Weed torching,August,August,1,1,"Yes, vegetation emergence",,"Yes, fruit or seed set",,1,Once during the growing season,,0,Other,Test out new management tool and assist partner org,Very effective,Yes,,No,,,,,,,,,,,,,,,,,,,,,,,,,,,,,,,,,,,,,,No,,,,,,,,,,,,,,,,,,,,,,,,,,,,,,,,,,,,,,Yes,"Nassau County, NY",No,,,,,,,,,,,,,,,,Yes,"Hand pulling, digging, or other form of removal of both above and belowground biomass",,September,September,15,15,"Yes, vegetation emergence",,No,,1,Once during the growing season,0,0,Locally eradicate the population,,Very effective,Yes,,No,,,,,,,,,,,,,,,,,,,,,,,,,,,,,,,,,,,,,
2/25/26 10:23,2/25/26 10:35,IP Address,100,723,True,2/25/26 10:35,R_1eg0HmIa9IVjxvH,anonymous,EN,I Agree,Invasive plant extension,2 to 5 years,Nongovernmental Organization,,Yes,3,1,7,5,4,6,2,8,,No,No,,"Asiatic bittersweet (Celastrus orbiculatus),Invasive Knotweeds (Reynoutria spp.),Multiflora rose (Rosa multiflora),Buckthorn (Rhamnus cathartica)",At the same time due to no change in phenology,,At the same time due to no change in phenology,,At the same time due to no change in phenology,,,,,,At the same time due to no change in phenology,,,,,,,,,,,,At the same frequency due to no change in phenology,,At the same frequency due to no change in phenology,,At the same frequency due to no change in phenology,,,,,,At the same frequency due to no change in phenology,,,,,,,,,,,,2,,2,,2,,,,,,2,,,,,,,,,,,,Network of sites within one state/province,,Massachusetts,No,,No,,,,,,,,,,,,,,,,,,,,,,,,,,,,,,,,,,,,,,No,,,,,,,,,,,,,,,,,,,,,,,,,,,,,,,,,,,,,,Yes,"Dug Pond, Andover, MA",Yes,Cut and paint,,,,,,,,,,"Yes, senescence",,"Yes, senescence",,2,Yes,"Hand pulling, digging, or other form of removal of both above and belowground biomass",,,,,,"Yes, vegetation emergence",,"Yes, senescence",,2,Once during the growing season,80,60,Locally eradicate the population,,Very effective,Yes,,No,,,,,,,,,,,,,,,,,,,,,,,,,,,,,,,,,,,,,,No,,,,,,,,,,,,,,,,,,,,,,,,,,,,,,,,,,,,,,No,,,,,,,,,,,,,,,,,,,,,,,,,,,,,,,,,,,,,
2/25/26 11:37,2/25/26 11:58,IP Address,100,1283,True,2/25/26 11:58,R_3EtnKAg5tMJYzSl,anonymous,EN,I Agree,Invasive plant management ,6 to 10 years,City/Municipal Government,,Yes,4,5,7,2,3,1,8,6,,Yes - we monitor both invasive plant populations and native recovery post-treatment,"If yes, please provide your name and email",olin@embedinc.com,"Asiatic bittersweet (Celastrus orbiculatus),Invasive Knotweeds (Reynoutria spp.),Autumn-Olive (Elaeagnus umbellata),Barberry  (Berberis thunbergii),Black swallowwort (Vincetoxicum nigrum),Buckthorn (Rhamnus cathartica),Norway maple (Acer platanoides),Phragmites australis,Tree of heaven (AiIanthus altissima)",At the same time due to no change in phenology,,At the same time due to no change in phenology,,,,At the same time due to no change in phenology,At the same time due to no change in phenology,,At the same time due to no change in phenology,At the same time due to no change in phenology,,,,,At the same time due to no change in phenology,At the same time due to no change in phenology,,,,At the same time due to no change in phenology,,At the same frequency due to no change in phenology,,At the same frequency due to no change in phenology,,,,At the same frequency due to no change in phenology,At the same frequency due to no change in phenology,,At the same frequency due to no change in phenology,At the same frequency due to no change in phenology,,,,,At the same frequency due to no change in phenology,At the same frequency due to no change in phenology,,,,At the same frequency due to no change in phenology,,7,,7,,,,8,4,,9,5,,,,,4,9,,,,5,, Other (please specify),Multiple sites in one town.,Massachusetts,"If yes, please provide your name and email",olin@embedinc.com,Yes,"Surrenden Farms, Groton MA",Yes,"Foliar spray,Hack and squirt",Foliar spray,,,,,September,,27,,"Yes, flowering",,,,1,Yes,"Hand pulling, digging, or other form of removal of both above and belowground biomass",,May,,15,,"Yes, vegetation emergence",,,,1,Once during the growing season,100,4,Locally eradicate the population,,Very effective,No,More frequent checking and foliar spray during the spring/summer.,No,,,,,,,,,,,,,,,,,,,,,,,,,,,,,,,,,,,,,,Yes,"Hayden Road end, Groton MA",Yes,,Foliar spray,,,,,September,,27,,No,,,,1,No,,,,,,,,,,,,,,,Decrease population size,,Very effective,No,"Mechanical pulling, more often and thorough spraying with dilute triclopyr.  Currently just emptying sprayer tank opportunistically.",No,,,,,,,,,,,,,,,,,,,,,,,,,,,,,,,,,,,,,,No,,,,,,,,,,,,,,,,,,,,,,,,,,,,,,,,,,,,,,No,,,,,,,,,,,,,,,,,,,,,,,,,,,,,,,,,,,,,
2/25/26 13:30,2/25/26 14:09,IP Address,100,2313,True,2/25/26 14:09,R_1EsfjygrCBEI1cq,anonymous,EN,I Agree,Invasive plant management ,6 to 10 years,Nongovernmental Organization,,Yes,6,5,7,1,2,3,4,8,,Yes - we monitor both invasive plant populations and native recovery post-treatment,No,,"Asiatic bittersweet (Celastrus orbiculatus),Bush Honeysuckle (Lonicera maackii, morrowii, tatarica or X bella),Invasive Knotweeds (Reynoutria spp.),Multiflora rose (Rosa multiflora),Stiltgrass (Microstegium vimineum),Autumn-Olive (Elaeagnus umbellata),Barberry  (Berberis thunbergii),Japanese honeysuckle (Lonicera japonica),Mugwort (Artemisia vulgaris),Norway maple (Acer platanoides),Phragmites australis,Privet (Ligustrum sp.),Tree of heaven (AiIanthus altissima)",At the same time due to no change in phenology,At the same time due to no change in phenology,At the same time due to no change in phenology,,At the same time due to no change in phenology,At the same time due to no change in phenology,At the same time due to no change in phenology,At the same time due to no change in phenology,,,,,,At the same time due to no change in phenology,At the same time due to no change in phenology,At the same time due to no change in phenology,At the same time due to no change in phenology,At the same time due to no change in phenology,,,At the same time due to no change in phenology,,At the same frequency due to no change in phenology,At the same frequency due to no change in phenology,At the same frequency due to no change in phenology,,At the same frequency due to no change in phenology,At the same frequency due to no change in phenology,At the same frequency due to no change in phenology,At the same frequency due to no change in phenology,,,,,,At the same frequency due to no change in phenology,At the same frequency due to no change in phenology,At the same frequency due to no change in phenology,At the same frequency due to no change in phenology,At the same frequency due to no change in phenology,,,At the same frequency due to no change in phenology,,8,7,7,,8,5,6,8,,,,,,8,8,6,6,7,,,8,,Network of sites within one state/province,,New Jersey,No,,No,,,,,,,,,,,,,,,,,,,,,,,,,,,,,,,,,,,,,,No,,,,,,,,,,,,,,,,,,,,,,,,,,,,,,,,,,,,,,Yes,"Sherman-Hoffman Wildlife Sanctuary, Bernardsville, NJ USA",Yes,Foliar spray,"Foliar spray,Other",,,,,September,September,15,15,No,,No,,1,Yes,"Hand pulling, digging, or other form of removal of both above and belowground biomass",,September,September,15,15,No,,No,,1,Once during the growing season,50,,Locally eradicate the population,,Very effective,Yes,,"Yes, but I’m out of time - take me to the last section",,,,,,,,,,,,,,,,,,,,,,,,,,,,,,,,,,,,,,No,,,,,,,,,,,,,,,,,,,,,,,,,,,,,,,,,,,,,,Yes,"Merrill creek reservoir, Harmony, NJ USA",Yes,Foliar spray,Foliar spray,,,,,June,July,25,22,No,,No,,4,No,,,,,,,,,,,,,,,Locally eradicate the population,,Very effective,Yes,
2/25/26 14:15,2/25/26 14:42,IP Address,100,1613,True,2/25/26 14:42,R_3Qxjb9i4NVkgesX,anonymous,EN,I Agree,Invasive plant management ,10+ years,Nongovernmental Organization,,Yes,6,2,5,4,3,1,7,8,,Yes - we monitor both invasive plant populations and native recovery post-treatment,No,,"Asiatic bittersweet (Celastrus orbiculatus),Bush Honeysuckle (Lonicera maackii, morrowii, tatarica or X bella),Invasive Knotweeds (Reynoutria spp.),Multiflora rose (Rosa multiflora),Stiltgrass (Microstegium vimineum),Autumn-Olive (Elaeagnus umbellata),Barberry  (Berberis thunbergii),Japanese honeysuckle (Lonicera japonica),Mugwort (Artemisia vulgaris),Norway maple (Acer platanoides),Phragmites australis,Privet (Ligustrum sp.),Tree of heaven (AiIanthus altissima)",Treatment ending later due to changing phenology,Treatment starting earlier due to changing phenology,At the same time due to no change in phenology,,Treatment starting earlier due to changing phenology,At the same time due to no change in phenology,Treatment starting earlier due to changing phenology,At the same time due to no change in phenology,,,,,,At the same time due to no change in phenology,At the same time due to no change in phenology,At the same time due to no change in phenology,At the same time due to no change in phenology,Treatment starting earlier due to changing phenology,,,At the same time due to no change in phenology,,At the same frequency despite a change in phenology,At the same frequency despite a change in phenology,At the same frequency despite a change in phenology,,At the same frequency despite a change in phenology,At the same frequency despite a change in phenology,At the same frequency despite a change in phenology,At the same frequency despite a change in phenology,,,,,,At the same frequency despite a change in phenology,At the same frequency despite a change in phenology,At the same frequency despite a change in phenology,At the same frequency despite a change in phenology,At the same frequency despite a change in phenology,,,At the same frequency despite a change in phenology,,10,10,10,,10,10,10,10,,,,,,10,10,10,3,10,,,10,,Network of sites within one state/province,,Massachusetts,No,,Yes,"Herb Hadfield Conservation Area, Westport MA",Yes,,Foliar spray,,,,,July,August,1,30,"Yes, flowering",,"Yes, fruit or seed set",,4,No,,,,,,,,,,,,,,,Decrease population size,,Moderately effective,No,A combination of mechanical removal paired with chemical treatment,Yes,"Old Harbor Wildlife Refuge, Westport MA",Yes,,Foliar spray,,,,,July,August,1,30,"Yes, flowering",,"Yes, fruit or seed set",,2,Yes,"Mowing, cutting, or other form of removing aboveground biomass",,June,August,30,30,"Yes, vegetation emergence",,"Yes, flowering",,2,Every 1-2 months,0,0,Slow population spread,,Slightly effective,No,More mowing paired with chemical treatment,Yes,"Dunham's Brook Conservation Area, Westport MA",Yes,,Cut and paint,,,,,October,January,1,30,"Yes, senescence",,"Yes, dormancy",,4,Yes,"Hand pulling, digging, or other form of removal of both above and belowground biomass",,December,March,1,30,"Yes, dormancy",,"Yes, vegetation emergence",,4,Every 1-2 months,50,180,Decrease population size,,Very effective,Yes,,Yes,"Westport Woods Conservation Park, Westport MA",Yes,,Cut and paint,,,,,March,June,1,30,"Yes, dormancy",,"Yes, vegetation emergence",,4,Yes,"Hand pulling, digging, or other form of removal of both above and belowground biomass",,March,June,1,1,"Yes, dormancy",,"Yes, vegetation emergence",,4,Every 2-4 weeks,50,8,Decrease population size,,Very effective,Yes,,No,,,,,,,,,,,,,,,,,,,,,,,,,,,,,,,,,,,,,,Yes,"Westport Woods Conservation Park, Westport MA",Yes,,Cut and paint,,,,,March,June,1,30,"Yes, dormancy",,"Yes, vegetation emergence",,4,Yes,"Hand pulling, digging, or other form of removal of both above and belowground biomass",,March,June,1,30,"Yes, dormancy",,"Yes, vegetation emergence",,4,Every 2-4 weeks,30,30,Decrease population size,,Moderately effective,Yes,
2/19/26 9:19,2/19/26 9:20,IP Address,8,66,False,2/26/26 9:20,R_3PzWGqhIUBzmbzp,anonymous,EN,I Agree,Invasive plant management ,2 to 5 years,City/Municipal Government,,Yes,,,,,,,,,,,,,,,,,,,,,,,,,,,,,,,,,,,,,,,,,,,,,,,,,,,,,,,,,,,,,,,,,,,,,,,,,,,,,,,,,,,,,,,,,,,,,,,,,,,,,,,,,,,,,,,,,,,,,,,,,,,Yes,,,,,,,,,,,,,,,,,,,,,,,,,,,,,,,,,,,,,,,,,,,,,,,,,,,,,,,,,,,,,,,,,,,,,,,,,,,,,,,,,,,,,,,,,,,,,,,,,,,,,,,,,,,,,,,,,,,,,,,,,,,,,,,,,,,,,,,,,,,,,,,,,,,,,,,,,,,,,,,,,,,,,,,,,,,,,,,,,,,,,,,,,,,,,
2/19/26 9:30,2/19/26 9:31,IP Address,9,96,False,2/26/26 9:31,R_3It0HPLbosFg3wu,anonymous,EN,I Agree,Invasive plant management ,2 to 5 years,Nongovernmental Organization,,Yes,,,,,,,,,,,,,,,,,,,,,,,,,,,,,,,,,,,,,,,,,,,,,,,,,,,,,,,,,,,,,,,,,,,,,,,,,,,,,,,,,,,,,,,,,,,,,,,,,,,,,,,,,,,,,,,,,,,,,,,,,,,,,,,,,,,,,,,,,,,,,,,,,,,,,,,,,,,,,,,,,,,,,,,,,,,,,,,,,,,,,,,,,,,,,,,,,,,,,,,Yes,"Dunn's Depot Trail, North Yarmouth, ME USA",Yes,,,,,,,,,,,,,,,,,,,,,,,,,,,,,,,,,,,,,,,,,,,,,,,,,,,,,,,,,,,,,,,,,,,,,,,,,,,,,,,,,,,,,,,,,,,,,,,,,,,,,,,,,,,,,,,
2/19/26 9:27,2/19/26 9:43,IP Address,26,964,False,2/26/26 9:43,R_3fxbfzneNp2w3BP,anonymous,EN,I Agree,Invasive plant management ,Less than 2 years,City/Municipal Government,,Yes,,,,,,,,,,,,,,,,,,,,,,,,,,,,,,,,,,,,,,,,,,,,,,,,,,,,,,,,,,,,,,,,,,,,,,,,,,,,,,,,,,,,,,,,,,,,,,,,,,,,,,,,,,,,,,,,,,,,,,,,,,,No,,,,,,,,,,,,,,,,,,,,,,,,,,,,,,,,,,,,,,Yes,"Dora Kelley Park, Alexandria, VA USA",Yes,Foliar spray,Foliar spray,,,,,March,November,,,No,,No,,,Yes,,,,,,,,,,,,,,,,,,,,,,,,,,,,,,,,,,,,,,,,,,,,,,,,,,,,,,,,,,,,,,,,,,,,,,,,,,,,,,,,,,,,,,,,,,,,,,,,,,,,,,,,,,,,,,,,,,,,,,,,,,,,,,,,,,,,,
2/19/26 9:40,2/19/26 9:45,IP Address,9,333,False,2/26/26 9:45,R_6o15GGjgmAdaYPD,anonymous,EN,I Agree,Invasive plant management ,10+ years,State Government,,Yes,,,,,,,,,,,,,,,,,,,,,,,,,,,,,,,,,,,,,,,,,,,,,,,,,,,,,,,,,,,,,,,,,,,,,,,,,,,,,,,,,,,,,,,,,,,,,,,,,,,,,,,,,,,,,,,,,,,,,,,,,,,,,,,,,,,,,,,,,,,,,,,,,,,,,,,,,,,,,,,,,Yes,,,,,,,,,,,,,,,,,,,,,,,,,,,,,,,,,,,,,,,,,,,,,,,,,,,,,,,,,,,,,,,,,,,,,,,,,,,,,,,,,,,,,,,,,,,,,,,,,,,,,,,,,,,,,,,,,,,,,,,,,,,,,,,,,,,,,,,,,,,,,,,,,,,,,,,
2/26/26 10:07,2/26/26 10:30,IP Address,100,1417,True,2/26/26 10:30,R_67kivzE9a2s9zZ7,anonymous,EN,I Agree,Invasive plant management ,6 to 10 years,Nongovernmental Organization,,Yes,1,3,6,4,5,2,7,8,,Yes - we monitor invasive plant populations post-treatment,"If yes, please provide your name and email",Alex Wahlstrom- awahlstrom@franklinlandtrust.org,"Asiatic bittersweet (Celastrus orbiculatus),Bush Honeysuckle (Lonicera maackii, morrowii, tatarica or X bella),Multiflora rose (Rosa multiflora),Autumn-Olive (Elaeagnus umbellata),Barberry  (Berberis thunbergii),Buckthorn (Rhamnus cathartica)",I don't know,I don't know,,,I don't know,,I don't know,I don't know,,,I don't know,,,,,,,,,,,,More or less frequently for other reasons,More or less frequently for other reasons,,,More or less frequently for other reasons,,More or less frequently for other reasons,More or less frequently for other reasons,,,More or less frequently for other reasons,,,,,,,,,,,,2,2,,,2,,1,2,,,1,,,,,,,,,,,,Network of sites within one state/province,,Massachusetts,No,,No,,,,,,,,,,,,,,,,,,,,,,,,,,,,,,,,,,,,,,No,,,,,,,,,,,,,,,,,,,,,,,,,,,,,,,,,,,,,,No,,,,,,,,,,,,,,,,,,,,,,,,,,,,,,,,,,,,,,Yes,"Crowningshield Conservation Area, Heath, MA USA",No,,,,,,,,,,,,,,,,Yes,"Mowing, cutting, or other form of removing aboveground biomass",,June,September,15,30,No,,No,,3,Every 1-2 months,,0,Slow population spread,,Moderately effective,No,I am working on getting my Pesticide Applicator License and plan on using cut and dab herbicide application in the future. ,No,,,,,,,,,,,,,,,,,,,,,,,,,,,,,,,,,,,,,,No,,,,,,,,,,,,,,,,,,,,,,,,,,,,,,,,,,,,,
2/19/26 10:47,2/19/26 10:54,IP Address,22,377,False,2/26/26 10:54,R_7QcRDSoOG1qmQP4,anonymous,EN,I Agree,Invasive plant management ,2 to 5 years,State Government,,Yes,,,,,,,,,,,,,,,,,,,,,,,,,,,,,,,,,,,,,,,,,,,,,,,,,,,,,,,,,,,,,,,,,,,,,,,,,,,,,,,,,,,,,,,,,,,,,,,,,,,,,,,,,,,,,,,,,,,,,,,,,,,,,,,,,,,,,,,,,,,,,,,,,,,,,,,,,,,,,,,,,Yes,,,,,,,,,,,,,,,,,,,,,,,,,,,,,,,,,,,,,,,,,,,,,,,,,,,,,,,,,,,,,,,,,,,,,,,,,,,,Yes,"Jones Rd, Gunpowder Falls State Park, Baltimore County, MD USA",Yes,Cut and paint,,,,,,November,November,10,11,No,,No,,1,Yes,"Mowing, cutting, or other form of removing aboveground biomass",,November,November,10,11,No,,No,,1,Once during the growing season,0,0,Decrease population size,,Slightly effective,No,"Spring foliar spray after leaf out, mow once over the growing season, paint the stumps toward the end of the growing season",,,,,,,,,,,,,,,,,,,,,,,,,,,,,,,,,,,,,,
2/19/26 11:00,2/19/26 11:04,IP Address,11,250,False,2/26/26 11:05,R_1oAPk4LY3k97Lu7,anonymous,EN,I Agree,Invasive plant management ,6 to 10 years,Nongovernmental Organization,,Yes,,,,,,,,,,,,,,,,,,,,,,,,,,,,,,,,,,,,,,,,,,,,,,,,,,,,,,,,,,,,,,,,,,,,,,,,,,,,,,,,,,,,,,,,,,,,,,,,,,,,,,,,,,,,,,,,,,,,,,,,,,,,,,,,,,,,,,,,,,,,,,,,,,,,,,,,,,,,,,,,,,,,,,,,,,,,,,,,,,,,,,,,,,,,,,,,,,,,,,,Yes,"Montauk Mountain Preserve, Montauk, NY, USA",No,,,,,,,,,,,,,,,,Yes,,,,,,,,,,,,,,,,,,,,,,,,,,,,,,,,,,,,,,,,,,,,,,,,,,,,,,,,,,,,,,,,,,,,,,,,,,,,,,,,,,,,,,,,,,,,,,,
2/19/26 12:13,2/19/26 12:17,IP Address,95,215,False,2/26/26 12:17,R_7aKbwoxpNTR2XNg,anonymous,EN,I Agree,Invasive plant management ,6 to 10 years,Industry/Private Sector,,Yes,,,,,,,,,,,,,,,,,,,,,,,,,,,,,,,,,,,,,,,,,,,,,,,,,,,,,,,,,,,,,,,,,,,,,,,,,,,,,,,,,,,,,Yes,"Poverty Lane Orchards, Lebanon, NH",No,,,,,,,,,,,,,,,,No,,,,,,,,,,,,,,,,,,,,,,,,,,,,,,,,,,,,,,,,,,,,,,,,,,,,,,,,,,,,,,,,,,,,,,,,,,,,,,,,,,,,,,,,,,,,,,,,,,,,,,,,,,,,,,,,,,,,,,,,,,,,,,,,,,,,,,,,,,,,,,,,,,,,,,,,,,,,,,,,,,,,,,,,,,,,,,,,,,,,,,,,,,,,,,,,,,,,,,,,,,,,,,,,,
2/19/26 12:59,2/19/26 13:02,IP Address,22,172,False,2/26/26 13:02,R_70VJpqcnyAnkhrd,anonymous,EN,I Agree,Invasive plant management ,10+ years, Federal Government,,Yes,,,,,,,,,,,,,,,,,,,,,,,,,,,,,,,,,,,,,,,,,,,,,,,,,,,,,,,,,,,,,,,,,,,,,,,,,,,,,,,,,,,,,,,,,,,,,,,,,,,,,,,,,,,,,,,,,,,,,,,,,,,,,,,,,,,,,,,,,,,,,,,,,,,,,,,,,,,,,,,,,,,,,,,,,,,,,,,,,,,,,,,,,,,,,,,,,,,,,,,Yes,,,,,,,,,,,,,,,,,,,,,,,,,,,,,,,,,,,,,,,,,,,,,,,,,,,,,,,,,,,,,,,,,,,,,,,,,,,,Yes,,Yes,"Foliar spray,Cut and paint",,,,,,May,October,1,30,No,,No,,1,Yes,"Hand pulling, digging, or other form of removal of both above and belowground biomass",,September,September,15,15,No,,No,,1,Once during the growing season,0,0,Decrease population size,,Moderately effective,Yes,
2/19/26 13:14,2/19/26 13:16,IP Address,11,109,False,2/26/26 13:16,R_7VkJOJfqQVQIeaJ,anonymous,EN,I Agree,Invasive plant management ,10+ years,Nongovernmental Organization,,Yes,,,,,,,,,,,,,,,,,,,,,,,,,,,,,,,,,,,,,,,,,,,,,,,,,,,,,,,,,,,,,,,,,,,,,,,,,,,,,,,,,,,,,,,,,,,,,,,,,,,,,,,,,,,,,,,,,,,,,,,,,,,Yes,"Floracliff Nature Sanctuary, Lexington, KY USA ",No,,,,,,,,,,,,,,,,Yes,,,,,,,,,,,,,,,,,,,,,,,,,,,,,,,,,,,,,,,,,,,,,,,,,,,,,,,,,,,,,,,,,,,,,,,,,,,,,,,,,,,,,,,,,,,,,,,,,,,,,,,,,,,,,,,,,,,,,,,,,,,,,,,,,,,,,,,,,,,,,,,,,,,,,,,,,,,,,,,,,,,,,,,,,,,
2/19/26 13:14,2/19/26 13:26,IP Address,4,716,False,2/26/26 13:26,R_6lTHjtkh1sEDnI5,anonymous,EN,I Agree,Invasive plant management ,10+ years,City/Municipal Government,,"No, but I managed other invasive plant species",2,4,7,3,6,5,1,8,,Yes - we monitor invasive plant populations post-treatment,No,,"Asiatic bittersweet (Celastrus orbiculatus),Bush Honeysuckle (Lonicera maackii, morrowii, tatarica or X bella),Multiflora rose (Rosa multiflora),Autumn-Olive (Elaeagnus umbellata),Barberry  (Berberis thunbergii),Norway maple (Acer platanoides),Privet (Ligustrum sp.),Tree of heaven (AiIanthus altissima)",,,,,,,,,,,,,,,,,,,,,,,,,,,,,,,,,,,,,,,,,,,,,,,,,,,,,,,,,,,,,,,,,,,,,,,,,,,,,,,,,,,,,,,,,,,,,,,,,,,,,,,,,,,,,,,,,,,,,,,,,,,,,,,,,,,,,,,,,,,,,,,,,,,,,,,,,,,,,,,,,,,,,,,,,,,,,,,,,,,,,,,,,,,,,,,,,,,,,,,,,,,,,,,,,,,,,,,,,,,,,,,,,,,,,,,,,,,,,,,,,,,,,,,,,,,,,,,,,,,,,,,,,,,,,,,,,,,,,,,,,,,,,,,,,,,,,,,,,,,
2/19/26 13:24,2/19/26 13:28,IP Address,9,239,False,2/26/26 13:28,R_1R7LLAFJb1LBMUs,anonymous,EN,I Agree,"Other (I work with invasive plants but not as a manager, researcher, or extension)",10+ years,City/Municipal Government,,Yes,,,,,,,,,,,,,,,,,,,,,,,,,,,,,,,,,,,,,,,,,,,,,,,,,,,,,,,,,,,,,,,,,,,,,,,,,,,,,,,,,,,,,,,,,,,,,,,,,,,,,,,,,,,,,,,,,,,,,,,,,,,,,,,,,,,,,,,,,,,,,,,,,,,,,,,,,,,,,,,,,,,,,,,,,,,,,,,,,,,,,,,,,,,,,,,,,,,,,,,,,,,,,,,,,,,,,,,,,,,,,,,,,,,,,,,,,,,,,Yes,James River Park System,Yes,,,,,,,,,,,,,,,,,,,,,,,,,,,,,,,,,,,,,,,,,,,,,,,,,,,,,,,,,,,,,,,,,,,,,,,,,
2/26/26 13:29,2/26/26 13:39,IP Address,100,616,True,2/26/26 13:39,R_3Ed8zccgOdxwidw,anonymous,EN,I Agree,"Other (I work with invasive plants but not as a manager, researcher, or extension)",10+ years,City/Municipal Government,,Yes,3,6,7,2,1,4,5,8,,No,"If yes, please provide your name and email","Sarah Fortune, sfortune.conservation@gmail.com ","Asiatic bittersweet (Celastrus orbiculatus),Bush Honeysuckle (Lonicera maackii, morrowii, tatarica or X bella),Invasive Knotweeds (Reynoutria spp.),Multiflora rose (Rosa multiflora),Autumn-Olive (Elaeagnus umbellata),Barberry  (Berberis thunbergii),Buckthorn (Rhamnus cathartica),Japanese honeysuckle (Lonicera japonica),Phragmites australis,Privet (Ligustrum sp.)",At the same time despite changing phenology,At the same time despite changing phenology,At the same time despite changing phenology,,At the same time despite changing phenology,,At the same time despite changing phenology,At the same time despite changing phenology,,,At the same time despite changing phenology,,,At the same time despite changing phenology,,,At the same time despite changing phenology,At the same time despite changing phenology,,,,,At the same frequency despite a change in phenology,At the same frequency despite a change in phenology,At the same frequency despite a change in phenology,,At the same frequency despite a change in phenology,,At the same frequency despite a change in phenology,At the same frequency despite a change in phenology,,,At the same frequency despite a change in phenology,,,At the same frequency despite a change in phenology,,,At the same frequency despite a change in phenology,At the same frequency despite a change in phenology,,,,,,,,,,,,,,,,,,,,,,,,,,,Network of sites within one state/province,,Massachusetts,"If yes, please provide your name and email","Sarah Fortune, sfortune.conservation@gmail.com ",Yes,"Carriage Grove, Belchertown",No,,,,,,,,,,,,,,,,Yes,"Mowing, cutting, or other form of removing aboveground biomass",,June,June,1,31,No,,No,,1,Once during the growing season,49,0,Locally eradicate the population,,Moderately effective,Yes,,No,,,,,,,,,,,,,,,,,,,,,,,,,,,,,,,,,,,,,,Yes,"The Meadows Conservation Area, Belchertown",No,,,,,,,,,,,,,,,,Yes,"Mowing, cutting, or other form of removing aboveground biomass",,May,May,1,31,No,,No,,1,Once during the growing season,100,0,Locally eradicate the population,,Very effective,Yes,,No,,,,,,,,,,,,,,,,,,,,,,,,,,,,,,,,,,,,,,,,,,,,,,,,,,,,,,,,,,,,,,,,,,,,,,,,,,,,Yes,"Lake Wallace/Foley Field, Belchertown, MA",No,,,,,,,,,,,,,,,,Yes,"Mowing, cutting, or other form of removing aboveground biomass",,May,August,1,1,No,,No,,1,Every 1-2 months,50,0,Locally eradicate the population,,Moderately effective,Yes,
2/26/26 13:28,2/26/26 13:41,IP Address,100,771,True,2/26/26 13:41,R_1WTqJZcZYSTzw9r,anonymous,EN,I Agree,Invasive plant management ,10+ years,City/Municipal Government,,Yes,1,5,6,4,7,3,2,8,,Yes - we monitor native species or ecological recovery post-treatment,"If yes, please provide your name and email",dkaye@concordma.gov,"Asiatic bittersweet (Celastrus orbiculatus),Bush Honeysuckle (Lonicera maackii, morrowii, tatarica or X bella),Invasive Knotweeds (Reynoutria spp.),Multiflora rose (Rosa multiflora),Stiltgrass (Microstegium vimineum),Autumn-Olive (Elaeagnus umbellata),Barberry  (Berberis thunbergii),Black swallowwort (Vincetoxicum nigrum),Buckthorn (Rhamnus cathartica),Japanese honeysuckle (Lonicera japonica),Mugwort (Artemisia vulgaris),Norway maple (Acer platanoides),Phragmites australis,Privet (Ligustrum sp.),Tree of heaven (AiIanthus altissima)",,,,,,,,,,,,,,,,,,,,,,,,,,,,,,,,,,,,,,,,,,,,,,,,,,,,,,,,,,,,,,,,,,,Network of sites within one state/province,,Massachusetts,,,Yes,"Macone Park, Concord, MA",Yes,Stem injection,,,,,,September,September,11,17,"Yes, senescence",,"Yes, senescence",,3,Yes,Other,hardware cloth for girdling,May,May,21,29,"Yes, vegetation emergence",,No,,1,Once during the growing season,20,24,Locally eradicate the population,,Very effective,Yes,,Yes,"Heywood Meadow, Concord, MA",No,,,,,,,,,,,,,,,,Yes,"Hand pulling, digging, or other form of removal of both above and belowground biomass",,,,,,,,,,,Once during the growing season,,0,Locally eradicate the population,,Slightly effective,No,herbicide treatment and/or more active handpulling,Yes,,No,,,,,,,,,,,,,,,,Yes,"Hand pulling, digging, or other form of removal of both above and belowground biomass",,,,,,,,,,,,,,Prevent population spread,,,,,No,,,,,,,,,,,,,,,,,,,,,,,,,,,,,,,,,,,,,,No,,,,,,,,,,,,,,,,,,,,,,,,,,,,,,,,,,,,,,No,,,,,,,,,,,,,,,,,,,,,,,,,,,,,,,,,,,,,
2/19/26 13:52,2/19/26 14:06,IP Address,97,855,False,2/26/26 14:06,R_3OGBM6o4yQRvwEn,anonymous,EN,I Agree,Invasive plant management ,10+ years,State Government,,Yes,7,3,2,4,5,1,6,8,,Yes - we monitor invasive plant populations post-treatment,No,,"Asiatic bittersweet (Celastrus orbiculatus),Bush Honeysuckle (Lonicera maackii, morrowii, tatarica or X bella),Invasive Knotweeds (Reynoutria spp.),Multiflora rose (Rosa multiflora),Stiltgrass (Microstegium vimineum),Autumn-Olive (Elaeagnus umbellata),Barberry  (Berberis thunbergii),Black swallowwort (Vincetoxicum nigrum),Buckthorn (Rhamnus cathartica),Chinese silver grass (Miscanthus sinensis),Himalayan balsam (Impatiens glandulifera),Japanese honeysuckle (Lonicera japonica),Mugwort (Artemisia vulgaris),Norway maple (Acer platanoides),Privet (Ligustrum sp.),Spotted knapweed (Centaurea stoebe),Tree of heaven (AiIanthus altissima),Wild parsnip (Pastinaca sativa)",,,,,,,,,,,,,,,,,,,,,,,,,,,,,,,,,,,,,,,,,,,,,,,,,,,,,,,,,,,,,,,,,,,,,,,,No,,,,,,,,,,,,,,,,,,,,,,,,,,,,,,,,,,,,,,Yes,"210 Robinhood Road, Georgetown, ME USA",No,,,,,,,,,,,,,,,,Yes,Other,String trimmers and hand pulling,September,September,3,3,"Yes, flowering",,"Yes, flowering",,1,Once during the growing season,60,150,Locally eradicate the population,,Moderately effective,No,More paid workers. Multiple days of work.,No,,,,,,,,,,,,,,,,,,,,,,,,,,,,,,,,,,,,,,Yes,"Flying Pond, Mount Vernon, ME USA",No,,,,,,,,,,,,,,,,Yes,"Mowing, cutting, or other form of removing aboveground biomass",,July,October,1,31,No,,No,,1,Weekly or more frequently,100,10,Slow population spread,,Slightly effective,No,Cut surface application of herbicide.,No,,,,,,,,,,,,,,,,,,,,,,,,,,,,,,,,,,,,,,No,,,,,,,,,,,,,,,,,,,,,,,,,,,,,,,,,,,,,
2/26/26 17:03,2/26/26 17:17,IP Address,100,802,True,2/26/26 17:17,R_7ZUfZ0EoHO82Ct3,anonymous,EN,I Agree,Invasive plant management ,6 to 10 years,Industry/Private Sector,,Yes,4,3,1,7,6,2,5,8,,Yes - we monitor both invasive plant populations and native recovery post-treatment,No,,"Asiatic bittersweet (Celastrus orbiculatus),Bush Honeysuckle (Lonicera maackii, morrowii, tatarica or X bella),Invasive Knotweeds (Reynoutria spp.),Multiflora rose (Rosa multiflora),Black swallowwort (Vincetoxicum nigrum)",Starting earlier or ending later for other reasons,Starting earlier or ending later for other reasons,Starting earlier or ending later for other reasons,,Starting earlier or ending later for other reasons,,,,,Starting earlier or ending later for other reasons,,,,,,,,,,,,,More or less frequently for other reasons,At the same frequency due to no change in phenology,More frequently due to changing phenology,,More frequently due to changing phenology,,,,,More frequently due to changing phenology,,,,,,,,,,,,,10,3,10,,10,,,,,2,,,,,,,,,,,,,Network of sites within one state/province,,Rhode Island,No,,No,,,,,,,,,,,,,,,,,,,,,,,,,,,,,,,,,,,,,,No,,,,,,,,,,,,,,,,,,,,,,,,,,,,,,,,,,,,,,Yes,"Barrington, RI",No,,,,,,,,,,,,,,,,Yes,"Hand pulling, digging, or other form of removal of both above and belowground biomass",,June,October,,,No,,No,,3,Every 2-4 weeks,,,,,Moderately effective,Yes,,Yes,"Tiverton, RI",Yes,"Foliar spray,Cut and paint",,,,,,May,July,15,25,"Yes, vegetation emergence",,"Yes, senescence",,2,Yes,"Hand pulling, digging, or other form of removal of both above and belowground biomass",,May,September,26,30,No,,No,,2,Every 1-2 months,9,10,Locally eradicate the population,,Very effective,Yes,,No,,,,,,,,,,,,,,,,,,,,,,,,,,,,,,,,,,,,,,No,,,,,,,,,,,,,,,,,,,,,,,,,,,,,,,,,,,,,
2/26/26 17:10,2/26/26 17:22,IP Address,100,717,True,2/26/26 17:22,R_7LtBVQF3oMdXK43,anonymous,EN,I Agree,Invasive plant management ,10+ years,City/Municipal Government,,Yes,1,5,7,2,3,6,4,8,,Yes - we monitor both invasive plant populations and native recovery post-treatment,"If yes, please provide your name and email",,"Asiatic bittersweet (Celastrus orbiculatus),Bush Honeysuckle (Lonicera maackii, morrowii, tatarica or X bella),Multiflora rose (Rosa multiflora),Buckthorn (Rhamnus cathartica),Tree of heaven (AiIanthus altissima)",I don't know,I don't know,,,I don't know,,,,,,I don't know,,,,,,,,,,I don't know,,I don’t know,I don’t know,,,I don’t know,,,,,,I don’t know,,,,,,,,,,I don’t know,,15,2,,,15,,,,,,15,,,,,,,,,,2,,Network of sites within one state/province,,Rhode Island,No,,No,,,,,,,,,,,,,,,,,,,,,,,,,,,,,,,,,,,,,,No,,,,,,,,,,,,,,,,,,,,,,,,,,,,,,,,,,,,,,Yes,"Lawton Farm, Scituate, RI USA",Yes,Cut and paint,Cut and paint,,,,,August,August,12,13,No,,No,,1,No,,,,,,,,,,,,,,,Decrease population size,,Moderately effective,No,"Use less herbicides, more mechanical removal.",Yes,"Lawton Farm, Scituate, RI USA",Yes,Cut and paint,,,,,,August,August,12,13,No,,No,,1,No,,,,,,,,,,,,,,,Decrease population size,,Moderately effective,Yes,,No,,,,,,,,,,,,,,,,,,,,,,,,,,,,,,,,,,,,,,Yes,"Lawton Farm, Scituate, RI USA",Yes,Cut and paint,,,,,,August,August,12,13,No,,No,,1,No,,,,,,,,,,,,,,,Decrease population size,,Very effective,Yes,
2/26/26 16:57,2/26/26 17:23,IP Address,100,1526,True,2/26/26 17:23,R_6v6zS7fh3pNYONc,anonymous,EN,I Agree,"Other (I work with invasive plants but not as a manager, researcher, or extension)",2 to 5 years,Other,Land owner,Yes,2,6,4,5,1,3,7,8,,Yes - we monitor both invasive plant populations and native recovery post-treatment,No,,"Asiatic bittersweet (Celastrus orbiculatus),Invasive Knotweeds (Reynoutria spp.),Multiflora rose (Rosa multiflora),Barberry  (Berberis thunbergii),Buckthorn (Rhamnus cathartica),Japanese honeysuckle (Lonicera japonica)",,,,,,,,,,,,,,,,,,,,,,,,,,,,,,,,,,,,,,,,,,,,,2,,2,,2,,,2,,,2,,,2,,,,,,,,,Single site,,Rhode Island,No,,No,,,,,,,,,,,,,,,,,,,,,,,,,,,,,,,,,,,,,,,,,,,,,,,,,,,,,,,,,,,,,,,,,,,,,,,,,,,,Yes,"Sakonnet Bluffs, Portsmouth, RI",Yes,,Cut and paint,,,,,March,March,1,30,No,,No,,1,Yes,"Hand pulling, digging, or other form of removal of both above and belowground biomass",,April,April,1,1,No,,No,,1,Once during the growing season,91,24,Locally eradicate the population,,Very effective,Yes,,No,,,,,,,,,,,,,,,,,,,,,,,,,,,,,,,,,,,,,,,,,,,,,,,,,,,,,,,,,,,,,,,,,,,,,,,,,,,,Yes,"Sakonnet Bluffs, Portsmouth, RI",Yes,,Cut and paint,,,,,March,March,1,1,No,,No,,1,Yes,"Hand pulling, digging, or other form of removal of both above and belowground biomass",,March,March,1,1,No,,No,,1,Once during the growing season,50,16,Locally eradicate the population,,Slightly effective,Yes,
2/19/26 17:31,2/19/26 17:34,IP Address,11,225,False,2/26/26 17:34,R_7ruVXN9zGGFj8PP,anonymous,EN,I Agree,Invasive plant management ,10+ years,Nongovernmental Organization,,Yes,,,,,,,,,,,,,,,,,,,,,,,,,,,,,,,,,,,,,,,,,,,,,,,,,,,,,,,,,,,,,,,,,,,,,,,,,,,,,,,,,,,,,,,,,,,,,,,,,,,,,,,,,,,,,,,,,,,,,,,,,,,,,,,,,,,,,,,,,,,,,,,,,,,,,,,,,,,,,,,,,,,,,,,,,,,,,,,,,,,,,,,,,,,,,,,,,,,,,,,Yes,"Fernbrook Natural Area near Charlottesville, VA",No,,,,,,,,,,,,,,,,,,,,,,,,,,,,,,,,,,,,,,,,,,,,,,,,,,,,,,,,,,,,,,,,,,,,,,,,,,,,,,,,,,,,,,,,,,,,,,,,,,,,,,,,,,,,,,,
2/19/26 17:45,2/19/26 17:46,IP Address,1,21,False,2/26/26 17:46,R_3yyfFWg95WycPex,anonymous,EN,I Agree,"Other (I work with invasive plants but not as a manager, researcher, or extension)",,,,,,,,,,,,,,,,,,,,,,,,,,,,,,,,,,,,,,,,,,,,,,,,,,,,,,,,,,,,,,,,,,,,,,,,,,,,,,,,,,,,,,,,,,,,,,,,,,,,,,,,,,,,,,,,,,,,,,,,,,,,,,,,,,,,,,,,,,,,,,,,,,,,,,,,,,,,,,,,,,,,,,,,,,,,,,,,,,,,,,,,,,,,,,,,,,,,,,,,,,,,,,,,,,,,,,,,,,,,,,,,,,,,,,,,,,,,,,,,,,,,,,,,,,,,,,,,,,,,,,,,,,,,,,,,,,,,,,,,,,,,,,,,,,,,,,,,,,,,,,,,,,,,,,,,,,,,
2/26/26 18:03,2/26/26 18:17,IP Address,100,874,True,2/26/26 18:17,R_1JJfcg6oyDxaT5A,anonymous,EN,I Agree,Invasive plant management ,6 to 10 years,City/Municipal Government,,Yes,3,1,5,2,6,4,7,8,,Yes - we monitor both invasive plant populations and native recovery post-treatment,No,,"Invasive Knotweeds (Reynoutria spp.),Stiltgrass (Microstegium vimineum),Tree of heaven (AiIanthus altissima)",,,At the same time due to no change in phenology,,,At the same time due to no change in phenology,,,,,,,,,,,,,,,At the same time due to no change in phenology,,,,At the same frequency due to no change in phenology,,,At the same frequency due to no change in phenology,,,,,,,,,,,,,,,At the same frequency due to no change in phenology,,,,6,,,4,,,,,,,,,,,,,,,1,, Other (please specify),Network of sites in one municipality,Massachusetts,No,,Yes,"Captain Sargent Conservation Area, Stow, MA, USA",Yes,Foliar spray,,,,,,August,September,20,25,"Yes, other","Post flower, pre frost","Yes, senescence",,2,No,,,,,,,,,,,,,,,Decrease population size,,Very effective,Yes,,Yes,"Flagg Hill Conservation Area, Stow, MA USA",Yes,Foliar spray,,,,,,September,September,1,15,"Yes, fruit or seed set",,"Yes, fruit or seed set",,1,Yes,"Hand pulling, digging, or other form of removal of both above and belowground biomass",,September,September,1,15,"Yes, fruit or seed set",,"Yes, fruit or seed set",,2,Once during the growing season,,,Other,Understand difference between chemical treatment and hand removal on population,Moderately effective,Yes,,No,,,,,,,,,,,,,,,,,,,,,,,,,,,,,,,,,,,,,,No,,,,,,,,,,,,,,,,,,,,,,,,,,,,,,,,,,,,,,No,,,,,,,,,,,,,,,,,,,,,,,,,,,,,,,,,,,,,,No,,,,,,,,,,,,,,,,,,,,,,,,,,,,,,,,,,,,,
2/26/26 18:31,2/26/26 18:54,IP Address,100,1353,True,2/26/26 18:54,R_11o17QfsvfWApgk,anonymous,EN,I Agree,Invasive plant management ,2 to 5 years,Other,Non-profit,Yes,,,,,,,,,,,,,"Asiatic bittersweet (Celastrus orbiculatus),Bush Honeysuckle (Lonicera maackii, morrowii, tatarica or X bella),Invasive Knotweeds (Reynoutria spp.),Multiflora rose (Rosa multiflora),Autumn-Olive (Elaeagnus umbellata),Barberry  (Berberis thunbergii),Black swallowwort (Vincetoxicum nigrum),Buckthorn (Rhamnus cathartica),Japanese honeysuckle (Lonicera japonica),Mugwort (Artemisia vulgaris),Norway maple (Acer platanoides),Privet (Ligustrum sp.),Scotch broom (Cytisus scoparius),Tree of heaven (AiIanthus altissima)",,,,,,,,,,,,,,,,,,,,,,,,,,,,,,,,,,,,,,,,,,,,,,,,,,,,,,,,,,,,,,,,,,,,,,No,,Yes,"Providence, Johnston, and Smithfield, RI",No,,,,,,,,,,,,,,,,Yes,"Hand pulling, digging, or other form of removal of both above and belowground biomass",,May,November,15,1,"Yes, vegetation emergence",,No,,6,Every 1-2 months,5,20,Slow population spread,,Moderately effective,No,More consistent and rigorous management.,No,,,,,,,,,,,,,,,,,,,,,,,,,,,,,,,,,,,,,,Yes,"Providence, Johnston, and Smithfield, RI",No,,,,,,,,,,,,,,,,Yes,"Hand pulling, digging, or other form of removal of both above and belowground biomass",,April,November,1,1,No,,No,,,Every 1-2 months,,0,Locally eradicate the population,,Moderately effective,No,More frequent and rigorous management.,Yes,"Providence, RI",No,,,,,,,,,,,,,,,,Yes,"Hand pulling, digging, or other form of removal of both above and belowground biomass",,April,November,1,1,No,,No,,,Once during the growing season,,0,Prevent population spread,,Moderately effective,No,More frequent and rigorous management.,"Yes, but I’m out of time - take me to the last section",,,,,,,,,,,,,,,,,,,,,,,,,,,,,,,,,,,,,,No,,,,,,,,,,,,,,,,,,,,,,,,,,,,,,,,,,,,,
2/20/26 8:19,2/20/26 8:22,IP Address,23,148,False,2/27/26 8:22,R_6lmHqDoeOsHSoaS,anonymous,EN,I Agree,Invasive plant management ,10+ years,Nongovernmental Organization,,Yes,,,,,,,,,,,,,,,,,,,,,,,,,,,,,,,,,,,,,,,,,,,,,,,,,,,,,,,,,,,,,,,,,,,,,,,,,,,,,,,,,,,,,,,,,,,,,,,,,,,,,,,,,,,,,,,,,,,,,,,,,,,No,,,,,,,,,,,,,,,,,,,,,,,,,,,,,,,,,,,,,,Yes,"Chapin Barrens, Wales, MA",Yes,,,,,,,,,,,,,,,,,,,,,,,,,,,,,,,,,,,,,,,,,,,,,,,,,,,,,,,,,,,,,,,,,,,,,,,,,,,,,,,,,,,,,,,,,,,,,,,,,,,,,,,,,,,,,,,,,,,,,,,,,,,,,,,,,,,,,,,,,,,,,,,,,,,,,
2/27/26 8:03,2/27/26 8:22,IP Address,100,1147,True,2/27/26 8:22,R_5H6Li12o7rFfCKo,anonymous,EN,I Agree,Invasive plant management ,10+ years,Industry/Private Sector,,Yes,6,7,2,3,5,1,4,8,,No,"If yes, please provide your name and email","suzannah Macdonald, Staghorngardening@gmail.com","Asiatic bittersweet (Celastrus orbiculatus),Bush Honeysuckle (Lonicera maackii, morrowii, tatarica or X bella),Invasive Knotweeds (Reynoutria spp.),Multiflora rose (Rosa multiflora),Barberry  (Berberis thunbergii),Black swallowwort (Vincetoxicum nigrum),Chinese silver grass (Miscanthus sinensis),Japanese honeysuckle (Lonicera japonica),Mugwort (Artemisia vulgaris),Norway maple (Acer platanoides),Privet (Ligustrum sp.),Tree of heaven (AiIanthus altissima)","Treatment starting earlier due to changing phenology,Treatment ending later due to changing phenology",I don't know,Treatment ending later due to changing phenology,,I don't know,,,I don't know,,"Treatment starting earlier due to changing phenology,Treatment ending later due to changing phenology",,"Other,I don't know",,"Other,I don't know","Treatment starting earlier due to changing phenology,Treatment ending later due to changing phenology",I don't know,,I don't know,,,"Treatment starting earlier due to changing phenology,Treatment ending later due to changing phenology",,More frequently due to changing phenology,At the same frequency despite a change in phenology,More frequently due to changing phenology,,At the same frequency despite a change in phenology,,,At the same frequency due to no change in phenology,,More frequently due to changing phenology,,More frequently due to changing phenology,,More frequently due to changing phenology,More frequently due to changing phenology,I don’t know,,I don’t know,,,I don’t know,,10,6,6,,10,,,3,,10,,10,,6,10,3,,10,,,1,,Network of sites within one state/province,,Rhode Island,"If yes, please provide your name and email","Suzannah Macdonald, Staghorngardening@gmail.com",Yes,"Webster Avenue, Newport, RI, USA",Yes,"Cut and paint,Hack and squirt,Stem injection",,,,,,September,October,15,31,"Yes, dormancy",,"Yes, dormancy",,3,Yes,Solarization or other form of smothering plants,,August,September,1,1,"Yes, fruit or seed set",,"Yes, dormancy",,1,Once during the growing season,0,35,Locally eradicate the population,,Very effective,No,I would remove the top 4” layer of stone gravel to view how may offshoots were developing. ,No,,,,,,,,,,,,,,,,,,,,,,,,,,,,,,,,,,,,,,Yes,"North Kingstown, RI, USA ",Yes,Cut and paint,,,,,,October,November,1,31,"Yes, dormancy",,"Yes, dormancy",,4,Yes,"Hand pulling, digging, or other form of removal of both above and belowground biomass",,July,November,1,31,"Yes, flowering",,"Yes, dormancy",,6,Every 2-4 weeks,,0,Locally eradicate the population,,Very effective,No,N/a,No,,,,,,,,,,,,,,,,,,,,,,,,,,,,,,,,,,,,,,No,,,,,,,,,,,,,,,,,,,,,,,,,,,,,,,,,,,,,,No,,,,,,,,,,,,,,,,,,,,,,,,,,,,,,,,,,,,,
2/27/26 8:55,2/27/26 8:56,IP Address,100,46,True,2/27/26 8:56,R_1IK1zmHYH4eQYCk,anonymous,EN,I Agree,"Other (I work with invasive plants but not as a manager, researcher, or extension)",10+ years,Industry/Private Sector,,"No, I do not actively manage invasive plant species",,,,,,,,,,,,,,,,,,,,,,,,,,,,,,,,,,,,,,,,,,,,,,,,,,,,,,,,,,,,,,,,,,,,,,,,,,,,,,,,,,,,,,,,,,,,,,,,,,,,,,,,,,,,,,,,,,,,,,,,,,,,,,,,,,,,,,,,,,,,,,,,,,,,,,,,,,,,,,,,,,,,,,,,,,,,,,,,,,,,,,,,,,,,,,,,,,,,,,,,,,,,,,,,,,,,,,,,,,,,,,,,,,,,,,,,,,,,,,,,,,,,,,,,,,,,,,,,,,,,,,,,,,,,,,,,,,,,,,,,,,,,,,,,,,,,,,,,,,,,,,,,,,,,,,,,
2/20/26 10:12,2/20/26 10:16,IP Address,15,269,False,2/27/26 10:17,R_5Wq0E6HaA5m9qff,anonymous,EN,I Agree,Invasive plant management ,2 to 5 years,Industry/Private Sector,,Yes,,,,,,,,,,,,,,,,,,,,,,,,,,,,,,,,,,,,,,,,,,,,,,,,,,,,,,,,,,,,,,,,,,,,,,,,,,,,,,,,,,,,,Yes,"Catonsville, Maryland",No,,,,,,,,,,,,,,,,Yes,"Hand pulling, digging, or other form of removal of both above and belowground biomass",,May,May,12,24,No,,No,,1,Once during the growing season,0,0,,,,,,,,,,,,,,,,,,,,,,,,,,,,,,,,,,,,,,,,,,,,,,,,,,,,,,,,,,,,,,,,,,,,,,,,,,,,,,,,,,,,,,,,,,,,,,,,,,,,,,,,,,,,,,,,,,,,,,,,,,,,,,,,,,,,,,,,,,,,,,,,,,,,,,,,,,,,,,,,,,,,,,,,,,,,,,,,,,,,,,,,,,,,,,,,,,,
2/20/26 10:43,2/20/26 10:52,IP Address,48,568,False,2/27/26 10:52,R_3ARL2cDGTk7zKgA,anonymous,EN,I Agree,Invasive plant management ,2 to 5 years, Federal Government,,Yes,5,4,6,3,2,1,7,8,It depends on the species and site,Yes - we monitor both invasive plant populations and native recovery post-treatment,No,,"Asiatic bittersweet (Celastrus orbiculatus),Bush Honeysuckle (Lonicera maackii, morrowii, tatarica or X bella),Invasive Knotweeds (Reynoutria spp.),Kudzu (Pueraria montana),Multiflora rose (Rosa multiflora),Stiltgrass (Microstegium vimineum),Autumn-Olive (Elaeagnus umbellata),Barberry  (Berberis thunbergii),Black swallowwort (Vincetoxicum nigrum),Buckthorn (Rhamnus cathartica),Chinese silver grass (Miscanthus sinensis),Japanese honeysuckle (Lonicera japonica),Mugwort (Artemisia vulgaris),Norway maple (Acer platanoides),Phragmites australis,Privet (Ligustrum sp.),Spotted knapweed (Centaurea stoebe),Tree of heaven (AiIanthus altissima)",,,,,,,,,,,,,,,,,,,,,,,,,,,,,,,,,,,,,,,,,,,,,,,,,,,,,,,,,,,,,,,,,,,,,,,,Yes,"Upper Delaware Scenic & Recreational River, NJ USA",Yes,,,,Foliar spray,,,,,,,,,,,1,No,,,,,,,,,,,,,,,Locally eradicate the population,,Extremely effective,Yes,,,,,,,,,,,,,,,,,,,,,,,,,,,,,,,,,,,,,,,,,,,,,,,,,,,,,,,,,,,,,,,,,,,,,,,,,,,,,,"Yes, but I’m out of time - take me to the last section",,,,,,,,,,,,,,,,,,,,,,,,,,,,,,,,,,,,,,,,,,,,,,,,,,,,,,,,,,,,,,,,,,,,,,,,,,,,Yes,"Delaware Water Gap National Recreation Area, PA USA",Yes,Cut and paint,Foliar spray,,,,,May,July,1,15,,,,,2,No,,,,,,,,,,,,,,,Decrease population size,,Very effective,Yes,
2/20/26 13:08,2/20/26 13:19,IP Address,77,639,False,2/27/26 13:19,R_6LLpweNUzNwXVK0,anonymous,EN,I Agree,Invasive plant management ,10+ years,State Government,,Yes,2,3,6,4,5,7,1,8,,No,No,,"Asiatic bittersweet (Celastrus orbiculatus),Bush Honeysuckle (Lonicera maackii, morrowii, tatarica or X bella),Invasive Knotweeds (Reynoutria spp.),Multiflora rose (Rosa multiflora),Autumn-Olive (Elaeagnus umbellata),Barberry  (Berberis thunbergii),Buckthorn (Rhamnus cathartica),Japanese honeysuckle (Lonicera japonica),Norway maple (Acer platanoides),Phragmites australis,Spotted knapweed (Centaurea stoebe),Wild parsnip (Pastinaca sativa)",,,,,,,,,,,,,,,,,,,,,,,,,,,,,,,,,,,,,,,,,,,,,,,,,,,,,,,,,,,,,,,,,,,,,,,,Yes,"Private Land, Franklin,  Vermont USA",Yes,Foliar spray,Foliar spray,,,,,August,September,1,1,"Yes, vegetation emergence",,"Yes, dormancy",,1,No,,,,,,,,,,,,,,,Slow population spread,,Slightly effective,Yes,,No,,,,,,,,,,,,,,,,,,,,,,,,,,,,,,,,,,,,,,"Yes, but I’m out of time - take me to the last section",,,,,,,,,,,,,,,,,,,,,,,,,,,,,,,,,,,,,,Yes,"Colchester Pond, Colchester, Vermont USA ",Yes,"Foliar spray,Cut and paint",,,,,,August,November,15,1,"Yes, fruit or seed set",,"Yes, dormancy",,1,Yes,"Mowing, cutting, or other form of removing aboveground biomass",,December,April,1,1,"Yes, dormancy",,"Yes, dormancy",,1,,,0,Decrease population size,,Moderately effective,Yes,,No,,,,,,,,,,,,,,,,,,,,,,,,,,,,,,,,,,,,,,,,,,,,,,,,,,,,,,,,,,,,,,,,,,,,,,,,,,,
2/20/26 14:08,2/20/26 14:09,IP Address,2,63,False,2/27/26 14:09,R_7m7C7EaiBeZJQaV,anonymous,EN,I Agree,Invasive plant management ,10+ years,State Government,,"No, but I managed other invasive plant species",,,,,,,,,,,,,,,,,,,,,,,,,,,,,,,,,,,,,,,,,,,,,,,,,,,,,,,,,,,,,,,,,,,,,,,,,,,,,,,,,,,,,,,,,,,,,,,,,,,,,,,,,,,,,,,,,,,,,,,,,,,,,,,,,,,,,,,,,,,,,,,,,,,,,,,,,,,,,,,,,,,,,,,,,,,,,,,,,,,,,,,,,,,,,,,,,,,,,,,,,,,,,,,,,,,,,,,,,,,,,,,,,,,,,,,,,,,,,,,,,,,,,,,,,,,,,,,,,,,,,,,,,,,,,,,,,,,,,,,,,,,,,,,,,,,,,,,,,,,,,,,,,,,,,,,,
2/20/26 14:13,2/20/26 14:14,IP Address,26,77,False,2/27/26 14:14,R_5qUrwQvpvR9WCbu,anonymous,EN,I Agree,Invasive plant management ,2 to 5 years,Nongovernmental Organization,,Yes,,,,,,,,,,,,,,,,,,,,,,,,,,,,,,,,,,,,,,,,,,,,,,,,,,,,,,,,,,,,,,,,,,,,,,,,,,,,,,,,,,,,,,,,,,,,,,,,,,,,,,,,,,,,,,,,,,,,,,,,,,,No,,,,,,,,,,,,,,,,,,,,,,,,,,,,,,,,,,,,,,Yes,"Riverview Park, Charlottesville, VA USA",No,,,,,,,,,,,,,,,,Yes,,,,,,,,,,,,,,,,,,,,,,,,,,,,,,,,,,,,,,,,,,,,,,,,,,,,,,,,,,,,,,,,,,,,,,,,,,,,,,,,,,,,,,,,,,,,,,,,,,,,,,,,,,,,,,,,,,,,,,,,,,,,,,,,,,,,,
2/27/26 8:35,2/27/26 14:43,IP Address,100,22061,True,2/27/26 14:43,R_5rdlHlOy7XfBCJX,anonymous,EN,I Agree,Invasive plant management ,6 to 10 years,State Government,,Yes,5,1,6,2,4,7,8,3,low tick numbers,No,No,,"Asiatic bittersweet (Celastrus orbiculatus),Bush Honeysuckle (Lonicera maackii, morrowii, tatarica or X bella),Multiflora rose (Rosa multiflora),Autumn-Olive (Elaeagnus umbellata),Barberry  (Berberis thunbergii),Black swallowwort (Vincetoxicum nigrum),Buckthorn (Rhamnus cathartica),Japanese honeysuckle (Lonicera japonica),Phragmites australis,Tree of heaven (AiIanthus altissima)",At the same time despite changing phenology,At the same time despite changing phenology,,,At the same time despite changing phenology,,At the same time despite changing phenology,At the same time despite changing phenology,,At the same time despite changing phenology,At the same time despite changing phenology,,,At the same time despite changing phenology,,,At the same time despite changing phenology,,,,At the same time despite changing phenology,,At the same frequency despite a change in phenology,At the same frequency despite a change in phenology,,,At the same frequency despite a change in phenology,,At the same frequency despite a change in phenology,At the same frequency despite a change in phenology,,At the same frequency despite a change in phenology,At the same frequency despite a change in phenology,,,At the same frequency despite a change in phenology,,,At the same frequency despite a change in phenology,,,,At the same frequency despite a change in phenology,,5,5,,,5,,5,5,,5,5,,,5,,,5,,,,5,,Network of sites within one state/province,,Rhode Island,No,,No,,,,,,,,,,,,,,,,,,,,,,,,,,,,,,,,,,,,,,No,,,,,,,,,,,,,,,,,,,,,,,,,,,,,,,,,,,,,,Yes,Rhode Island,Yes,Cut and paint,Cut and paint,,,,,September,November,15,15,"Yes, senescence",,"Yes, senescence",,1,Yes,"Mowing, cutting, or other form of removing aboveground biomass",,September,November,15,15,"Yes, senescence",,"Yes, senescence",,1,Once during the growing season,20,0,Locally eradicate the population,,Moderately effective,Yes,,Yes,Rhode Island,Yes,Cut and paint,Cut and paint,,,,,September,November,15,15,"Yes, senescence",,"Yes, senescence",,1,Yes,"Mowing, cutting, or other form of removing aboveground biomass",,September,November,15,15,"Yes, senescence",,"Yes, senescence",,1,Once during the growing season,20,20,Locally eradicate the population,,Moderately effective,Yes,,No,,,,,,,,,,,,,,,,,,,,,,,,,,,,,,,,,,,,,,Yes,Rhode Island,Yes,Cut and paint,Cut and paint,,,,,September,November,15,15,"Yes, senescence",,"Yes, senescence",,1,Yes,"Mowing, cutting, or other form of removing aboveground biomass",,September,November,15,15,"Yes, senescence",,"Yes, senescence",,1,Once during the growing season,20,20,Locally eradicate the population,,Moderately effective,Yes,
2/27/26 14:32,2/27/26 14:57,IP Address,100,1521,True,2/27/26 14:57,R_5P7oHOKNRPxEdVi,anonymous,EN,I Agree,Invasive plant management ,10+ years,Nongovernmental Organization,,Yes,1,3,4,2,6,7,5,8,,No,No,,"Asiatic bittersweet (Celastrus orbiculatus),Bush Honeysuckle (Lonicera maackii, morrowii, tatarica or X bella),Invasive Knotweeds (Reynoutria spp.),Multiflora rose (Rosa multiflora),Autumn-Olive (Elaeagnus umbellata),Barberry  (Berberis thunbergii),Black pine (Pinus thunbergii),Buckthorn (Rhamnus cathartica),Japanese honeysuckle (Lonicera japonica),Mugwort (Artemisia vulgaris),Norway maple (Acer platanoides),Phragmites australis,Tree of heaven (AiIanthus altissima)",I don't know,I don't know,I don't know,,I don't know,,I don't know,I don't know,I don't know,,I don't know,,,I don't know,I don't know,I don't know,I don't know,,,,I don't know,,I don’t know,I don’t know,I don’t know,,I don’t know,,I don’t know,I don’t know,I don’t know,,I don’t know,,,I don’t know,I don’t know,I don’t know,I don’t know,,,,I don’t know,,18,6,2,,11,,5,1,1,,5,,,1,15,18,8,,,,1,,Multi-state network of sites,,Rhode Island,No,,Yes,Cumberland RI,No,,,,,,,,,,,,,,,,Yes,"Mowing, cutting, or other form of removing aboveground biomass",,,,,,"Yes, vegetation emergence",,No,,,,,,Other,To open up the site visually to plan a larger restoration project,Not effective at all,Yes,,No,,,,,,,,,,,,,,,,,,,,,,,,,,,,,,,,,,,,,,,,,,,,,,,,,,,,,,,,,,,,,,,,,,,,,,,,,,,,Yes,Glocester RI,No,,,,,,,,,,,,,,,,Yes,"Mowing, cutting, or other form of removing aboveground biomass",,,,,,"Yes, vegetation emergence",,No,,1,Every 1-2 weeks,,,Locally eradicate the population,,Slightly effective,No,I would hire a crew of people to help me physically remove the invasives and use better tools. I'd also apply herbicide on the cut stumps immediately after they were cut.,No,,,,,,,,,,,,,,,,,,,,,,,,,,,,,,,,,,,,,,Yes,Middleborough MA,No,,,,,,,,,,,,,,,,Yes,"Hand pulling, digging, or other form of removal of both above and belowground biomass",,,,,,"Yes, other",Phenophase isn't a word I would use in a survey aimed at invasive species managers,No,,2,Once during the growing season,,,Other,prep site for native plantings,Very effective,No,I wouldn't use volunteers. They didn't listen well and were pulling up other species (poison ivy) they thought were nuisances and mis-identified native stems as multiflora rose.
2/27/26 14:45,2/27/26 15:13,IP Address,100,1639,True,2/27/26 15:13,R_7juXrkATSSXEEWR,anonymous,EN,I Agree,Invasive plant management ,2 to 5 years,Academia/University,,Yes,5,1,2,4,3,6,7,8,,Yes - we monitor both invasive plant populations and native recovery post-treatment,No,,"Asiatic bittersweet (Celastrus orbiculatus),Bush Honeysuckle (Lonicera maackii, morrowii, tatarica or X bella),Invasive Knotweeds (Reynoutria spp.),Black swallowwort (Vincetoxicum nigrum),Japanese honeysuckle (Lonicera japonica),Privet (Ligustrum sp.)",At the same time due to no change in phenology,At the same time due to no change in phenology,At the same time due to no change in phenology,,,,,,,At the same time due to no change in phenology,,,,At the same time due to no change in phenology,,,,At the same time due to no change in phenology,,,,,At the same frequency due to no change in phenology,At the same frequency due to no change in phenology,At the same frequency due to no change in phenology,,,,,,,At the same frequency due to no change in phenology,,,,At the same frequency due to no change in phenology,,,,At the same frequency due to no change in phenology,,,,,10,10,10,,,,,,,10,,,,10,,,,10,,,,,Single site,,Rhode Island,"If yes, please provide your name and email",Greg MacDonnell gmac3983@live.com,Yes,Taylor Point Jamestown RI,No,,,,,,,,,,,,,,,,Yes,"Hand pulling, digging, or other form of removal of both above and belowground biomass",,May,July,1,15,"Yes, vegetation emergence",,"Yes, senescence",,4,Every 1-2 weeks,100,24,Decrease population size,,Moderately effective,Yes,,No,,,,,,,,,,,,,,,,,,,,,,,,,,,,,,,,,,,,,,Yes,Taylor Point Jamestown RI,No,,,,,,,,,,,,,,,,Yes,"Mowing, cutting, or other form of removing aboveground biomass",,July,September,1,15,"Yes, vegetation emergence",,"Yes, dormancy",,6,Every 1-2 weeks,100,24,Locally eradicate the population,,Extremely effective,Yes,,Yes,Taylor Point Jamestown RI,No,,,,,,,,,,,,,,,,Yes,"Hand pulling, digging, or other form of removal of both above and belowground biomass",,January,December,2,24,No,,No,,24,Every 2-4 weeks,100,80,Locally eradicate the population,,Very effective,Yes,,No,,,,,,,,,,,,,,,,,,,,,,,,,,,,,,,,,,,,,,No,,,,,,,,,,,,,,,,,,,,,,,,,,,,,,,,,,,,,
2/20/26 15:12,2/20/26 15:20,IP Address,95,495,False,2/27/26 15:20,R_6TeQWnjYuiUib97,anonymous,EN,I Agree,Invasive plant management ,10+ years, Federal Government,,Yes,,,,,,,,,,,,,,,,,,,,,,,,,,,,,,,,,,,,,,,,,,,,,,,,,,,,,,,,,,,,,,,,,,,,,,,,,,,,,,,,,,,,,No,,,,,,,,,,,,,,,,,,,,,,,,,,,,,,,,,,,,,,Yes,Blackwater NWR,Yes,Foliar spray,,,,,,July,August,11,30,"Yes, vegetation emergence",,"Yes, flowering",,2,No,,,,,,,,,,,,,,,Prevent population spread,,Very effective,Yes,,No,,,,,,,,,,,,,,,,,,,,,,,,,,,,,,,,,,,,,,No,,,,,,,,,,,,,,,,,,,,,,,,,,,,,,,,,,,,,,No,,,,,,,,,,,,,,,,,,,,,,,,,,,,,,,,,,,,,,No,,,,,,,,,,,,,,,,,,,,,,,,,,,,,,,,,,,,,
2/20/26 15:48,2/20/26 15:56,IP Address,9,458,False,2/27/26 15:59,R_72Qcgs1SBusLtRG,anonymous,EN,I Agree,Invasive plant management ,10+ years,Nongovernmental Organization,,Yes,,,,,,,,,,,,,,,,,,,,,,,,,,,,,,,,,,,,,,,,,,,,,,,,,,,,,,,,,,,,,,,,,,,,,,,,,,,,,,,,,,,,,,,,,,,,,,,,,,,,,,,,,,,,,,,,,,,,,,,,,,,,,,,,,,,,,,,,,,,,,,,,,,,,,,,,,,,,,,,,,Yes,"Paris, Virginia USA",Yes,,,,,,,,,,,,,,,,,,,,,,,,,,,,,,,,,,,,,,,,,,,,,,,,,,,,,,,,,,,,,,,,,,,,,,,,,,,,,,,,,,,,,,,,,,,,,,,,,,,,,,,,,,,,,,,,,,,,,,,,,,,,,,,,,,,,,,,,,,,,,,,,,,,,,
2/20/26 16:41,2/20/26 16:52,IP Address,95,647,False,2/27/26 16:52,R_6nZmztnJcwl9AVb,anonymous,EN,I Agree,Invasive plant management ,6 to 10 years,Nongovernmental Organization,,Yes,,,,,,,,,,,,,,,,,,,,,,,,,,,,,,,,,,,,,,,,,,,,,,,,,,,,,,,,,,,,,,,,,,,,,,,,,,,,,,,,,,,,,,,,,,,,,,,,,,,,,,,,,,,,,,,,,,,,,,,,,,,,,,,,,,,,,,,,,,,,,,,,,,,,,,,,,,,,,,,,,,,,,,,,,,,,,,,,,,,,,,,,,,,,,,,,,,,,,,,Yes,"Appalachian Trail reroute, Pawling, NY 12564",Yes,,Cut and paint,,,,,May,May,30,30,No,,No,,1,Yes,"Hand pulling, digging, or other form of removal of both above and belowground biomass",,,,,,,,,,,,,,,,,,,,,,,,,,,,,,,,,,,,,,,,,,,,,,,,,,,,,,,,,,,,,,,,,,,,,,,,,,,,,,,,,,,,,,,,,,,,,,
3/1/26 21:32,3/1/26 22:11,IP Address,100,2342,True,3/1/26 22:11,R_37Vfwq15uXhdIgh,anonymous,EN,I Agree,Invasive plant management ,10+ years,Nongovernmental Organization,,Yes,1,4,5,6,2,3,7,8,,Yes - we monitor both invasive plant populations and native recovery post-treatment,"If yes, please provide your name and email",dennishwebster@hotmail.com,"Asiatic bittersweet (Celastrus orbiculatus),Bush Honeysuckle (Lonicera maackii, morrowii, tatarica or X bella),Invasive Knotweeds (Reynoutria spp.),Multiflora rose (Rosa multiflora),Autumn-Olive (Elaeagnus umbellata),Barberry  (Berberis thunbergii),Black swallowwort (Vincetoxicum nigrum),Buckthorn (Rhamnus cathartica),Chinese silver grass (Miscanthus sinensis),Japanese honeysuckle (Lonicera japonica),Privet (Ligustrum sp.)",At the same time despite changing phenology,Other,Other,,Other,,Other,Other,,Other,Other,Other,,Other,,,,"Other,I don't know",,,,,More or less frequently for other reasons,Other,More or less frequently for other reasons,,More or less frequently for other reasons,,More or less frequently for other reasons,More or less frequently for other reasons,,More or less frequently for other reasons,More or less frequently for other reasons,Other,,Other,,,,Other,,,,,8,10,7,,7,,7,7,,9,8,1,,6,,,,8,,,,,Single site,,Rhode Island,"If yes, please provide your name and email",dennishwebster@hotmail.com,Yes,"Taylor Point Nature Preserve, Jamestown, Rhode Island",No,,,,,,,,,,,,,,,,Yes,"Hand pulling, digging, or other form of removal of both above and belowground biomass",,,,,,No,,No,,4,Every 2-4 weeks,100,27,Locally eradicate the population,,Slightly effective,Yes,,No,,,,,,,,,,,,,,,,,,,,,,,,,,,,,,,,,,,,,,Yes,"Taylor Point, Jamestown, Rhode Island",No,,,,,,,,,,,,,,,,Yes,"Hand pulling, digging, or other form of removal of both above and belowground biomass",,January,December,1,31,No,,No,,12,Every 1-2 months,100,12,Locally eradicate the population,,Moderately effective,Yes,,Yes,"Taylor Point, Jamestown, Rhode Island",No,,,,,,,,,,,,,,,,Yes,"Hand pulling, digging, or other form of removal of both above and belowground biomass",,January,December,1,31,No,,No,,18,Every 2-4 weeks,100,200,Locally eradicate the population,,Very effective,Yes,,No,,,,,,,,,,,,,,,,,,,,,,,,,,,,,,,,,,,,,,Yes,"Taylor Point, Jamestown, Rhode island",No,,,,,,,,,,,,,,,,Yes,"Hand pulling, digging, or other form of removal of both above and belowground biomass",,,,,,No,,No,,1,Once during the growing season,100,2,Locally eradicate the population,,Very effective,Yes,
2/23/26 9:09,2/23/26 9:11,IP Address,9,117,False,3/2/26 9:11,R_1rulinctmzIgvBI,anonymous,EN,I Agree,"Other (I work with invasive plants but not as a manager, researcher, or extension)",10+ years,State Government,,Yes,,,,,,,,,,,,,,,,,,,,,,,,,,,,,,,,,,,,,,,,,,,,,,,,,,,,,,,,,,,,,,,,,,,,,,,,,,,,,,,,,,,,,,,,,,,,,,,,,,,,,,,,,,,,,,,,,,,,,,,,,,,Yes,"Allegany State Park, NY",Yes,,,,,,,,,,,,,,,,,,,,,,,,,,,,,,,,,,,,,,,,,,,,,,,,,,,,,,,,,,,,,,,,,,,,,,,,,,,,,,,,,,,,,,,,,,,,,,,,,,,,,,,,,,,,,,,,,,,,,,,,,,,,,,,,,,,,,,,,,,,,,,,,,,,,,,,,,,,,,,,,,,,,,,,,,,,,,,,,,,,,,,,,,,,
2/23/26 10:31,2/23/26 10:47,IP Address,23,975,False,3/2/26 10:47,R_6OPWPfcr0PAOayV,anonymous,EN,I Agree,Invasive plant management ,10+ years,Academia/University,,Yes,,,,,,,,,,,,,,,,,,,,,,,,,,,,,,,,,,,,,,,,,,,,,,,,,,,,,,,,,,,,,,,,,,,,,,,,,,,,,,,,,,,,,,,,,,,,,,,,,,,,,,,,,,,,,,,,,,,,,,,,,,,,,,,,,,,,,,,,,,,,,,,,,,,,,,,,,,,,,,,,,,,,,,,,,,,,,,,,,,,,,,,,,,,,,,,,,,,,,,,Yes,"Minnesota Landscape Arboretum, Chaska MN",Yes,,,,,,,,,,,,,,,,,,,,,,,,,,,,,,,,,,,,No,,,,,,,,,,,,,,,,,,,,,,,,,,,,,,,,,,,,,,,,,,,,,,,,,,,,,,,,,,,,,,,,,,,,,,,,,,,
2/23/26 12:16,2/23/26 12:17,IP Address,2,79,False,3/2/26 12:17,R_7UruNBQd0Y8n6Ux,anonymous,EN,I Agree,"Other (I work with invasive plants but not as a manager, researcher, or extension)",2 to 5 years,City/Municipal Government,,"No, but I managed other invasive plant species",,,,,,,,,,,,,,,,,,,,,,,,,,,,,,,,,,,,,,,,,,,,,,,,,,,,,,,,,,,,,,,,,,,,,,,,,,,,,,,,,,,,,,,,,,,,,,,,,,,,,,,,,,,,,,,,,,,,,,,,,,,,,,,,,,,,,,,,,,,,,,,,,,,,,,,,,,,,,,,,,,,,,,,,,,,,,,,,,,,,,,,,,,,,,,,,,,,,,,,,,,,,,,,,,,,,,,,,,,,,,,,,,,,,,,,,,,,,,,,,,,,,,,,,,,,,,,,,,,,,,,,,,,,,,,,,,,,,,,,,,,,,,,,,,,,,,,,,,,,,,,,,,,,,,,,,
2/23/26 12:01,2/23/26 12:27,IP Address,37,1523,False,3/2/26 12:27,R_1VJGG3FtP1BNjqh,anonymous,EN,I Agree,Invasive plant management ,2 to 5 years,State Government,,Yes,,,,,,,,,,,,,,,,,,,,,,,,,,,,,,,,,,,,,,,,,,,,,,,,,,,,,,,,,,,,,,,,,,,,,,,,,,,,,,,,,,,,,Yes,"Oxbow Lake, Laurel, MD USA",Yes,Foliar spray,,,,,,October,,10,,"Yes, senescence",,,,1,No,,,,,,,,,,,,,,,Locally eradicate the population,,,Yes,,No,,,,,,,,,,,,,,,,,,,,,,,,,,,,,,,,,,,,,,,,,,,,,,,,,,,,,,,,,,,,,,,,,,,,,,,,,,,,Yes,,,,,,,,,,,,,,,,,,,,,,,,,,,,,,,,,,,,,,,,,,,,,,,,,,,,,,,,,,,,,,,,,,,,,,,,,,,,,,,,,,,,,,,,,,,,,,,,,,,,,,,,,,,,,,,,,
3/2/26 13:28,3/2/26 13:42,IP Address,100,865,True,3/2/26 13:42,R_3NEXolvT2aoz9fJ,anonymous,EN,I Agree,Invasive plant management ,10+ years,City/Municipal Government,,Yes,2,7,6,5,4,3,1,8,,Yes - we monitor invasive plant populations post-treatment,"If yes, please provide your name and email",kgonyer@mansfieldma.com,"Asiatic bittersweet (Celastrus orbiculatus),Bush Honeysuckle (Lonicera maackii, morrowii, tatarica or X bella),Invasive Knotweeds (Reynoutria spp.),Multiflora rose (Rosa multiflora),Stiltgrass (Microstegium vimineum),Autumn-Olive (Elaeagnus umbellata),Barberry  (Berberis thunbergii),Buckthorn (Rhamnus cathartica),Japanese honeysuckle (Lonicera japonica),Mugwort (Artemisia vulgaris),Phragmites australis,Tree of heaven (AiIanthus altissima)",,,,,,,,,,,,,,,,,,,,,,,,,,,,,,,,,,,,,,,,,,,,,,,,,,,,,,,,,,,,,,,,,,,Network of sites within one state/province,,Massachusetts,"If yes, please provide your name and email",Katelyn Gonyer kgonyer@mansfieldma.com,Yes,"DPW Building Parking Lot, 500 East St, Mansfield, MA ",Yes,Foliar spray,,,,,,July,September,1,15,"Yes, flowering",,"Yes, fruit or seed set",,2,No,,,,,,,,,,,,,,,Prevent population spread,,Slightly effective,Yes,,Yes,,,,,,,,,,,,,,,,,,,,,,,,,,,,,,,,,Locally eradicate the population,,Slightly effective,,,Yes,Along most of our roadways ,Yes,Foliar spray,,,,,,,,,,,,,,,Yes,"Mowing, cutting, or other form of removing aboveground biomass",,,,,,,,,,,,,,Decrease population size,,Not effective at all,Yes,,,,,,,,,,,,,,,,,,,,,,,,,,,,,,,,,,,,,,,,No,,,,,,,,,,,,,,,,,,,,,,,,,,,,,,,,,,,,,,Yes,DPW maintains Multiflora Rose along our Right of Ways and public parking lot. They did not have a specific site,Yes,,,,,,,,,,,,,,,,,,,,,,,,,,,,,0,,Other,maintain ROW,Slightly effective,,
2/23/26 12:29,2/23/26 14:46,IP Address,77,8226,False,3/2/26 14:46,R_5kz0oYyfOiMttKx,anonymous,EN,I Agree,Invasive plant management ,10+ years,County Government,,Yes,4,1,3,2,6,5,7,8,,Yes - we monitor invasive plant populations post-treatment,No,,,,,,,,,,,,,,,,,,,,,,,,,,,,,,,,,,,,,,,,,,,,,,,,,,,,,,,,,,,,,,,,,,,,,,,,,,,,,,,,,,,,,,,,,,,,,,,,,,,,,,,,,,,,,,,,"Yes, but I’m out of time - take me to the last section",,,,,,,,,,,,,,,,,,,,,,,,,,,,,,,,,,,,,,Yes,"Hamilton County, Cincinnati, OH USA",Yes,Cut and paint,Cut and paint,,,,,,,,,,,,,,No,,,,,,,,,,,,,,,Decrease population size,,Moderately effective,Yes,,Yes,"Hamilton County, Cincinnati, OH USA",Yes,"Foliar spray,Cut and paint",,,,,,March,November,1,1,"Yes, dormancy",,"Yes, senescence",,1,Yes,"Hand pulling, digging, or other form of removal of both above and belowground biomass",,January,January,1,1,No,,No,,1,Every 1-2 months,5,80,Decrease population size,,Moderately effective,Yes,,No,,,,,,,,,,,,,,,,,,,,,,,,,,,,,,,,,,,,,,Yes,"Woodland Mound, Cincinnati, Ohio, USA",Yes,Cut and paint,,,,,,April,September,1,1,"Yes, dormancy",,No,,1,No,,,,,,,,,,,,,,,Decrease population size,,Very effective,Yes,
2/23/26 12:24,2/24/26 9:18,IP Address,1,75241,False,3/3/26 9:21,R_8jIzNg7tthD13SR,anonymous,EN,I Agree,Invasive plant management ,2 to 5 years,,,,,,,,,,,,,,,,,,,,,,,,,,,,,,,,,,,,,,,,,,,,,,,,,,,,,,,,,,,,,,,,,,,,,,,,,,,,,,,,,,,,,,,,,,,,,,,,,,,,,,,,,,,,,,,,,,,,,,,,,,,,,,,,,,,,,,,,,,,,,,,,,,,,,,,,,,,,,,,,,,,,,,,,,,,,,,,,,,,,,,,,,,,,,,,,,,,,,,,,,,,,,,,,,,,,,,,,,,,,,,,,,,,,,,,,,,,,,,,,,,,,,,,,,,,,,,,,,,,,,,,,,,,,,,,,,,,,,,,,,,,,,,,,,,,,,,,,,,,,,,,,,,,,,,,,,,,
3/3/26 9:33,3/3/26 9:47,IP Address,100,798,True,3/3/26 9:47,R_7pKymxAKzskP9AS,anonymous,EN,I Agree,Invasive plant management ,10+ years,Nongovernmental Organization,,Yes,2,6,5,4,3,1,7,8,,No,No,,"Asiatic bittersweet (Celastrus orbiculatus),Bush Honeysuckle (Lonicera maackii, morrowii, tatarica or X bella),Invasive Knotweeds (Reynoutria spp.),Multiflora rose (Rosa multiflora),Autumn-Olive (Elaeagnus umbellata),Barberry  (Berberis thunbergii),Buckthorn (Rhamnus cathartica),Japanese honeysuckle (Lonicera japonica),Norway maple (Acer platanoides),Phragmites australis,Spotted knapweed (Centaurea stoebe),Wild parsnip (Pastinaca sativa)",At the same time due to no change in phenology,At the same time due to no change in phenology,At the same time due to no change in phenology,,At the same time due to no change in phenology,,At the same time due to no change in phenology,At the same time due to no change in phenology,,,At the same time due to no change in phenology,,,At the same time due to no change in phenology,,At the same time due to no change in phenology,At the same time due to no change in phenology,,,At the same time due to no change in phenology,,At the same time due to no change in phenology,At the same frequency due to no change in phenology,At the same frequency due to no change in phenology,At the same frequency due to no change in phenology,,At the same frequency due to no change in phenology,,At the same frequency due to no change in phenology,At the same frequency due to no change in phenology,,,At the same frequency due to no change in phenology,,,At the same frequency due to no change in phenology,,At the same frequency due to no change in phenology,At the same frequency due to no change in phenology,,,At the same frequency due to no change in phenology,,At the same frequency due to no change in phenology,10,15,15,,15,,15,15,,,15,,,15,,15,10,,,15,,12,Multi-state network of sites,,Wisconsin,"If yes, please provide your name and email",Daniel Kuske 4 Control 952-465-1630,Yes,"Town of Hudson, WI Roadway",Yes,,Foliar spray,,,Foliar spray,TerraVue,September,September,25,25,"Yes, flowering",,"Yes, flowering",,1,No,,,,,,,,,,,,,,,Locally eradicate the population,,Very effective,Yes,,No,,,,,,,,,,,,,,,,,,,,,,,,,,,,,,,,,,,,,,Yes,"Private Landowner, Menomonie, WI",Yes,,Cut and paint,,Cut and paint,Cut and paint,Milestone,,,,,No,,No,,1,No,,,,,,,,,,,,,,,Locally eradicate the population,,Very effective,Yes,,Yes,US Army Corp of Engineers Eau Galle Lake Project,Yes,,"Foliar spray,Other",,"Foliar spray,Other","Foliar spray,Other",SiteVue,March,March,15,30,"Yes, dormancy",,No,,1,No,,,,,,,,,,,,,,,Locally eradicate the population,,Very effective,Yes,,No,,,,,,,,,,,,,,,,,,,,,,,,,,,,,,,,,,,,,,Yes,"Riverland EC, Holmen, WI",Yes,,"Foliar spray,Other",,"Foliar spray,Other","Foliar spray,Other",Milestone,January,December,1,30,No,,No,,1,No,,,,,,,,,,,,,,,Other,Reduce brush in ROW,Very effective,Yes,
2/24/26 9:51,2/24/26 9:54,IP Address,66,193,False,3/3/26 9:54,R_6TwcquuD3bjEFcR,anonymous,EN,I Agree,Invasive plant management ,10+ years,Nongovernmental Organization,,Yes,,,,,,,,,,,,,,,,,,,,,,,,,,,,,,,,,,,,,,,,,,,,,,,,,,,,,,,,,,,,,,,,,,,,,,,,,,,,,,,,,,,,,,,,,,,,,,,,,,,,,,,,,,,,,,,,,,,,,,,,,,,No,,,,,,,,,,,,,,,,,,,,,,,,,,,,,,,,,,,,,,Yes,,,,,,,,,,,,,,,,,,,,,,,,,,,,,,,,,,,,,,No,,,,,,,,,,,,,,,,,,,,,,,,,,,,,,,,,,,,,,No,,,,,,,,,,,,,,,,,,,,,,,,,,,,,,,,,,,,,,No,,,,,,,,,,,,,,,,,,,,,,,,,,,,,,,,,,,,,
3/3/26 9:26,3/3/26 9:54,IP Address,100,1678,True,3/3/26 9:54,R_5gHFiq6DKC8WPVl,anonymous,EN,I Agree,Invasive plant management ,10+ years,Industry/Private Sector,,Yes,6,1,7,4,5,2,3,8,Contract availability,Yes - we monitor both invasive plant populations and native recovery post-treatment,No,,"Asiatic bittersweet (Celastrus orbiculatus),Bush Honeysuckle (Lonicera maackii, morrowii, tatarica or X bella),Invasive Knotweeds (Reynoutria spp.),Multiflora rose (Rosa multiflora),Autumn-Olive (Elaeagnus umbellata),Barberry  (Berberis thunbergii),Black swallowwort (Vincetoxicum nigrum),Buckthorn (Rhamnus cathartica),Chinese silver grass (Miscanthus sinensis),Himalayan balsam (Impatiens glandulifera),Japanese honeysuckle (Lonicera japonica),Norway maple (Acer platanoides),Phragmites australis,Privet (Ligustrum sp.),Tree of heaven (AiIanthus altissima),Wild parsnip (Pastinaca sativa)",I don't know,At the same time due to no change in phenology,At the same time due to no change in phenology,,At the same time due to no change in phenology,,At the same time due to no change in phenology,At the same time due to no change in phenology,,Treatment starting earlier due to changing phenology,At the same time due to no change in phenology,I don't know,At the same time due to no change in phenology,At the same time due to no change in phenology,,At the same time due to no change in phenology,At the same time due to no change in phenology,At the same time due to no change in phenology,,,At the same time due to no change in phenology,At the same time due to no change in phenology,At the same frequency due to no change in phenology,At the same frequency due to no change in phenology,At the same frequency due to no change in phenology,,At the same frequency due to no change in phenology,,At the same frequency due to no change in phenology,At the same frequency due to no change in phenology,,At the same frequency due to no change in phenology,At the same frequency due to no change in phenology,At the same frequency due to no change in phenology,At the same frequency due to no change in phenology,At the same frequency due to no change in phenology,,At the same frequency due to no change in phenology,At the same frequency due to no change in phenology,At the same frequency due to no change in phenology,,,At the same frequency due to no change in phenology,At the same frequency due to no change in phenology,30,30,30,,30,,30,30,,30,30,10,30,10,,30,20,20,,,30,15,Network of sites within one state/province,,Ontario,"If yes, please provide your name and email",stephen@ufora.ca Stephen Smith,Yes,"Toronto area, Canada",Yes,"Foliar spray,Other",,,,,Hand dig first then follow up foliar spray,June,October,15,10,"Yes, vegetation emergence",,"Yes, senescence",,2,Yes,"Hand pulling, digging, or other form of removal of both above and belowground biomass",,May,November,1,30,No,,No,,1,Once during the growing season,0,0,Locally eradicate the population,,Moderately effective,Yes,,No,,,,,,,,,,,,,,,,,,,,,,,,,,,,,,,,,,,,,,Yes,"Toronto area, Canada",Yes,,"Cut and paint,Other",,,,Basal bark treatment,October,December,1,15,No,,No,,2,Yes,"Hand pulling, digging, or other form of removal of both above and belowground biomass",,October,December,1,15,No,,No,,1,Once during the growing season,0,0,I don’t know,,Slightly effective,No,Do treatments more often.  One pass a year isn't enough.  Limited by budgets. Not a widespread problem here but it is dense on some sites.,Yes,"Toronto area, Canada",Yes,"Foliar spray,Cut and paint,Other","Cut and paint,Other",,,,Basal bark treatment,October,April,1,15,No,,"Yes, vegetation emergence",,2,Yes,"Hand pulling, digging, or other form of removal of both above and belowground biomass",,April,December,15,15,No,,No,,1,Once during the growing season,0,0,Locally eradicate the population,,Moderately effective,Yes,,No,,,,,,,,,,,,,,,,,,,,,,,,,,,,,,,,,,,,,,Yes,"Toronto area, Canada",Yes,,"Foliar spray,Cut and paint,Other",,,,Basal bark application,October,April,1,15,No,,"Yes, vegetation emergence",,1,Yes,"Hand pulling, digging, or other form of removal of both above and belowground biomass",,April,December,1,31,No,,No,,1,Once during the growing season,9,4,Locally eradicate the population,,Very effective,No,"I would dig them all out and remove the berries off site. It can be controlled by digging alone but this is very time consuming, dangerous and makes a lot of brush, while spreading the seeds."
3/3/26 9:40,3/3/26 9:57,IP Address,100,988,True,3/3/26 9:57,R_1EtnCOEq5OaDHli,anonymous,EN,I Agree,Invasive plant management ,10+ years,City/Municipal Government,,Yes,1,4,5,7,6,3,2,8,,No,"If yes, please provide your name and email",Priscilla Ryder pryder@marlborough-ma.gov,"Asiatic bittersweet (Celastrus orbiculatus),Invasive Knotweeds (Reynoutria spp.),Multiflora rose (Rosa multiflora),Autumn-Olive (Elaeagnus umbellata),Black swallowwort (Vincetoxicum nigrum),Buckthorn (Rhamnus cathartica),Phragmites australis,Tree of heaven (AiIanthus altissima)",Other,,Other,,Other,,Other,,,Other,Other,,,,,,Other,,,,Other,,Other,,Other,,Other,,Other,,,Other,Other,,,,,,Other,,,,Other,,8,,2,,8,,1,,,5,5,,,,,,8,,,,1,, Other (please specify),Just in Marlborough many sites,Massachusetts,No,,No,,,,,,,,,,,,,,,,,,,,,,,,,,,,,,,,,,,,,,No,,,,,,,,,,,,,,,,,,,,,,,,,,,,,,,,,,,,,,Yes,"ghiloni Park, Marlborough MA  USA",Yes,Cut and paint,Cut and paint,,,,,September,September,15,30,"Yes, senescence",,"Yes, senescence",,1,Yes,"Hand pulling, digging, or other form of removal of both above and belowground biomass",,June,June,15,16,"Yes, other",we had 100 volunteers on that day so we used them then.,"Yes, other",when volunteers were available.,1,Once during the growing season,95,300,Prevent population spread,,Moderately effective,Yes,,No,,,,,,,,,,,,,,,,,,,,,,,,,,,,,,,,,,,,,,No,,,,,,,,,,,,,,,,,,,,,,,,,,,,,,,,,,,,,,Yes,"Ghiloni Park trails, Marlborough MA  USA",No,,,,,,,,,,,,,,,,Yes,"Mowing, cutting, or other form of removing aboveground biomass",,July,August,15,30,"Yes, other",when I had summer intern staff to do the work,"Yes, other",when I had summer staff to do the work,2,Once during the growing season,20,40,Slow population spread,,Slightly effective,No,cut and dab with herbicide
3/3/26 9:50,3/3/26 9:58,IP Address,100,478,True,3/3/26 9:58,R_7MHtOez4Anav6YF,anonymous,EN,I Agree,Invasive plant extension,6 to 10 years,Nongovernmental Organization,,Yes,2,1,5,4,3,6,7,8,,Yes - we monitor both invasive plant populations and native recovery post-treatment,No,,"Kudzu (Pueraria montana),Stiltgrass (Microstegium vimineum),Black swallowwort (Vincetoxicum nigrum),Chinese silver grass (Miscanthus sinensis),Phragmites australis",,,,Treatment ending later due to changing phenology,,At the same time due to no change in phenology,,,,At the same time despite changing phenology,,At the same time despite changing phenology,,,,,At the same time despite changing phenology,,,,,,,,,At the same frequency despite a change in phenology,,At the same frequency despite a change in phenology,,,,At the same frequency despite a change in phenology,,At the same frequency despite a change in phenology,,,,,At the same frequency despite a change in phenology,,,,,,,,,3,,1,,,,5,,4,,,,,5,,,,,,Network of sites within one state/province,,New York,No,,No,,,,,,,,,,,,,,,,,,,,,,,,,,,,,,,,,,,,,,Yes,"Brentwood, NY",No,,,,,,,,,,,,,,,,Yes,"Mowing, cutting, or other form of removing aboveground biomass",,August,August,1,2,"Yes, vegetation emergence",,"Yes, vegetation emergence",,1,Once during the growing season,,0,Decrease population size,,Very effective,Yes,,No,,,,,,,,,,,,,,,,,,,,,,,,,,,,,,,,,,,,,,No,,,,,,,,,,,,,,,,,,,,,,,,,,,,,,,,,,,,,,Yes,"Islip, NY",No,,,,,,,,,,,,,,,,Yes,"Hand pulling, digging, or other form of removal of both above and belowground biomass",,September,September,1,5,"Yes, vegetation emergence",,"Yes, vegetation emergence",,1,Once during the growing season,0,0,Locally eradicate the population,,Very effective,Yes,,No,,,,,,,,,,,,,,,,,,,,,,,,,,,,,,,,,,,,,
3/3/26 10:10,3/3/26 10:18,IP Address,100,458,True,3/3/26 10:18,R_123YdmqmEk1Jkot,anonymous,EN,I Agree,Invasive plant management ,10+ years,Nongovernmental Organization,,Yes,3,1,7,2,6,4,5,8,,No,No,,"Bush Honeysuckle (Lonicera maackii, morrowii, tatarica or X bella),Invasive Knotweeds (Reynoutria spp.),Multiflora rose (Rosa multiflora),Autumn-Olive (Elaeagnus umbellata),Barberry  (Berberis thunbergii),Buckthorn (Rhamnus cathartica),Norway maple (Acer platanoides),Phragmites australis,Wild parsnip (Pastinaca sativa)",,,,,,,,,,,,,,,,,,,,,,,,,,,,,,,,,,,,,,,,,,,,,,,,,,,,,,,,,,,,,,,,,,,Network of sites within one state/province,,Vermont,No,,Yes,"White River Ledges Natural Area, Sharon/Pomfret, VT USA",Yes,"Foliar spray,Cut and paint",,,,,,August,,15,,"Yes, flowering",,,,1,No,,,,,,,,,,,,,,,Other,We treat a small patch of knotweed that is directly upstream from a population of globally rare plants.,Very effective,Yes,,No,,,,,,,,,,,,,,,,,,,,,,,,,,,,,,,,,,,,,,No,,,,,,,,,,,,,,,,,,,,,,,,,,,,,,,,,,,,,,No,,,,,,,,,,,,,,,,,,,,,,,,,,,,,,,,,,,,,,No,,,,,,,,,,,,,,,,,,,,,,,,,,,,,,,,,,,,,,No,,,,,,,,,,,,,,,,,,,,,,,,,,,,,,,,,,,,,
3/3/26 10:03,3/3/26 10:21,IP Address,100,1036,True,3/3/26 10:21,R_6jVAdbjxfGf7ZNc,anonymous,EN,I Agree,Invasive plant management ,6 to 10 years,Nongovernmental Organization,,Yes,4,1,5,2,3,7,6,8,,Yes - we monitor both invasive plant populations and native recovery post-treatment,No,,"Invasive Knotweeds (Reynoutria spp.),Multiflora rose (Rosa multiflora),Stiltgrass (Microstegium vimineum),Barberry  (Berberis thunbergii),Chinese silver grass (Miscanthus sinensis),Japanese honeysuckle (Lonicera japonica),Norway maple (Acer platanoides),Tree of heaven (AiIanthus altissima)",,,At the same time due to no change in phenology,,At the same time due to no change in phenology,At the same time due to no change in phenology,,At the same time due to no change in phenology,,,,At the same time due to no change in phenology,,At the same time due to no change in phenology,,At the same time due to no change in phenology,,,,,At the same time due to no change in phenology,,,,At the same frequency due to no change in phenology,,At the same frequency due to no change in phenology,At the same frequency due to no change in phenology,,At the same frequency due to no change in phenology,,,,At the same frequency due to no change in phenology,,At the same frequency due to no change in phenology,,At the same frequency due to no change in phenology,,,,,At the same frequency due to no change in phenology,,,,1,,10,10,,10,,,,12,,5,,10,,,,,12,,Network of sites within one state/province,,Maryland,No,,Yes,"Private property, Cockeysville, MD USA",Yes,Foliar spray,,,,Foliar spray,Aquatic formulation glyphosate,October,October,1,15,"Yes, flowering",,"Yes, senescence",,2,No,,,,,,,,,,,,,,,Locally eradicate the population,,Moderately effective,Yes,,Yes,"Oregon Ridge Park, Baltimore County, MD USA",No,,,,,,,,,,,,,,,,Yes,"Mowing, cutting, or other form of removing aboveground biomass",,July,August,1,31,"Yes, vegetation emergence",,"Yes, fruit or seed set",,2,Every 2-4 weeks,20,20,Decrease population size,,Very effective,Yes,,No,,,,,,,,,,,,,,,,,,,,,,,,,,,,,,,,,,,,,,No,,,,,,,,,,,,,,,,,,,,,,,,,,,,,,,,,,,,,,No,,,,,,,,,,,,,,,,,,,,,,,,,,,,,,,,,,,,,,No,,,,,,,,,,,,,,,,,,,,,,,,,,,,,,,,,,,,,
3/3/26 10:03,3/3/26 10:44,IP Address,100,2452,True,3/3/26 10:44,R_6cjtxoiHCtyfyOA,anonymous,EN,I Agree,Invasive plant management ,6 to 10 years,City/Municipal Government,,Yes,6,3,2,1,4,5,7,8,,Yes - we monitor both invasive plant populations and native recovery post-treatment,"If yes, please provide your name and email",Ryan Staiber rstaiber@eastbradford.org,"Bush Honeysuckle (Lonicera maackii, morrowii, tatarica or X bella),Invasive Knotweeds (Reynoutria spp.),Multiflora rose (Rosa multiflora),Autumn-Olive (Elaeagnus umbellata),Barberry  (Berberis thunbergii),Japanese honeysuckle (Lonicera japonica),Norway maple (Acer platanoides),Phragmites australis,Privet (Ligustrum sp.),Tree of heaven (AiIanthus altissima)",,I don't know,I don't know,,I don't know,,I don't know,I don't know,,,,,,I don't know,,I don't know,I don't know,I don't know,,,I don't know,,,I don’t know,I don’t know,,I don’t know,,I don’t know,I don’t know,,,,,,I don’t know,,I don’t know,I don’t know,I don’t know,,,I don’t know,,,9,9,,9,,9,9,,,,,,9,,9,3,9,,,9,,Network of sites within one state/province,,Pennsylvania,"If yes, please provide your name and email",Ryan Staiber rstaiber@eastbradford.org,Yes,"Harmony Hill Nature Area, Downingtown, PA USA",No,,,,,,,,,,,,,,,,Yes,"Hand pulling, digging, or other form of removal of both above and belowground biomass",,July,September,1,1,"Yes, flowering",,"Yes, flowering",,1,Once during the growing season,33,10,Decrease population size,,Moderately effective,No,mow more frequently. exhaust roots,No,,,,,,,,,,,,,,,,,,,,,,,,,,,,,,,,,,,,,,No,,,,,,,,,,,,,,,,,,,,,,,,,,,,,,,,,,,,,,Yes,"Harmony Hill Nature Area, Downingtown, PA USA",Yes,Cut and paint,,,,,,August,November,1,1,"Yes, senescence",,"Yes, senescence",,2,Yes,"Mowing, cutting, or other form of removing aboveground biomass",,November,March,1,1,"Yes, dormancy",,"Yes, dormancy",,5,Every 1-2 months,50,40,Decrease population size,,Slightly effective,Yes,,No,,,,,,,,,,,,,,,,,,,,,,,,,,,,,,,,,,,,,,Yes,"Harmony Hill Nature Area, Downingtown, PA USA",No,,,,,,,,,,,,,,,,Yes,"Mowing, cutting, or other form of removing aboveground biomass",,November,January,1,15,"Yes, dormancy",,"Yes, dormancy",,5,Every 2-4 weeks,67,50,Decrease population size,,Moderately effective,No,"mow weekly, every week of dormancy "
3/3/26 10:37,3/3/26 10:49,IP Address,100,725,True,3/3/26 10:49,R_3PQOLiHs19fSpEi,anonymous,EN,I Agree,Invasive plant management ,10+ years,State Government,,Yes,2,6,7,5,3,4,1,8,,Yes - we monitor invasive plant populations post-treatment,No,,"Asiatic bittersweet (Celastrus orbiculatus),Kudzu (Pueraria montana),Multiflora rose (Rosa multiflora),Autumn-Olive (Elaeagnus umbellata),Barberry  (Berberis thunbergii),Phragmites australis,Privet (Ligustrum sp.),Tree of heaven (AiIanthus altissima)",At the same time due to no change in phenology,,,At the same time due to no change in phenology,At the same time due to no change in phenology,,At the same time due to no change in phenology,At the same time due to no change in phenology,,,,,,,,,At the same time due to no change in phenology,At the same time due to no change in phenology,,,At the same time due to no change in phenology,,At the same frequency due to no change in phenology,,,At the same frequency due to no change in phenology,At the same frequency due to no change in phenology,,At the same frequency due to no change in phenology,At the same frequency due to no change in phenology,,,,,,,,,At the same frequency due to no change in phenology,At the same frequency due to no change in phenology,,,At the same frequency due to no change in phenology,,16,,,8,22,,24,18,,,,,,,,,20,8,,,25,,Network of sites within one state/province,,Virginia,"If yes, please provide your name and email",,No,,,,,,,,,,,,,,,,,,,,,,,,,,,,,,,,,,,,,,No,,,,,,,,,,,,,,,,,,,,,,,,,,,,,,,,,,,,,,Yes,"Shenandoah River State Park, Bentonville, VA, USA",Yes,,Foliar spray,,,,,July,September,4,12,"Yes, fruit or seed set",,No,,3,No,,,,,,,,,,,,,,,Decrease population size,,Slightly effective,No,More treatment days.,No,,,,,,,,,,,,,,,,,,,,,,,,,,,,,,,,,,,,,,Yes,"Natural Bridge State Park. Natural Bridge, VA, USA",Yes,Foliar spray,Cut and paint,,,,,July,November,1,4,"Yes, fruit or seed set",,No,,5,No,,,,,,,,,,,,,,,Locally eradicate the population,,Moderately effective,Yes,,Yes,"Shenandoah River state Park, Bentonville, VA USA",Yes,Foliar spray,Foliar spray,,,,,June,September,1,6,"Yes, fruit or seed set",,No,,4,No,,,,,,,,,,,,,,,Slow population spread,,Moderately effective,Yes,
3/3/26 10:23,3/3/26 10:51,IP Address,100,1642,True,3/3/26 10:51,R_5Kr2fz6TZxQx0Uu,anonymous,EN,I Agree,"Other (I work with invasive plants but not as a manager, researcher, or extension)",6 to 10 years,Other,Water utility ,Yes,6,3,4,2,1,5,7,8,,Yes - we monitor both invasive plant populations and native recovery post-treatment,No,,"Asiatic bittersweet (Celastrus orbiculatus),Bush Honeysuckle (Lonicera maackii, morrowii, tatarica or X bella),Invasive Knotweeds (Reynoutria spp.),Multiflora rose (Rosa multiflora),Stiltgrass (Microstegium vimineum),Autumn-Olive (Elaeagnus umbellata),Barberry  (Berberis thunbergii),Black swallowwort (Vincetoxicum nigrum),Buckthorn (Rhamnus cathartica),Japanese honeysuckle (Lonicera japonica),Mugwort (Artemisia vulgaris),Norway maple (Acer platanoides),Phragmites australis,Privet (Ligustrum sp.),Tree of heaven (AiIanthus altissima)","Treatment starting earlier due to changing phenology,Treatment ending later due to changing phenology,Starting earlier or ending later for other reasons","Treatment starting earlier due to changing phenology,Treatment ending later due to changing phenology,Starting earlier or ending later for other reasons","Treatment starting earlier due to changing phenology,Treatment ending later due to changing phenology,Starting earlier or ending later for other reasons",,"Treatment starting earlier due to changing phenology,Treatment ending later due to changing phenology,Starting earlier or ending later for other reasons",,"Treatment starting earlier due to changing phenology,Treatment ending later due to changing phenology,Starting earlier or ending later for other reasons","Treatment starting earlier due to changing phenology,Treatment ending later due to changing phenology,Starting earlier or ending later for other reasons",,"Treatment starting earlier due to changing phenology,Treatment ending later due to changing phenology,Starting earlier or ending later for other reasons","Treatment starting earlier due to changing phenology,Treatment ending later due to changing phenology,Starting earlier or ending later for other reasons",,,"Treatment starting earlier due to changing phenology,Treatment ending later due to changing phenology,Starting earlier or ending later for other reasons","Treatment starting earlier due to changing phenology,Treatment ending later due to changing phenology,Starting earlier or ending later for other reasons","Treatment starting earlier due to changing phenology,Treatment ending later due to changing phenology,Starting earlier or ending later for other reasons","Treatment starting earlier due to changing phenology,Treatment ending later due to changing phenology,Starting earlier or ending later for other reasons","Treatment starting earlier due to changing phenology,Treatment ending later due to changing phenology,Starting earlier or ending later for other reasons",,,"Treatment starting earlier due to changing phenology,Treatment ending later due to changing phenology,Starting earlier or ending later for other reasons",,I don’t know,I don’t know,I don’t know,,I don’t know,I don’t know,I don’t know,I don’t know,,I don’t know,I don’t know,,,I don’t know,I don’t know,I don’t know,I don’t know,I don’t know,,,I don’t know,,2,2,2,,2,,2,2,,2,2,,,2,2,2,2,2,,,,,Single site,,Connecticut,No,,Yes,"same site in East Haven CT where we were controlling multiflora rose, bittersweet and honeysuckle",Yes,Foliar spray,Foliar spray,,,,,May,July,25,22,"Yes, other",leaves at full flush ,"Yes, fruit or seed set",,3,Yes,"Mowing, cutting, or other form of removing aboveground biomass",,April,July,25,22,"Yes, vegetation emergence",,"Yes, other",planting sending nutrients down to prepare for dormancy ,6,Every 1-2 weeks,0,0,Locally eradicate the population,,Very effective,Yes,,Yes,,No,,,,,,,,,,,,,,,,No,,,,,,,,,,,,,,,,,,,,Yes,East Haven CT on shoreline at one of the facilities - same site as multiflora rose control ,Yes,Foliar spray,Foliar spray,,,,,May,July,25,22,"Yes, other",full leaf flush ,"Yes, other",after flowering and fruiting plant taking nutrients down and to take advantage of heat ,3,Yes,"Mowing, cutting, or other form of removing aboveground biomass",,April,July,25,22,"Yes, vegetation emergence",,"Yes, fruit or seed set",,6,Every 1-2 weeks,0,0,Locally eradicate the population,,Very effective,Yes,,Yes,"same site in East Haven where we were controlling bittersweet, multiflora rose, and knotweed",Yes,Foliar spray,Foliar spray,,,,,May,July,25,22,"Yes, other",leaves at full flush to absorb as much herbicide as possible ,"Yes, other",yes plant sending nutrients down to prepare for dormancy ,3,Yes,"Mowing, cutting, or other form of removing aboveground biomass",,April,July,25,22,"Yes, other","plants were covering other desirable natives, they were cut short to spray them without killing native plants ","Yes, fruit or seed set",,6,Every 1-2 weeks,0,0,Locally eradicate the population,,Very effective,Yes,,No,,,,,,,,,,,,,,,,,,,,,,,,,,,,,,,,,,,,,,Yes,East Haven CT at shoreline area at one of the facilities ,Yes,Foliar spray,Foliar spray,,,,,June,July,25,25,"Yes, other",plants were a foot tall and had full foliage and taking advantage of the heat,"Yes, other",after flowering to take advantage of planting pulling down nutrients and the heat ,3,Yes,"Mowing, cutting, or other form of removing aboveground biomass",,May,July,25,25,"Yes, fruit or seed set",,"Yes, fruit or seed set",,6,Every 1-2 weeks,0,0,Locally eradicate the population,,Very effective,Yes,
3/3/26 11:03,3/3/26 11:27,IP Address,100,1387,True,3/3/26 11:27,R_5O3mluByqkoar8r,anonymous,EN,I Agree,Invasive plant management ,6 to 10 years,Nongovernmental Organization,,Yes,1,6,7,4,5,2,3,8,,Yes - we monitor both invasive plant populations and native recovery post-treatment,No,,"Asiatic bittersweet (Celastrus orbiculatus),Invasive Knotweeds (Reynoutria spp.),Multiflora rose (Rosa multiflora),Autumn-Olive (Elaeagnus umbellata),Barberry  (Berberis thunbergii),Black swallowwort (Vincetoxicum nigrum),Buckthorn (Rhamnus cathartica),Mugwort (Artemisia vulgaris),Norway maple (Acer platanoides),Spotted knapweed (Centaurea stoebe)",,,,,,,,,,,,,,,,,,,,,,,,,,,,,,,,,,,,,,,,,,,,,,,,,,,,,,,,,,,,,,,,,,,Network of sites within one state/province,,Massachusetts,No,,No,,,,,,,,,,,,,,,,,,,,,,,,,,,,,,,,,,,,,,No,,,,,,,,,,,,,,,,,,,,,,,,,,,,,,,,,,,,,,Yes,"Dwelly Farm Conservation Area, Templeton, MA, USA",No,,,,,,,,,,,,,,,,Yes,"Hand pulling, digging, or other form of removal of both above and belowground biomass",,June,October,10,30,No,,No,,15,Every 1-2 weeks,70,50,Decrease population size,,Moderately effective,No,Would combine mechanical with herbicide treatment - which we are already doing at the site for glossy buckthorn as the focus but bittersweet sprouts are filling in some of the gaps as the buckthorn is removed.,No,,,,,,,,,,,,,,,,,,,,,,,,,,,,,,,,,,,,,,No,,,,,,,,,,,,,,,,,,,,,,,,,,,,,,,,,,,,,,Yes,"Longview Conservation Area, Ashby, MA, USA",No,,,,,,,,,,,,,,,,Yes,"Hand pulling, digging, or other form of removal of both above and belowground biomass",,November,November,10,10,No,,No,,1,Once during the growing season,70,50,Decrease population size,,Moderately effective,No,Mechanical and herbicide treatment in conjunction and multiple times per year.
3/3/26 11:36,3/3/26 11:46,IP Address,100,617,True,3/3/26 11:46,R_1PALD5SJImcu0vW,anonymous,EN,I Agree,"Other (I work with invasive plants but not as a manager, researcher, or extension)",Less than 2 years,Academia/University,,Yes,4,5,6,2,7,1,3,8,,Yes - we monitor both invasive plant populations and native recovery post-treatment,No,,"Asiatic bittersweet (Celastrus orbiculatus),Invasive Knotweeds (Reynoutria spp.),Stiltgrass (Microstegium vimineum),Autumn-Olive (Elaeagnus umbellata),Phragmites australis",I don't know,,I don't know,,,I don't know,I don't know,,,,,,,,,,I don't know,,,,,,I don’t know,,I don’t know,,,I don’t know,I don’t know,,,,,,,,,,I don’t know,,,,,,1,,1,,,1,1,,,,,,,,,,3,,,,,,Single site,,New Jersey,No,,Yes,"Edelman Fossil Park & Museum, Mantua Township, NJ 08080",No,,,,,,,,,,,,,,,,Yes,"Hand pulling, digging, or other form of removal of both above and belowground biomass",,,,,,No,,No,,2,Every 2-4 weeks,100,12,Slow population spread,,Moderately effective,Yes,,Yes,"Edelman Fossil Park & Museum, Mantua Township, NJ 08080",No,,,,,,,,,,,,,,,,Yes,"Hand pulling, digging, or other form of removal of both above and belowground biomass",,,,,,No,,No,,3,Every 2-4 weeks,100,12,Prevent population spread,,Very effective,Yes,,Yes,"Edelman Fossil Park & Museum, Mantua Township, NJ 08080",No,,,,,,,,,,,,,,,,Yes,"Hand pulling, digging, or other form of removal of both above and belowground biomass",,August,December,1,15,No,,No,,10,Weekly or more frequently,100,40,Prevent population spread,,Slightly effective,No,Remove more permanently-we could only cut a lot of the vines and not get them down.,No,,,,,,,,,,,,,,,,,,,,,,,,,,,,,,,,,,,,,,No,,,,,,,,,,,,,,,,,,,,,,,,,,,,,,,,,,,,,,No,,,,,,,,,,,,,,,,,,,,,,,,,,,,,,,,,,,,,
2/24/26 11:56,2/24/26 12:11,IP Address,41,916,False,3/3/26 12:11,R_5qfHk2zmaDiFB9H,anonymous,EN,I Agree,Invasive plant management ,2 to 5 years,City/Municipal Government,,Yes,,,,,,,,,,,,,,,,,,,,,,,,,,,,,,,,,,,,,,,,,,,,,,,,,,,,,,,,,,,,,,,,,,,,,,,,,,,,,,,,,,,,,,,,,,,,,,,,,,,,,,,,,,,,,,,,,,,,,,,,,,,,,,,,,,,,,,,,,,,,,,,,,,,,,,,,,,,,,,,,,Yes,"Town Property, near the rotary adjacent to Varnum Brook Pond in Pepperell MA",No,,,,,,,,,,,,,,,,Yes,,,,,,,,,,,,,,,,,,,,No,,,,,,,,,,,,,,,,,,,,,,,,,,,,,,,,,,,,,,No,,,,,,,,,,,,,,,,,,,,,,,,,,,,,,,,,,,,,,,,,,,,,,,,,,,,,,,,,,,,,,,,,,,,,,,,,,,
3/3/26 11:48,3/3/26 12:11,IP Address,100,1381,True,3/3/26 12:11,R_7xsgqy7R36JZXWN,anonymous,EN,I Agree,Invasive plant management ,2 to 5 years,Nongovernmental Organization,,"No, but I managed other invasive plant species",5,1,7,3,2,6,4,8,,Yes - we monitor invasive plant populations post-treatment,"If yes, please provide your name and email",silas@30mileriver.org,,,,,,,,,,,,,,,,,,,,,,,,,,,,,,,,,,,,,,,,,,,,,,,,,,,,,,,,,,,,,,,,,,,,Network of sites within one state/province,,Maine,"If yes, please provide your name and email",silas@30mileriver.org,,,,,,,,,,,,,,,,,,,,,,,,,,,,,,,,,,,,,,,,,,,,,,,,,,,,,,,,,,,,,,,,,,,,,,,,,,,,,,,,,,,,,,,,,,,,,,,,,,,,,,,,,,,,,,,,,,,,,,,,,,,,,,,,,,,,,,,,,,,,,,,,,,,,,,,,,,,,,,,,,,,,,,,,,,,,,,,,,,,,,,,,,,,,,,,,,,,,,,,,,,,,,,,,,,,,,,,,,,,,,,,,,,,,
3/3/26 11:43,3/3/26 12:25,IP Address,100,2527,True,3/3/26 12:25,R_7NE7qkhIcoxGnzW,anonymous,EN,I Agree,Invasive plant management ,6 to 10 years,State Government,,Yes,4,1,6,2,5,3,7,8,,Yes - we monitor both invasive plant populations and native recovery post-treatment,No,,"Asiatic bittersweet (Celastrus orbiculatus),Bush Honeysuckle (Lonicera maackii, morrowii, tatarica or X bella),Invasive Knotweeds (Reynoutria spp.),Multiflora rose (Rosa multiflora),Stiltgrass (Microstegium vimineum),Autumn-Olive (Elaeagnus umbellata),Barberry  (Berberis thunbergii),Buckthorn (Rhamnus cathartica),Privet (Ligustrum sp.),Spotted knapweed (Centaurea stoebe),Tree of heaven (AiIanthus altissima)",I don't know,I don't know,I don't know,,I don't know,I don't know,I don't know,I don't know,,,I don't know,,,,,,,I don't know,,I don't know,I don't know,,More or less frequently for other reasons,More or less frequently for other reasons,More or less frequently for other reasons,,More or less frequently for other reasons,More or less frequently for other reasons,More or less frequently for other reasons,More or less frequently for other reasons,,,More or less frequently for other reasons,,,,,,,More or less frequently for other reasons,,More or less frequently for other reasons,More or less frequently for other reasons,,10,10,3,,5,5,10,10,,,10,,,,,,,2,,5,3,,Network of sites within one state/province,,Massachusetts,No,,Yes,"Unnamed field, New Salem, MA USA",Yes,Foliar spray,,,,,,September,September,11,14,"Yes, fruit or seed set",,"Yes, fruit or seed set",,1,Yes,"Mowing, cutting, or other form of removing aboveground biomass",,August,August,5,5,"Yes, vegetation emergence",,"Yes, other",timing for chemicals later,1,Once during the growing season,,0,Locally eradicate the population,,Very effective,Yes,,,,,,,,,,,,,,,,,,,,,,,,,,,,,,,,,,,,,,,,Yes,"Unnamed field, West Boylston, MA USA",Yes,Cut and paint,,,,,,June,August,15,15,"Yes, vegetation emergence",,No,,2,No,,,,,,,,,,,,,,,Locally eradicate the population,,Slightly effective,Yes,,"Yes, but I’m out of time - take me to the last section",,,,,,,,,,,,,,,,,,,,,,,,,,,,,,,,,,,,,,No,,,,,,,,,,,,,,,,,,,,,,,,,,,,,,,,,,,,,,Yes,"Unnamed restoration site, Holden, MA, USA",Yes,Cut and paint,,,,,,August,September,30,15,No,,No,,1,No,,,,,,,,,,,,,,,Locally eradicate the population,,Very effective,Yes,
3/3/26 12:22,3/3/26 12:47,IP Address,100,1526,True,3/3/26 12:47,R_3Z0oewLXyyqJj9v,anonymous,EN,I Agree,Invasive plant management ,10+ years,Nongovernmental Organization,,Yes,6,4,5,2,1,3,7,8,,No,"If yes, please provide your name and email","Rob Lamar, Natural_Resource@patc.net","Asiatic bittersweet (Celastrus orbiculatus),Bush Honeysuckle (Lonicera maackii, morrowii, tatarica or X bella),Invasive Knotweeds (Reynoutria spp.),Multiflora rose (Rosa multiflora),Autumn-Olive (Elaeagnus umbellata),Barberry  (Berberis thunbergii),Japanese honeysuckle (Lonicera japonica),Privet (Ligustrum sp.),Tree of heaven (AiIanthus altissima)",Treatment ending later due to changing phenology,Treatment ending later due to changing phenology,I don't know,,Treatment ending later due to changing phenology,,Treatment ending later due to changing phenology,Treatment ending later due to changing phenology,,,,,,Treatment ending later due to changing phenology,,,,Treatment ending later due to changing phenology,,,Treatment ending later due to changing phenology,,At the same frequency despite a change in phenology,At the same frequency despite a change in phenology,At the same frequency despite a change in phenology,,At the same frequency despite a change in phenology,,At the same frequency despite a change in phenology,At the same frequency despite a change in phenology,,,,,,At the same frequency despite a change in phenology,,,,At the same frequency despite a change in phenology,,,At the same frequency despite a change in phenology,,6,6,4,,6,,6,6,,,,,,6,,,,6,,,6,,Multi-state network of sites,,Virginia,"If yes, please provide your name and email","Rob Lamar, Natural_Resource@patc.net",No,,,,,,,,,,,,,,,,,,,,,,,,,,,,,,,,,,,,,,Yes,Appalachian Trail(NPS). VA,Yes,,,,,Other,,June,August,5,25,"Yes, vegetation emergence",,"Yes, flowering",,2,No,,,,,,,,,,,,,,,Locally eradicate the population,,Moderately effective,Yes,,Yes,Appalachian Trail (NPS) VA,Yes,Cut and paint,Other,,,,,September,December,1,1,No,,No,,1,No,,,,,,,,,,,,,,,Prevent population spread,,Moderately effective,Yes,,Yes,Appalachian Trail (NPS). VA,,Cut and paint,,,,,,August,November,15,1,No,,No,,1,Yes,,,,,,,,,,,,,,,,,,,,No,,,,,,,,,,,,,,,,,,,,,,,,,,,,,,,,,,,,,,Yes,Appalachian Trail (NPS)VA,Yes,Cut and paint,,,,,,June,November,30,15,No,,No,,1,Yes,"Hand pulling, digging, or other form of removal of both above and belowground biomass",,March,November,1,30,No,,No,,1,Once during the growing season,100,40,Locally eradicate the population,,Moderately effective,Yes,
3/3/26 12:56,3/3/26 13:43,IP Address,100,2859,True,3/3/26 13:43,R_7iywZfD9qBljGo1,anonymous,EN,I Agree,Invasive plant management ,6 to 10 years,Other,land trust,Yes,6,1,3,2,5,4,7,8,,Yes - we monitor both invasive plant populations and native recovery post-treatment,"If yes, please provide your name and email","Natalie Grant, natalie@fortheland.org","Asiatic bittersweet (Celastrus orbiculatus),Bush Honeysuckle (Lonicera maackii, morrowii, tatarica or X bella),Invasive Knotweeds (Reynoutria spp.),Multiflora rose (Rosa multiflora),Stiltgrass (Microstegium vimineum),Autumn-Olive (Elaeagnus umbellata),Barberry  (Berberis thunbergii),Buckthorn (Rhamnus cathartica),Chinese silver grass (Miscanthus sinensis),Japanese honeysuckle (Lonicera japonica),Mugwort (Artemisia vulgaris),Norway maple (Acer platanoides),Phragmites australis,Privet (Ligustrum sp.),Tree of heaven (AiIanthus altissima),Wild parsnip (Pastinaca sativa)",Other,At the same time due to no change in phenology,At the same time due to no change in phenology,,Other,Treatment starting earlier due to changing phenology,At the same time due to no change in phenology,Other,,,At the same time due to no change in phenology,Treatment starting earlier due to changing phenology,,Treatment ending later due to changing phenology,Treatment starting earlier due to changing phenology,At the same time due to no change in phenology,Treatment starting earlier due to changing phenology,At the same time due to no change in phenology,,,At the same time due to no change in phenology,At the same time due to no change in phenology,At the same frequency due to no change in phenology,At the same frequency due to no change in phenology,At the same frequency due to no change in phenology,,Other,At the same frequency due to no change in phenology,At the same frequency due to no change in phenology,At the same frequency due to no change in phenology,,,At the same frequency due to no change in phenology,At the same frequency due to no change in phenology,,More frequently due to changing phenology,Less frequently due to changing phenology,At the same frequency due to no change in phenology,More or less frequently for other reasons,At the same frequency due to no change in phenology,,,At the same frequency due to no change in phenology,At the same frequency due to no change in phenology,4,6,4,,6,2,6,4,,,6,1,,4,3,4,3,6,,,4,2,Network of sites within one state/province,,Indiana,No,,Yes,"Dutro-Ernst Woods, Muncie, IN USA",Yes,Foliar spray,,,,Foliar spray,Clopyralid,May,October,22,17,"Yes, vegetation emergence",,No,,4,No,,,,,,,,,,,,,,,Locally eradicate the population,,Very effective,Yes,,Yes,"Elkhorn Creek Nature Preserve, Richmond, IN USA",Yes,Foliar spray,,,,,,June,July,6,29,"Yes, other","fully emerged, prior to flowering","Yes, flowering",,2,No,,,,,,,,,,,,,,,Decrease population size,,Moderately effective,No,We would be on-site treating for Japanese stiltgrass more than twice to better be able to get it all. Local eradication would be the goal if resources were not a barrier.,Yes,"Munsee Woods, Selma, IN USA",Yes,Cut and paint,Foliar spray,,,,,February,October,1,15,No,,"Yes, senescence",,10,No,,,,,,,,,,,,,,,Prevent population spread,,Slightly effective,No,"We found that once the mature stems are cut and treated and/or bush honeysuckle removed from the mid/understory, the Asiatic bittersweet seedbank germinates rapidly. Removal of the mature bittersweet and/or invasive shrubs beneath them needs to be done carefully and strategically to ensure that the land stewards will have time to retreat the bounty of seedlings that comes up. I would, and am planning to, create GPS points of every mature Asiatic bittersweet that is cut and treated to make sure that spot gets foliar sprayed for seedlings.  ",Yes,"Munsee Woods, Selma, IN USA",Yes,"Foliar spray,Cut and paint",,,,,,March,October,6,15,No,,No,,30,Yes,"Hand pulling, digging, or other form of removal of both above and belowground biomass",,June,July,1,15,No,,No,,24,Weekly or more frequently,100,800,Decrease population size,,Extremely effective,Yes,,No,,,,,,,,,,,,,,,,,,,,,,,,,,,,,,,,,,,,,,Yes,"McVey Memorial Forest, Farmland, IN USA",Yes,"Foliar spray,Cut and paint",Other,,,,,May,November,15,15,No,,No,,5,No,,,,,,,,,,,,,,,Decrease population size,,Moderately effective,No,I would do more basal bark treatment in fall/early winter when weather conditions allow. The basal bark treatment with 20% Triclopyr 4 worked well to kill the mfr and enabled the land steward to move quickly and eradicate more of it.
3/3/26 13:42,3/3/26 14:12,IP Address,100,1768,True,3/3/26 14:12,R_7O1zEpgPIT3fhG0,anonymous,EN,I Agree,Invasive plant research/science,10+ years,State Government,,"No, but I managed other invasive plant species",2,3,4,6,7,5,1,8,,No,No,,Phragmites australis,,,,,,,,,,,,,,,,,I don't know,,,,,,,,,,,,,,,,,,,,,,I don’t know,,,,,,,,,,,,,,,,,,,,,,15,,,,,, Other (please specify),Permitting for treatment activities,Massachusetts,"If yes, please provide your name and email","David Wong, david.w.wong@mass.gov",,,,,,,,,,,,,,,,,,,,,,,,,,,,,,,,,,,,,,,,,,,,,,,,,,,,,,,,,,,,,,,,,,,,,,,,,,,,,,,,,,,,,,,,,,,,,,,,,,,,,,,,,,,,,,,,,,,,,,,,,,,,,,,,,,,,,,,,,,,,,,,,,,,,,,,,,,,,,,,,,,,,,,,,,,,,,,,,,,,,,,,,,,,,,,,,,,,,,,,,,,,,,,,,,,,,,,,,,,,,,,,,,,,,
3/3/26 14:20,3/3/26 14:38,IP Address,100,1099,True,3/3/26 14:38,R_3Hq4RrgAKLo0gVL,anonymous,EN,I Agree,Invasive plant management ,2 to 5 years,City/Municipal Government,,Yes,2,5,3,1,6,4,7,8,,Yes - we monitor both invasive plant populations and native recovery post-treatment,"If yes, please provide your name and email",adecarlo@nantucketlandbank.org,"Invasive Knotweeds (Reynoutria spp.),Autumn-Olive (Elaeagnus umbellata),Black pine (Pinus thunbergii),Black swallowwort (Vincetoxicum nigrum),Chinese silver grass (Miscanthus sinensis),Mugwort (Artemisia vulgaris),Phragmites australis,Scotch broom (Cytisus scoparius),Spotted knapweed (Centaurea stoebe),Tree of heaven (AiIanthus altissima)",,,"Treatment starting earlier due to changing phenology,Starting earlier or ending later for other reasons",,,,At the same time due to no change in phenology,,At the same time due to no change in phenology,At the same time due to no change in phenology,,"Treatment starting earlier due to changing phenology,At the same time due to no change in phenology",,,At the same time due to no change in phenology,,At the same time due to no change in phenology,,At the same time due to no change in phenology,Treatment ending later due to changing phenology,At the same time due to no change in phenology,,,,At the same frequency despite a change in phenology,,,,At the same frequency due to no change in phenology,,At the same frequency due to no change in phenology,Other,,At the same frequency despite a change in phenology,,,At the same frequency despite a change in phenology,,More frequently due to changing phenology,,At the same frequency despite a change in phenology,More or less frequently for other reasons,More or less frequently for other reasons,,,,30,,,,5,,30,3,,20,,,20,,20,,3,20,5,, Other (please specify),Multiple sites in one County (Nantucket),Massachusetts,"If yes, please provide your name and email","Anna DeCarlo, adecarlo@nantucketlandbank.org",Yes,"16 East Creek Road, Nantucket MA USA",Yes,Foliar spray,,,,,,September,September,24,24,"Yes, flowering",,"Yes, flowering",,1,Yes,"Mowing, cutting, or other form of removing aboveground biomass",,August,August,30,30,"Yes, other",Mowed ~1 month before treatment for height reduction and ease when applicating.,No,,2,Every 1-2 months,,0,Decrease population size,,Moderately effective,Yes,,No,,,,,,,,,,,,,,,,,,,,,,,,,,,,,,,,,,,,,,No,,,,,,,,,,,,,,,,,,,,,,,,,,,,,,,,,,,,,,No,,,,,,,,,,,,,,,,,,,,,,,,,,,,,,,,,,,,,,,,,,,,,,,,,,,,,,,,,,,,,,,,,,,,,,,,,,,,No,,,,,,,,,,,,,,,,,,,,,,,,,,,,,,,,,,,,,
3/3/26 13:27,3/3/26 14:41,IP Address,100,4401,True,3/3/26 14:41,R_6M9cNcffDgSe0XJ,anonymous,EN,I Agree,Invasive plant management ,6 to 10 years,Nongovernmental Organization,,Yes,,,,,,,,,,Yes - we monitor both invasive plant populations and native recovery post-treatment,No,,"Bush Honeysuckle (Lonicera maackii, morrowii, tatarica or X bella),Invasive Knotweeds (Reynoutria spp.),Multiflora rose (Rosa multiflora),Barberry  (Berberis thunbergii),Japanese honeysuckle (Lonicera japonica),Phragmites australis",,At the same time despite changing phenology,At the same time despite changing phenology,,At the same time despite changing phenology,,,At the same time despite changing phenology,,,,,,At the same time despite changing phenology,,,At the same time despite changing phenology,,,,,,,At the same frequency despite a change in phenology,At the same frequency despite a change in phenology,,At the same frequency despite a change in phenology,,,At the same frequency despite a change in phenology,,,,,,At the same frequency despite a change in phenology,,,At the same frequency despite a change in phenology,,,,,,,5,1,,5,,,5,,,,,,5,,,3,,,,,,Single site,,Massachusetts,No,,Yes,"Lehovec River Walk, Williamstown, MA; Sheep Hill, Williamstown, MA",Yes,,,,,,"Not sure, hired a contractor",August,August,1,1,"Yes, other",regrowth after earlier season cutting,,,1,No,,,,,,,,,,,,,,,Locally eradicate the population,,Slightly effective,No,We would hire someone forever to keep treating it until it is gone.,No,,,,,,,,,,,,,,,,,,,,,,,,,,,,,,,,,,,,,,No,,,,,,,,,,,,,,,,,,,,,,,,,,,,,,,,,,,,,,Yes,"Lehovec River Walk, Williamstown, MA",No,,,,,,,,,,,,,,,,Yes,"Hand pulling, digging, or other form of removal of both above and belowground biomass",,June,August,20,10,No,,No,,3,Every 1-2 months,50,15,Locally eradicate the population,,Slightly effective,No,"We would hire a contractor to forestry mow and use herbicides, which we are doing this month.",No,,,,,,,,,,,,,,,,,,,,,,,,,,,,,,,,,,,,,,Yes,"Lehovec River Walk, Williamstown, MA",No,,,,,,,,,,,,,,,,Yes,"Hand pulling, digging, or other form of removal of both above and belowground biomass",,June,August,20,10,No,,No,,4,Every 1-2 months,50,15,Locally eradicate the population,,Slightly effective,Yes,
3/3/26 15:06,3/3/26 15:20,IP Address,100,818,True,3/3/26 15:20,R_1rqNLxE1UVT5Prc,anonymous,EN,I Agree,Invasive plant management ,10+ years,Nongovernmental Organization,,Yes,1,3,4,6,5,2,7,8,,Yes - we monitor both invasive plant populations and native recovery post-treatment,No,,"Asiatic bittersweet (Celastrus orbiculatus),Bush Honeysuckle (Lonicera maackii, morrowii, tatarica or X bella),Invasive Knotweeds (Reynoutria spp.),Multiflora rose (Rosa multiflora),Stiltgrass (Microstegium vimineum),Autumn-Olive (Elaeagnus umbellata),Barberry  (Berberis thunbergii),Buckthorn (Rhamnus cathartica),Chinese silver grass (Miscanthus sinensis),Japanese honeysuckle (Lonicera japonica),Mugwort (Artemisia vulgaris),Privet (Ligustrum sp.),Spotted knapweed (Centaurea stoebe)",Starting earlier or ending later for other reasons,Starting earlier or ending later for other reasons,Starting earlier or ending later for other reasons,,Starting earlier or ending later for other reasons,Starting earlier or ending later for other reasons,Starting earlier or ending later for other reasons,Starting earlier or ending later for other reasons,,,Starting earlier or ending later for other reasons,Starting earlier or ending later for other reasons,,Starting earlier or ending later for other reasons,Starting earlier or ending later for other reasons,,,Starting earlier or ending later for other reasons,,Starting earlier or ending later for other reasons,,,At the same frequency despite a change in phenology,At the same frequency despite a change in phenology,At the same frequency despite a change in phenology,,At the same frequency despite a change in phenology,At the same frequency despite a change in phenology,At the same frequency despite a change in phenology,At the same frequency despite a change in phenology,,,At the same frequency despite a change in phenology,At the same frequency despite a change in phenology,,At the same frequency despite a change in phenology,At the same frequency despite a change in phenology,,,At the same frequency despite a change in phenology,,At the same frequency despite a change in phenology,,,3,3,3,,3,3,3,3,,,3,3,,3,3,,,3,,3,,,Single site,,Massachusetts,No,,,,,,,,,,,,,,,,,,,,,,,,,,,,,,,,,,,,,,,,,,,,,,,,,,,,,,,,,,,,,,,,,,,,,,,,,,,,,,Yes,"Private Residence, West Tisbury, MA",No,,,,,,,,,,,,,,,,Yes,"Hand pulling, digging, or other form of removal of both above and belowground biomass",,June,October,1,31,No,,No,,1,Once during the growing season,100,2,Prevent population spread,,Very effective,Yes,,"Yes, but I’m out of time - take me to the last section",,,,,,,,,,,,,,,,,,,,,,,,,,,,,,,,,,,,,,No,,,,,,,,,,,,,,,,,,,,,,,,,,,,,,,,,,,,,,Yes,,No,,,,,,,,,,,,,,,,Yes,"Hand pulling, digging, or other form of removal of both above and belowground biomass",,June,October,1,31,No,,No,,1,Once during the growing season,100,2,Prevent population spread,,Very effective,Yes,
3/3/26 16:24,3/3/26 16:34,IP Address,100,632,True,3/3/26 16:34,R_7eqSNbi6mQ46E1Z,anonymous,EN,I Agree,Invasive plant management ,10+ years,Industry/Private Sector,,Yes,6,4,5,1,2,8,7,3,contract terms,Yes - we monitor both invasive plant populations and native recovery post-treatment,"If yes, please provide your name and email",james@natureworksllc.net,"Asiatic bittersweet (Celastrus orbiculatus),Bush Honeysuckle (Lonicera maackii, morrowii, tatarica or X bella),Invasive Knotweeds (Reynoutria spp.),Kudzu (Pueraria montana),Multiflora rose (Rosa multiflora),Stiltgrass (Microstegium vimineum),Autumn-Olive (Elaeagnus umbellata),Barberry  (Berberis thunbergii),Black swallowwort (Vincetoxicum nigrum),Chinese silver grass (Miscanthus sinensis),Japanese honeysuckle (Lonicera japonica),Mugwort (Artemisia vulgaris),Norway maple (Acer platanoides),Phragmites australis,Privet (Ligustrum sp.),Scotch broom (Cytisus scoparius),Spotted knapweed (Centaurea stoebe),Tree of heaven (AiIanthus altissima)",Treatment starting earlier due to changing phenology,Treatment starting earlier due to changing phenology,Treatment starting earlier due to changing phenology,Treatment starting earlier due to changing phenology,Treatment starting earlier due to changing phenology,Treatment starting earlier due to changing phenology,Treatment starting earlier due to changing phenology,Treatment starting earlier due to changing phenology,,Treatment starting earlier due to changing phenology,,Treatment starting earlier due to changing phenology,,Treatment starting earlier due to changing phenology,Treatment starting earlier due to changing phenology,Treatment starting earlier due to changing phenology,Treatment starting earlier due to changing phenology,Treatment starting earlier due to changing phenology,Treatment starting earlier due to changing phenology,Treatment starting earlier due to changing phenology,Treatment starting earlier due to changing phenology,,More frequently due to changing phenology,More frequently due to changing phenology,More frequently due to changing phenology,More frequently due to changing phenology,More frequently due to changing phenology,More frequently due to changing phenology,More frequently due to changing phenology,More frequently due to changing phenology,,More frequently due to changing phenology,,More frequently due to changing phenology,,More frequently due to changing phenology,More frequently due to changing phenology,More frequently due to changing phenology,More frequently due to changing phenology,More frequently due to changing phenology,More frequently due to changing phenology,More frequently due to changing phenology,More frequently due to changing phenology,,20,20,20,20,20,20,20,20,,20,,20,,20,20,20,20,20,20,20,20,,Multi-state network of sites,,Virginia,"If yes, please provide your name and email",james@natureworksllc.net,,,,,,,,,,,,,,,,,,,,,,,,,,,,,,,,,,,,,,,,,,,,,,,,,,,,,,,,,,,,,,,,,,,,,,,,,,,,,Yes,Whitney State Forest,Yes,"Foliar spray,Cut and paint",,,,,,August,October,1,30,No,,"Yes, dormancy",,2,Yes,"Mowing, cutting, or other form of removing aboveground biomass",,August,October,1,30,No,,"Yes, dormancy",,1,Every 1-2 months,,0,Locally eradicate the population,,Very effective,Yes,,,,,,,,,,,,,,,,,,,,,,,,,,,,,,,,,,,,,,,,"Yes, but I’m out of time - take me to the last section",,,,,,,,,,,,,,,,,,,,,,,,,,,,,,,,,,,,,,Yes,Whitney State Forest Fauquier county va,Yes,Foliar spray,,,,,,August,September,1,30,"Yes, fruit or seed set",,"Yes, senescence",,2,Yes,"Mowing, cutting, or other form of removing aboveground biomass",,August,October,1,30,"Yes, fruit or seed set",,"Yes, senescence",,1,Once during the growing season,0,0,Locally eradicate the population,,Very effective,Yes,
3/3/26 16:12,3/3/26 16:35,IP Address,100,1396,True,3/3/26 16:35,R_3lpMOKMac0cgCvT,anonymous,EN,I Agree,Invasive plant management ,10+ years,Industry/Private Sector,,Yes,2,3,7,5,4,6,1,8,,No,,,"Asiatic bittersweet (Celastrus orbiculatus),Bush Honeysuckle (Lonicera maackii, morrowii, tatarica or X bella),Invasive Knotweeds (Reynoutria spp.),Multiflora rose (Rosa multiflora),Stiltgrass (Microstegium vimineum),Autumn-Olive (Elaeagnus umbellata),Barberry  (Berberis thunbergii),Black swallowwort (Vincetoxicum nigrum),Buckthorn (Rhamnus cathartica),Japanese honeysuckle (Lonicera japonica),Mugwort (Artemisia vulgaris),Norway maple (Acer platanoides),Phragmites australis,Privet (Ligustrum sp.),Tree of heaven (AiIanthus altissima)",At the same time despite changing phenology,At the same time despite changing phenology,"Treatment starting earlier due to changing phenology,Treatment ending later due to changing phenology,Starting earlier or ending later for other reasons",,At the same time despite changing phenology,At the same time despite changing phenology,"Treatment starting earlier due to changing phenology,Treatment ending later due to changing phenology,Starting earlier or ending later for other reasons",At the same time despite changing phenology,,"Treatment starting earlier due to changing phenology,Treatment ending later due to changing phenology,Starting earlier or ending later for other reasons",At the same time despite changing phenology,,,At the same time despite changing phenology,At the same time despite changing phenology,At the same time despite changing phenology,At the same time despite changing phenology,At the same time despite changing phenology,,,At the same time despite changing phenology,,At the same frequency despite a change in phenology,At the same frequency despite a change in phenology,More or less frequently for other reasons,,At the same frequency despite a change in phenology,At the same frequency despite a change in phenology,More or less frequently for other reasons,At the same frequency despite a change in phenology,,More frequently due to changing phenology,At the same frequency despite a change in phenology,,,At the same frequency despite a change in phenology,At the same frequency despite a change in phenology,At the same frequency despite a change in phenology,At the same frequency despite a change in phenology,At the same frequency despite a change in phenology,,,At the same frequency despite a change in phenology,,3,3,6,,3,2,3,4,,3,4,,,4,2,2,2,2,,,2,,Network of sites within one state/province,,Massachusetts,No,,Yes,Mansfield MA,Yes,Foliar spray,,,,,,May,October,27,15,"Yes, senescence",,"Yes, senescence",,3,No,,,,,,,,,,,,,,,Locally eradicate the population,,Extremely effective,No,combining 3 chemical treatments with 2-3 carbohydrate depletion mechanical treatments,No,,,,,,,,,,,,,,,,,,,,,,,,,,,,,,,,,,,,,,Yes,"nashua river shoreline, lawrence ma",Yes,Cut and paint,,,,,,July,,10,,No,,No,,1,No,,,,,,,,,,,,,,,Locally eradicate the population,,Moderately effective,No,"An actual plan. Vine management is usually opportunistic, at least in our case",Yes,groveland ma,Yes,Foliar spray,,,,,,September,September,15,15,No,,No,,1,No,,,,,,,,,,,,,,,Other,locally eradicat knotweed,Moderately effective,No,"each species on site could be managed ideally, as opposed to the sitewide treatment calendar being driven by a single species",No,,,,,,,,,,,,,,,,,,,,,,,,,,,,,,,,,,,,,,Yes,"private home, deerfield ma",Yes,"Foliar spray,Cut and paint",,,,,,September,,10,,"Yes, senescence",,"Yes, senescence",,1,No,,,,,,,,,,,,,,,Decrease population size,,Moderately effective,No,more cut/paint + uprooting
3/3/26 16:35,3/3/26 17:14,IP Address,100,2357,True,3/3/26 17:14,R_3VxbJkG46TDSZKp,anonymous,EN,I Agree,Invasive plant management ,10+ years, Federal Government,,Yes,3,1,2,4,6,5,7,8,,Yes - we monitor both invasive plant populations and native recovery post-treatment,"If yes, please provide your name and email",nicholas stevenson nicholas_stevenson@nps.gov,"Asiatic bittersweet (Celastrus orbiculatus),Bush Honeysuckle (Lonicera maackii, morrowii, tatarica or X bella),Invasive Knotweeds (Reynoutria spp.),Multiflora rose (Rosa multiflora),Stiltgrass (Microstegium vimineum),Autumn-Olive (Elaeagnus umbellata),Barberry  (Berberis thunbergii),Black swallowwort (Vincetoxicum nigrum),Buckthorn (Rhamnus cathartica),Chinese silver grass (Miscanthus sinensis),Japanese honeysuckle (Lonicera japonica),Mugwort (Artemisia vulgaris),Norway maple (Acer platanoides),Phragmites australis,Privet (Ligustrum sp.),Spotted knapweed (Centaurea stoebe),Tree of heaven (AiIanthus altissima),Wild parsnip (Pastinaca sativa)","Treatment starting earlier due to changing phenology,Treatment ending later due to changing phenology","Treatment starting earlier due to changing phenology,Treatment ending later due to changing phenology",Treatment ending later due to changing phenology,,"Treatment starting earlier due to changing phenology,Treatment ending later due to changing phenology",Treatment starting earlier due to changing phenology,I don't know,Treatment starting earlier due to changing phenology,,I don't know,I don't know,I don't know,,"Treatment starting earlier due to changing phenology,Treatment ending later due to changing phenology","Treatment starting earlier due to changing phenology,Treatment ending later due to changing phenology","Treatment starting earlier due to changing phenology,Treatment ending later due to changing phenology","Treatment starting earlier due to changing phenology,Treatment ending later due to changing phenology","Treatment starting earlier due to changing phenology,Treatment ending later due to changing phenology",,At the same time despite changing phenology,At the same time despite changing phenology,At the same time despite changing phenology,At the same frequency due to no change in phenology,At the same frequency due to no change in phenology,More frequently due to changing phenology,,At the same frequency due to no change in phenology,At the same frequency due to no change in phenology,At the same frequency due to no change in phenology,At the same frequency due to no change in phenology,,At the same frequency due to no change in phenology,At the same frequency due to no change in phenology,At the same frequency due to no change in phenology,,More frequently due to changing phenology,More frequently due to changing phenology,At the same frequency due to no change in phenology,More frequently due to changing phenology,At the same frequency due to no change in phenology,,I don’t know,I don’t know,I don’t know,19,19,19,,19,6,19,19,,6,19,6,,9,6,9,20,9,,19,19,3,Multi-state network of sites,,Pennsylvania,"If yes, please provide your name and email",Nicholas Stevenson nicholas_stevenson@nps.gov,Yes,"Johnstown Flood National Memorial, Johnstown, PA, ",Yes,Foliar spray,,,,,,August,August,15,31,"Yes, flowering",,"Yes, flowering",,1,No,,,,,,,,,,,,,,,Decrease population size,,Moderately effective,Yes,,Yes,"Delaware Water Gap National Recreation Area, Walpack Township, NJ USA",Yes,Foliar spray,,,,Foliar spray,Fluazifop,May,July,31,15,"Yes, vegetation emergence",,"Yes, flowering",,1,Yes,"Hand pulling, digging, or other form of removal of both above and belowground biomass",,May,July,31,15,"Yes, vegetation emergence",,"Yes, flowering",,1,Once during the growing season,0,0,Locally eradicate the population,,Very effective,Yes,,Yes,"Saratoga National Historic Park, Saratoga Springs, NY, USA",Yes,Cut and paint,Foliar spray,,,,,July,July,23,26,No,,No,,1,Yes,"Mowing, cutting, or other form of removing aboveground biomass",,July,July,23,26,No,,No,,1,Once during the growing season,81,24,Decrease population size,,Moderately effective,Yes,,Yes,"Toms Creek, Bushkill, PA, USA",Yes,Cut and paint,Foliar spray,,,,,January,December,1,31,No,,No,,3,Yes,"Hand pulling, digging, or other form of removal of both above and belowground biomass",,January,December,1,31,No,,No,,3,Every 1-2 months,0,0,Locally eradicate the population,,Very effective,Yes,,No,,,,,,,,,,,,,,,,,,,,,,,,,,,,,,,,,,,,,,Yes,"Wind Gap, PA, USA",Yes,Cut and paint,"Foliar spray,Cut and paint",,,,,January,December,1,31,No,,No,,2,Yes,"Mowing, cutting, or other form of removing aboveground biomass",,January,December,1,31,No,,No,,2,Every 1-2 months,50,48,Decrease population size,,Very effective,Yes,
3/4/26 11:43,3/4/26 11:43,IP Address,100,41,True,3/4/26 11:43,R_7VJD9wh9e3dIbhT,anonymous,EN,I Agree,Invasive plant management ,2 to 5 years,County Government,,"No, I do not actively manage invasive plant species",,,,,,,,,,,,,,,,,,,,,,,,,,,,,,,,,,,,,,,,,,,,,,,,,,,,,,,,,,,,,,,,,,,,,,,,,,,,,,,,,,,,,,,,,,,,,,,,,,,,,,,,,,,,,,,,,,,,,,,,,,,,,,,,,,,,,,,,,,,,,,,,,,,,,,,,,,,,,,,,,,,,,,,,,,,,,,,,,,,,,,,,,,,,,,,,,,,,,,,,,,,,,,,,,,,,,,,,,,,,,,,,,,,,,,,,,,,,,,,,,,,,,,,,,,,,,,,,,,,,,,,,,,,,,,,,,,,,,,,,,,,,,,,,,,,,,,,,,,,,,,,,,,,,,,,,
3/4/26 11:41,3/4/26 11:58,IP Address,100,1031,True,3/4/26 11:58,R_3r3onaMYzRWNDnM,anonymous,EN,I Agree,Invasive plant management ,6 to 10 years,County Government,,Yes,2,4,7,5,6,3,1,8,,Yes - we monitor invasive plant populations post-treatment,No,,"Asiatic bittersweet (Celastrus orbiculatus),Bush Honeysuckle (Lonicera maackii, morrowii, tatarica or X bella),Invasive Knotweeds (Reynoutria spp.),Multiflora rose (Rosa multiflora),Stiltgrass (Microstegium vimineum),Autumn-Olive (Elaeagnus umbellata),Barberry  (Berberis thunbergii),Black swallowwort (Vincetoxicum nigrum),Buckthorn (Rhamnus cathartica),Japanese honeysuckle (Lonicera japonica),Phragmites australis,Tree of heaven (AiIanthus altissima)",,,,,,,,,,,,,,,,,,,,,,,At the same frequency due to no change in phenology,At the same frequency due to no change in phenology,At the same frequency due to no change in phenology,,At the same frequency due to no change in phenology,At the same frequency due to no change in phenology,At the same frequency due to no change in phenology,At the same frequency due to no change in phenology,,At the same frequency due to no change in phenology,At the same frequency due to no change in phenology,,,At the same frequency due to no change in phenology,,,At the same frequency due to no change in phenology,,,,At the same frequency due to no change in phenology,,6,6,4,,6,2,6,6,,4,6,,,6,,,6,,,,6,,Network of sites within one state/province,,Michigan,No,,Yes,"Private Land, Holland, MI ",Yes,,,,,Foliar spray,Aminopyralid,August,August,,,"Yes, flowering",,"Yes, fruit or seed set",,1,No,,,,,,,,,,,,,,,Prevent population spread,,Moderately effective,No,More treatments and monitoring per year ,Yes,"Private Land, Ada, MI",Yes,Foliar spray,,,,,,,,,,"Yes, vegetation emergence",,"Yes, fruit or seed set",,2,No,,,,,,,,,,,,,,,Locally eradicate the population,,Moderately effective,No,Do more treatments and monitoring per year ,Yes,"Private, West Olive, MI ",Yes,,"Foliar spray,Cut and paint",,,,,August,October,,,"Yes, senescence",,,,1,No,,,,,,,,,,,,,,,Prevent population spread,,Very effective,No,,Yes,"Private Land, Coopersville, MI ",Yes,,Cut and paint,,,,,August,October,,,"Yes, flowering",,"Yes, senescence",,1,No,,,,,,,,,,,,,,,Slow population spread,,Very effective,,,No,,,,,,,,,,,,,,,,,,,,,,,,,,,,,,,,,,,,,,No,,,,,,,,,,,,,,,,,,,,,,,,,,,,,,,,,,,,,
3/4/26 11:17,3/4/26 12:17,IP Address,100,3602,True,3/4/26 12:17,R_5O9uAodgBqlcrtL,anonymous,EN,I Agree,Invasive plant management ,2 to 5 years,Nongovernmental Organization,,Yes,1,4,5,2,7,3,6,8,,No,"If yes, please provide your name and email","Robyn Graygor, rgraygor@biodiversityworksmv.org","Asiatic bittersweet (Celastrus orbiculatus),Bush Honeysuckle (Lonicera maackii, morrowii, tatarica or X bella),Multiflora rose (Rosa multiflora),Stiltgrass (Microstegium vimineum),Autumn-Olive (Elaeagnus umbellata),Barberry  (Berberis thunbergii),Chinese silver grass (Miscanthus sinensis),Japanese honeysuckle (Lonicera japonica),Mugwort (Artemisia vulgaris),Norway maple (Acer platanoides),Privet (Ligustrum sp.),Spotted knapweed (Centaurea stoebe)",Starting earlier or ending later for other reasons,Starting earlier or ending later for other reasons,,,Starting earlier or ending later for other reasons,Starting earlier or ending later for other reasons,Starting earlier or ending later for other reasons,Starting earlier or ending later for other reasons,,,,Starting earlier or ending later for other reasons,,Starting earlier or ending later for other reasons,Starting earlier or ending later for other reasons,Starting earlier or ending later for other reasons,,Starting earlier or ending later for other reasons,,Starting earlier or ending later for other reasons,,,At the same frequency despite a change in phenology,At the same frequency despite a change in phenology,,,At the same frequency despite a change in phenology,At the same frequency despite a change in phenology,At the same frequency despite a change in phenology,At the same frequency despite a change in phenology,,,,At the same frequency despite a change in phenology,,At the same frequency despite a change in phenology,At the same frequency despite a change in phenology,At the same frequency despite a change in phenology,,At the same frequency despite a change in phenology,,At the same frequency despite a change in phenology,,,1,1,,,1,1,1,1,,,,1,,1,1,1,,1,,1,,,Network of sites within one state/province,,Massachusetts,No,,No,,,,,,,,,,,,,,,,,,,,,,,,,,,,,,,,,,,,,,Yes,"Stillpoint, Vineyard Haven, MA USA",No,,,,,,,,,,,,,,,,Yes,"Hand pulling, digging, or other form of removal of both above and belowground biomass",,August,August,15,15,No,,No,,1,Once during the growing season,100,8,Decrease population size,,Slightly effective,No,"More volunteers, longer removal session, multiple treatments.",Yes,"BiodiverstiyWorks, Vineyard Haven, MA USA",No,,,,,,,,,,,,,,,,Yes,"Hand pulling, digging, or other form of removal of both above and belowground biomass",,May,May,20,20,No,,No,,1,Once during the growing season,5,10,Decrease population size,,Slightly effective,No,Start management in April with repeated removal throughout the season.,Yes,"Tisbury, MA USA",No,,,,,,,,,,,,,,,,Yes,"Hand pulling, digging, or other form of removal of both above and belowground biomass",,October,October,10,10,No,,No,,1,Once during the growing season,100,8,Decrease population size,,Slightly effective,No,"More volunteers, longer removal session, multiple treatments.",No,,,,,,,,,,,,,,,,,,,,,,,,,,,,,,,,,,,,,,Yes,"Purchase College, Purchase, NY USA",No,,,,,,,,,,,,,,,,Yes,"Mowing, cutting, or other form of removing aboveground biomass",,May,May,20,20,No,,No,,1,Once during the growing season,100,10,Decrease population size,,Slightly effective,No,"More volunteers, longer removal session, multiple treatments in the growing season."
2/25/26 12:24,2/25/26 12:30,IP Address,52,358,False,3/4/26 12:30,R_7eIWAtq2GMEMKZB,anonymous,EN,I Agree,Invasive plant management ,6 to 10 years,County Government,,Yes,,,,,,,,,,,,,,,,,,,,,,,,,,,,,,,,,,,,,,,,,,,,,,,,,,,,,,,,,,,,,,,,,,,,,,,,,,,,,,,,,,,,,,,,,,,,,,,,,,,,,,,,,,,,,,,,,,,,,,,,,,,Yes,"Latta Nature Preserve, Huntersville, NC, 28078",Yes,Foliar spray,Foliar spray,,Foliar spray,,,May,September,15,30,No,,No,,,Yes,Other,,January,April,1,30,No,,No,,,Every 1-2 months,,,Slow population spread,,Moderately effective,No,,No,,,,,,,,,,,,,,,,,,,,,,,,,,,,,,,,,,,,,,No,,,,,,,,,,,,,,,,,,,,,,,,,,,,,,,,,,,,,,Yes,,,,,,,,,,,,,,,,,,,,,,,,,,,,,,,,,,,,,,,,,,,,,,,,,,,,,,,,,,,,,,,,,,,,,,,,,,,
3/4/26 13:27,3/4/26 13:50,IP Address,100,1373,True,3/4/26 13:50,R_5pzvxrP2azfmvYJ,anonymous,EN,I Agree,Invasive plant management ,10+ years,Other,Conservation District & CWMA,Yes,1,4,5,3,7,6,2,8,"How one species treatment period overlaps whith another and which is more important to address due to seeds, spread, location ect",Yes - we monitor both invasive plant populations and native recovery post-treatment,"If yes, please provide your name and email",Jen Ricker-Feak IronBaragaCD@gmail.com,"Bush Honeysuckle (Lonicera maackii, morrowii, tatarica or X bella),Invasive Knotweeds (Reynoutria spp.),Multiflora rose (Rosa multiflora),Autumn-Olive (Elaeagnus umbellata),Barberry  (Berberis thunbergii),Buckthorn (Rhamnus cathartica),Japanese honeysuckle (Lonicera japonica),Phragmites australis,Spotted knapweed (Centaurea stoebe),Tree of heaven (AiIanthus altissima),Wild parsnip (Pastinaca sativa)",,At the same time due to no change in phenology,Starting earlier or ending later for other reasons,,Other,,Starting earlier or ending later for other reasons,Starting earlier or ending later for other reasons,,,Starting earlier or ending later for other reasons,,,Starting earlier or ending later for other reasons,,,"Treatment starting earlier due to changing phenology,Treatment ending later due to changing phenology",,,Other,Other,"Treatment starting earlier due to changing phenology,Treatment ending later due to changing phenology",,At the same frequency due to no change in phenology,More or less frequently for other reasons,,Other,,At the same frequency due to no change in phenology,At the same frequency due to no change in phenology,,,At the same frequency due to no change in phenology,,,At the same frequency due to no change in phenology,,,"More frequently due to changing phenology,Less frequently due to changing phenology",,,Other,Other,"More frequently due to changing phenology,Less frequently due to changing phenology",,14,12,,,,14,14,,,14,,,14,,,12,,,14,,14,Network of sites within one state/province,,Michigan,No,,Yes,"Western Upper Peninsula of Michigan, Iron, Gogebic, Ontonagon, and Baraga Counties",Yes,Foliar spray,Foliar spray,,,Foliar spray,Dicamba,June,August,15,30,"Yes, other","Well Veg, near full emergence, and when we have time, Dicamba is effective prior to flowering, Glyco not as good unless flowering but bad for bees","Yes, other","Well Veg, near full emergence, and when we have time, Dicamba is effective prior to flowering, Glyco not as good unless flowering but bad for bees",,Yes,"Mowing, cutting, or other form of removing aboveground biomass",,June,October,1,1,"Yes, vegetation emergence",,"Yes, senescence",,6,Every 2-4 weeks,10,72,Other,Try something else than pesticides,Not effective at all,No,"Pesticides seem to be the best, if not limited by what was approved by the USFS we would try other pesticides. Dicamba is bad but it is the only way to avoid bees on flowers. There are other pesticides we would like to try but we can only use certain ones with USFS money",No,,,,,,,,,,,,,,,,,,,,,,,,,,,,,,,,,,,,,,No,,,,,,,,,,,,,,,,,,,,,,,,,,,,,,,,,,,,,,Yes,"West side of Upper Peninsula of Michigan Iron, Gogebic, Ontonagon and Baraga Counties",Yes,"Foliar spray,Cut and paint","Foliar spray,Cut and paint,Hack and squirt",,,,,April,December,1,1,"Yes, other","Folier is only during green periods, cut stump in spring, fall and winter","Yes, other","Folier is only during green periods, cut stump in spring, fall and winte",1,Yes,"Hand pulling, digging, or other form of removal of both above and belowground biomass",,June,October,1,30,No,,No,,,Once during the growing season,10,72,Locally eradicate the population,,Very effective,Yes,,No,,,,,,,,,,,,,,,,,,,,,,,,,,,,,,,,,,,,,,No,,,,,,,,,,,,,,,,,,,,,,,,,,,,,,,,,,,,,
2/25/26 13:50,2/25/26 13:55,IP Address,23,337,False,3/4/26 13:55,R_1SiSMaprnccNWqw,anonymous,EN,I Agree,Invasive plant management ,10+ years,Academia/University,,Yes,,,,,,,,,,,,,,,,,,,,,,,,,,,,,,,,,,,,,,,,,,,,,,,,,,,,,,,,,,,,,,,,,,,,,,,,,,,,,,,,,,,,,,,,,,,,,,,,,,,,,,,,,,,,,,,,,,,,,,,,,,,,,,,,,,,,,,,,,,,,,,,,,,,,,,,,,,,,,,,,,Yes,"Cornell Botanic Gardens, Ithaca, NY",Yes,,,,,,,,,,,,,,,,,,,,,,,,,,,,,,,,,,,,,,,,,,,,,,,,,,,,,,,,,,,,,,,,,,,,,,,,,,No,,,,,,,,,,,,,,,,,,,,,,,,,,,,,,,,,,,,,,,,,,,,,,,,,,,,,,,,,,,,,,,,,,,,,,,,,,,
3/4/26 14:03,3/4/26 14:10,IP Address,100,390,True,3/4/26 14:10,R_159fMUBbmt98DlL,anonymous,EN,I Agree,Invasive plant management ,10+ years,County Government,,"No, but I managed other invasive plant species",2,1,6,4,3,7,5,8,,Yes - we monitor both invasive plant populations and native recovery post-treatment,No,,,,,,,,,,,,,,,,,,,,,,,,,,,,,,,,,,,,,,,,,,,,,,,,,,,,,,,,,,,,,,,,,,,,,Network of sites within one state/province,,Pennsylvania,No,,,,,,,,,,,,,,,,,,,,,,,,,,,,,,,,,,,,,,,,,,,,,,,,,,,,,,,,,,,,,,,,,,,,,,,,,,,,,,,,,,,,,,,,,,,,,,,,,,,,,,,,,,,,,,,,,,,,,,,,,,,,,,,,,,,,,,,,,,,,,,,,,,,,,,,,,,,,,,,,,,,,,,,,,,,,,,,,,,,,,,,,,,,,,,,,,,,,,,,,,,,,,,,,,,,,,,,,,,,,,,,,,,,,,
3/4/26 11:32,3/4/26 14:29,IP Address,100,10666,True,3/4/26 14:29,R_7IvjAhNgByZUh4p,anonymous,EN,I Agree,Invasive plant management ,10+ years,City/Municipal Government,,Yes,4,2,7,1,5,6,3,8,,Yes - we monitor invasive plant populations post-treatment,No,,"Bush Honeysuckle (Lonicera maackii, morrowii, tatarica or X bella),Invasive Knotweeds (Reynoutria spp.),Multiflora rose (Rosa multiflora),Barberry  (Berberis thunbergii),Buckthorn (Rhamnus cathartica),Himalayan balsam (Impatiens glandulifera),Japanese honeysuckle (Lonicera japonica),Norway maple (Acer platanoides),Phragmites australis,Spotted knapweed (Centaurea stoebe),Tree of heaven (AiIanthus altissima),Wild parsnip (Pastinaca sativa)",,"Treatment starting earlier due to changing phenology,Treatment ending later due to changing phenology","Treatment starting earlier due to changing phenology,Treatment ending later due to changing phenology",,,,,"Treatment starting earlier due to changing phenology,Treatment ending later due to changing phenology",,,"Treatment starting earlier due to changing phenology,Treatment ending later due to changing phenology",,"Treatment starting earlier due to changing phenology,Treatment ending later due to changing phenology","Treatment starting earlier due to changing phenology,Treatment ending later due to changing phenology",,At the same time despite changing phenology,"Treatment starting earlier due to changing phenology,Treatment ending later due to changing phenology",,,"Treatment starting earlier due to changing phenology,Treatment ending later due to changing phenology","Treatment starting earlier due to changing phenology,Treatment ending later due to changing phenology","Treatment starting earlier due to changing phenology,Treatment ending later due to changing phenology",,At the same frequency despite a change in phenology,At the same frequency despite a change in phenology,,At the same frequency despite a change in phenology,,,At the same frequency despite a change in phenology,,,At the same frequency despite a change in phenology,,At the same frequency despite a change in phenology,At the same frequency despite a change in phenology,,At the same frequency despite a change in phenology,At the same frequency despite a change in phenology,,,At the same frequency despite a change in phenology,At the same frequency despite a change in phenology,At the same frequency despite a change in phenology,,10,10,,,,,10,,,10,,3,10,,2,10,,,10,2,10,Network of sites within one state/province,,Michigan,"If yes, please provide your name and email",Evan Chalmers - evan.chalmers@macd.org,Yes,"Misc. private properties, Sault Sainte Marie, MI",Yes,Foliar spray,Foliar spray,,,,,August,September,15,31,"Yes, flowering",,No,,1,No,,,,,,,,,,,,,,,Locally eradicate the population,,Very effective,Yes,,No,,,,,,,,,,,,,,,,,,,,,,,,,,,,,,,,,,,,,,No,,,,,,,,,,,,,,,,,,,,,,,,,,,,,,,,,,,,,,No,,,,,,,,,,,,,,,,,,,,,,,,,,,,,,,,,,,,,,No,,,,,,,,,,,,,,,,,,,,,,,,,,,,,,,,,,,,,,No,,,,,,,,,,,,,,,,,,,,,,,,,,,,,,,,,,,,,
3/4/26 14:39,3/4/26 14:56,IP Address,100,1022,True,3/4/26 14:56,R_1CCn7PCFILz7KFm,anonymous,EN,I Agree,Invasive plant management ,10+ years,Nongovernmental Organization,,Yes,4,1,2,5,6,3,7,8,,Yes - we monitor invasive plant populations post-treatment,No,,"Bush Honeysuckle (Lonicera maackii, morrowii, tatarica or X bella),Invasive Knotweeds (Reynoutria spp.),Multiflora rose (Rosa multiflora),Autumn-Olive (Elaeagnus umbellata),Barberry  (Berberis thunbergii),Buckthorn (Rhamnus cathartica),Japanese honeysuckle (Lonicera japonica),Spotted knapweed (Centaurea stoebe)",,At the same time due to no change in phenology,At the same time due to no change in phenology,,At the same time due to no change in phenology,,At the same time due to no change in phenology,At the same time due to no change in phenology,,,At the same time due to no change in phenology,,,At the same time due to no change in phenology,,,,,,At the same time despite changing phenology,,,,I don’t know,I don’t know,,I don’t know,,I don’t know,I don’t know,,,I don’t know,,,I don’t know,,,,,,I don’t know,,,,15,8,,10,,15,15,,,15,,,15,,,,,,8,,,Network of sites within one state/province,,Vermont,"If yes, please provide your name and email","Mollie Flanigan, mflanigan@greenmountainclub.org",Yes,"Long Trail crossing of the Lamoille River, Johnson, VT USA",No,,,,,,,,,,,,,,,,Yes,"Hand pulling, digging, or other form of removal of both above and belowground biomass",,June,September,15,15,No,,No,,3,Every 1-2 months,100,,Other,Clear a 20-foot-wide corridor for hiking trail,Very effective,Yes,,No,,,,,,,,,,,,,,,,,,,,,,,,,,,,,,,,,,,,,,No,,,,,,,,,,,,,,,,,,,,,,,,,,,,,,,,,,,,,,Yes,"Dupuis Hill, Pomfret, VT USA",Yes,Foliar spray,,,,,,August,August,15,15,No,,No,,1,Yes,"Mowing, cutting, or other form of removing aboveground biomass",,October,October,17,17,No,,No,,1,Once during the growing season,,,Other,Maintain a meadow for Appalachian Trail vistas and early succession wildlife habitat,Moderately effective,No,More treatment days and larger treatment area to target full scale of the infestation.,No,,,,,,,,,,,,,,,,,,,,,,,,,,,,,,,,,,,,,,Yes,"Korzun Filed, Shrewsbury, VT USA",Yes,Foliar spray,,,,,,August,August,1,1,No,,No,,1,No,,,,,,,,,,,,,,,Other,Supress the population to allow native woody plants to reforest area,Moderately effective,No,Hire a contractor to fully treat site over the course of multiple years to achieve goal of suppressing NNIS population to the point where native vegetation can reforest site.
3/4/26 20:17,3/4/26 21:01,IP Address,100,2622,True,3/4/26 21:01,R_74FeknDhSsDq3Tj,anonymous,EN,I Agree,Invasive plant management ,6 to 10 years,Industry/Private Sector,,Yes,6,2,1,3,4,7,5,8,,Yes - we monitor both invasive plant populations and native recovery post-treatment,"If yes, please provide your name and email",Kayla Cross kayla@ipc.us.com,"Asiatic bittersweet (Celastrus orbiculatus),Bush Honeysuckle (Lonicera maackii, morrowii, tatarica or X bella),Invasive Knotweeds (Reynoutria spp.),Kudzu (Pueraria montana),Multiflora rose (Rosa multiflora),Stiltgrass (Microstegium vimineum),Autumn-Olive (Elaeagnus umbellata),Barberry  (Berberis thunbergii),Black swallowwort (Vincetoxicum nigrum),Buckthorn (Rhamnus cathartica),Chinese silver grass (Miscanthus sinensis),Japanese honeysuckle (Lonicera japonica),Mugwort (Artemisia vulgaris),Norway maple (Acer platanoides),Phragmites australis,Privet (Ligustrum sp.),Spotted knapweed (Centaurea stoebe),Tree of heaven (AiIanthus altissima),Wild parsnip (Pastinaca sativa)",At the same time due to no change in phenology,At the same time due to no change in phenology,Treatment starting earlier due to changing phenology,At the same time due to no change in phenology,At the same time due to no change in phenology,Starting earlier or ending later for other reasons,At the same time due to no change in phenology,At the same time due to no change in phenology,,At the same time due to no change in phenology,At the same time due to no change in phenology,At the same time due to no change in phenology,,Treatment ending later due to changing phenology,Treatment ending later due to changing phenology,At the same time due to no change in phenology,At the same time due to no change in phenology,At the same time due to no change in phenology,,At the same time due to no change in phenology,At the same time due to no change in phenology,At the same time due to no change in phenology,At the same frequency due to no change in phenology,At the same frequency due to no change in phenology,More frequently due to changing phenology,At the same frequency due to no change in phenology,At the same frequency due to no change in phenology,More or less frequently for other reasons,At the same frequency due to no change in phenology,At the same frequency due to no change in phenology,,At the same frequency due to no change in phenology,At the same frequency due to no change in phenology,At the same frequency due to no change in phenology,,Less frequently due to changing phenology,Less frequently due to changing phenology,At the same frequency due to no change in phenology,At the same frequency due to no change in phenology,At the same frequency due to no change in phenology,,At the same frequency due to no change in phenology,At the same frequency due to no change in phenology,At the same frequency due to no change in phenology,10,10,10,10,10,10,10,10,,10,10,10,,10,10,10,10,10,,10,10,10,Multi-state network of sites,,Virginia,"If yes, please provide your name and email",Kayla Cross Kayla@ipc.us.com,,,,,,,,,,,,,,,,,,,,,,,,,,,,,,,,,,,,,,,Yes,Huntley Meadows Park Fairfax county park authority - Alexandria VA ,Yes,Foliar spray,,,,Pre-emergent,pendulum aquacap ,July,September,6,4,"Yes, vegetation emergence",,"Yes, flowering",,1,No,,,,,,,,,,,,,,,Prevent population spread,,Moderately effective,No,"Ideally the site would be treated twice a growing season. Huntley meadows is a very large semi wetland nature preserve so we're spraying as much ground as possible to prevent spread further into the park. But where we started in July more than likely had some sort of new germination plus any of the potential 5% missed targets were able to set at least some seed. We've have recently been using pre-emergent early in the season to help combat stiltgrass ahead of growing season, kind of like a head start. We also use this to make sure more stiltgrass sites over all are being managed within 1 year of funding.","Yes, but I’m out of time - take me to the last section",,,,,,,,,,,,,,,,,,,,,,,,,,,,,,,,,,,,,,Yes,John C. & Margaret K. White Gardens Fairfax county parks - Annandale VA,Yes,"Foliar spray,Cut and paint",Foliar spray,,,,,November,October,1,15,"Yes, dormancy",,"Yes, other",follow up spray within the growing season while new growth is still actively green,4,Yes,"Mowing, cutting, or other form of removing aboveground biomass",,November,October,1,15,"Yes, dormancy",,"Yes, vegetation emergence",,1,Once during the growing season,,0,Locally eradicate the population,,Very effective,No,I would just would have increased to two follow up foliar treatments after cutting and treating in dormancy. This site was so dense with NNI it was impassible but machinery wasn't fully allowed to the majority of that work was done by hand. - so would have brush cleared first if we could have,Yes,Holmes run park Alexandria Virginia,Yes,Cut and paint,Foliar spray,,,Foliar spray,milestone (forgot active),July,October,25,20,"Yes, vegetation emergence",,"Yes, other",pre senescence ,1,Yes,"Mowing, cutting, or other form of removing aboveground biomass",,November,February,1,30,"Yes, dormancy",,"Yes, dormancy",,1,Once during the growing season,0,0,Slow population spread,,Moderately effective,No,It should be treated 2x in the season especially when it's early in the season and not growing on top of everything - less manhours. follow up m=late summer early fall pre dormancy. ,,,,,,,,,,,,,,,,,,,,,,,,,,,,,,,,,,,,,,
3/5/26 7:38,3/5/26 8:29,IP Address,100,3056,True,3/5/26 8:29,R_6lGDmKoRK5yHshi,anonymous,EN,I Agree,Invasive plant management ,10+ years, Federal Government,,Yes,5,2,4,1,3,7,6,8,,Yes - we monitor invasive plant populations post-treatment,"If yes, please provide your name and email",Jesse Wheeler; jesse_wheeler@nps.gov,"Asiatic bittersweet (Celastrus orbiculatus),Bush Honeysuckle (Lonicera maackii, morrowii, tatarica or X bella),Invasive Knotweeds (Reynoutria spp.),Multiflora rose (Rosa multiflora),Autumn-Olive (Elaeagnus umbellata),Barberry  (Berberis thunbergii),Norway maple (Acer platanoides),Phragmites australis,Privet (Ligustrum sp.),Spotted knapweed (Centaurea stoebe)",Treatment ending later due to changing phenology,Treatment starting earlier due to changing phenology,At the same time despite changing phenology,,I don't know,,I don't know,Treatment starting earlier due to changing phenology,,,,,,,,I don't know,I don't know,At the same time despite changing phenology,,I don't know,,,At the same frequency despite a change in phenology,More or less frequently for other reasons,More or less frequently for other reasons,,I don’t know,,I don’t know,More or less frequently for other reasons,,,,,,,,I don’t know,I don’t know,More or less frequently for other reasons,,I don’t know,,,20,23,23,,20,,10,23,,,,,,,,10,3,10,,8,,,Single site,,Maine,"If yes, please provide your name and email",Jesse Wheeler; jesse_wheeler@nps.gov,Yes,"Acadia National Park, Bar Harbor, ME",Yes,Cut and paint,Foliar spray,,,Foliar spray,milestone,June,June,3,25,"Yes, other",Vegetation height reaching approx. 0.5-1m,No,,1,Yes,"Mowing, cutting, or other form of removing aboveground biomass",,June,June,12,24,"Yes, vegetation emergence",,No,,1,Once during the growing season,,0,Decrease population size,,Moderately effective,No,"More visits to each site during the season; experiment with other forms of management (e.g. solarize, wire mesh, etc.)",No,,,,,,,,,,,,,,,,,,,,,,,,,,,,,,,,,,,,,,Yes,"Acadia National Park, Bar Harbor, ME",Yes,Cut and paint,Foliar spray,,,,,June,June,5,5,"Yes, other",Before fruit or seed,No,,1,Yes,"Hand pulling, digging, or other form of removal of both above and belowground biomass",,June,June,5,5,"Yes, other",before seed,No,,1,Once during the growing season,,0,Decrease population size,,Very effective,Yes,,Yes,"Acadia National Park, Bar Harbor, ME",Yes,Cut and paint,Foliar spray,,,,,May,May,29,29,"Yes, other","Before seed, but not in flower",No,,1,Yes,"Hand pulling, digging, or other form of removal of both above and belowground biomass",,May,May,20,20,"Yes, vegetation emergence",,No,,1,Once during the growing season,,0,Locally eradicate the population,,Very effective,Yes,,No,,,,,,,,,,,,,,,,,,,,,,,,,,,,,,,,,,,,,,Yes,"Acadia National Park, Bar Harbor, ME",Yes,Cut and paint,Foliar spray,,,,,May,May,28,28,"Yes, vegetation emergence",,No,,1,No,,,,,,,,,,,,,,,Locally eradicate the population,,Very effective,Yes,
3/5/26 9:08,3/5/26 9:59,IP Address,100,3065,True,3/5/26 9:59,R_6Q75yjxK5fIfXwZ,anonymous,EN,I Agree,Invasive plant management ,10+ years,County Government,,Yes,1,7,6,3,5,2,4,8,,Yes - we monitor both invasive plant populations and native recovery post-treatment,"If yes, please provide your name and email",rpprue21@aacounty.org,"Asiatic bittersweet (Celastrus orbiculatus),Bush Honeysuckle (Lonicera maackii, morrowii, tatarica or X bella),Invasive Knotweeds (Reynoutria spp.),Multiflora rose (Rosa multiflora),Stiltgrass (Microstegium vimineum),Autumn-Olive (Elaeagnus umbellata),Barberry  (Berberis thunbergii),Chinese silver grass (Miscanthus sinensis),Japanese honeysuckle (Lonicera japonica),Mugwort (Artemisia vulgaris),Phragmites australis,Privet (Ligustrum sp.),Tree of heaven (AiIanthus altissima)",At the same time despite changing phenology,Treatment starting earlier due to changing phenology,At the same time despite changing phenology,,Treatment starting earlier due to changing phenology,Other,At the same time despite changing phenology,At the same time despite changing phenology,,,,Treatment starting earlier due to changing phenology,,Other,Other,,Other,Treatment starting earlier due to changing phenology,,,At the same time despite changing phenology,,At the same frequency despite a change in phenology,At the same frequency despite a change in phenology,At the same frequency despite a change in phenology,,At the same frequency despite a change in phenology,At the same frequency despite a change in phenology,At the same frequency despite a change in phenology,At the same frequency despite a change in phenology,,,,At the same frequency despite a change in phenology,,At the same frequency despite a change in phenology,At the same frequency despite a change in phenology,,At the same frequency despite a change in phenology,At the same frequency despite a change in phenology,,,At the same frequency despite a change in phenology,,5,5,3,,5,5,2,5,,,,5,,5,2,,5,5,,,3,,Network of sites within one state/province,,Maryland,"If yes, please provide your name and email",rpprue21@aacounty.org,Yes,"Beverly Triton Nature Park,  Edgewater, Maryland",Yes,,Foliar spray,,,,,July,July,22,22,"Yes, other",Vegetation reemergence after a spring cutback of the initial spring growth,No,,1,No,,,,,,,,,,,,,,,Locally eradicate the population,,Very effective,Yes,,No,,,,,,,,,,,,,,,,,,,,,,,,,,,,,,,,,,,,,,Yes,"Quiet Waters Park, Annapolis, Maryland",Yes,Cut and paint,Cut and paint,,,,,September,October,15,15,"Yes, senescence",,"Yes, senescence",,2,Yes,"Hand pulling, digging, or other form of removal of both above and belowground biomass",,April,October,1,31,"Yes, other",Any time we can while working around the weather and with volunteers ,No,,10,Every 1-2 weeks,85,60,Locally eradicate the population,,Moderately effective,No,"I would have more trained staff to spend a season mapping, cutting, and removing the plants with follow up chemical treatment the next season.",No,,,,,,,,,,,,,,,,,,,,,,,,,,,,,,,,,,,,,,No,,,,,,,,,,,,,,,,,,,,,,,,,,,,,,,,,,,,,,Yes,"Quiet Waters Park, Annapolis, MD",No,,,,,,,,,,,,,,,,Yes,"Hand pulling, digging, or other form of removal of both above and belowground biomass",,April,November,1,15,No,,No,,10,Every 1-2 weeks,82,60,Locally eradicate the population,,Moderately effective,No,More tractor based removal efforts for larger areas would be incorporated and more cut stem treatments would be used.
3/5/26 9:11,3/5/26 10:11,IP Address,100,3628,True,3/5/26 10:11,R_3e8YdoUiS4iZyX0,anonymous,EN,I Agree,Invasive plant management ,6 to 10 years,County Government,,Yes,3,2,7,4,5,1,6,8,,Yes - we monitor invasive plant populations post-treatment,No,,"Asiatic bittersweet (Celastrus orbiculatus),Bush Honeysuckle (Lonicera maackii, morrowii, tatarica or X bella),Invasive Knotweeds (Reynoutria spp.),Multiflora rose (Rosa multiflora),Stiltgrass (Microstegium vimineum),Autumn-Olive (Elaeagnus umbellata),Barberry  (Berberis thunbergii),Black swallowwort (Vincetoxicum nigrum),Buckthorn (Rhamnus cathartica),Himalayan balsam (Impatiens glandulifera),Phragmites australis,Privet (Ligustrum sp.),Tree of heaven (AiIanthus altissima)",At the same time due to no change in phenology,At the same time due to no change in phenology,Starting earlier or ending later for other reasons,,At the same time due to no change in phenology,I don't know,At the same time due to no change in phenology,At the same time due to no change in phenology,,At the same time due to no change in phenology,At the same time due to no change in phenology,,At the same time due to no change in phenology,,,,At the same time due to no change in phenology,At the same time due to no change in phenology,,,At the same time due to no change in phenology,,At the same frequency due to no change in phenology,At the same frequency due to no change in phenology,At the same frequency due to no change in phenology,,At the same frequency due to no change in phenology,At the same frequency due to no change in phenology,At the same frequency due to no change in phenology,At the same frequency due to no change in phenology,,At the same frequency due to no change in phenology,At the same frequency due to no change in phenology,,At the same frequency due to no change in phenology,,,,At the same frequency due to no change in phenology,At the same frequency due to no change in phenology,,,At the same frequency due to no change in phenology,,2,6,3,,6,0,6,6,,1,6,,1,,,,3,6,,,2,,Network of sites within one state/province,,Michigan,No,,Yes,"Kalamazoo, MI USA",Yes,"Foliar spray,Stem injection",,,,Foliar spray,Imazamox,June,September,15,15,"Yes, vegetation emergence",,"Yes, senescence",,1,No,,,,,,,,,,,,,,,Decrease population size,,Very effective,No,Use Imazamox at a higher rate,No,,,,,,,,,,,,,,,,,,,,,,,,,,,,,,,,,,,,,,Yes,"Kalamazoo, MI USA",Yes,,Foliar spray,,,,,September,September,15,15,"Yes, senescence",,No,,1,No,,,,,,,,,,,,,,,Decrease population size,,Moderately effective,Yes,,Yes,"Marshall, MI USA",Yes,,"Foliar spray,Cut and paint",,,,,July,August,15,15,"Yes, vegetation emergence",,"Yes, fruit or seed set",,1,No,,,,,,,,,,,,,,,Decrease population size,,Moderately effective,No,Forestry mow and treat re-sprouts with foliar spray,No,,,,,,,,,,,,,,,,,,,,,,,,,,,,,,,,,,,,,,Yes,"Augusta, MI USA",Yes,,Foliar spray,,,,,June,August,15,30,No,,No,,2,No,,,,,,,,,,,,,,,Decrease population size,,Very effective,Yes,
2/26/26 12:31,2/26/26 12:34,IP Address,23,156,False,3/5/26 12:34,R_1sgWsf7L6yujFg5,anonymous,EN,I Agree,Invasive plant management ,10+ years,Nongovernmental Organization,,Yes,,,,,,,,,,,,,,,,,,,,,,,,,,,,,,,,,,,,,,,,,,,,,,,,,,,,,,,,,,,,,,,,,,,,,,,,,,,,,,,,,,,,,Yes,"Plum Creek preserve, Sharptown, MD",Yes,,,,,,,,,,,,,,,,,,,,,,,,,,,,,,,,,,,,,,,,,,,,,,,,,,,,,,,,,,,,,,,,,,,,,,,,,,,,,,,,,,,,,,,,,,,,,,,,,,,,,,,,,,,,,,,,,,,,,,,,,,,,,,,,,,,,,,,,,,,,,,,,,,,,,,No,,,,,,,,,,,,,,,,,,,,,,,,,,,,,,,,,,,,,,,,,,,,,,,,,,,,,,,,,,,,,,,,,,,,,,,,,,,
3/5/26 15:10,3/5/26 15:11,IP Address,100,67,True,3/5/26 15:11,R_6k5s99xAPEwJubB,anonymous,EN,I Agree,"Other (I work with invasive plants but not as a manager, researcher, or extension)",6 to 10 years,Industry/Private Sector,,"No, I do not actively manage invasive plant species",,,,,,,,,,,,,,,,,,,,,,,,,,,,,,,,,,,,,,,,,,,,,,,,,,,,,,,,,,,,,,,,,,,,,,,,,,,,,,,,,,,,,,,,,,,,,,,,,,,,,,,,,,,,,,,,,,,,,,,,,,,,,,,,,,,,,,,,,,,,,,,,,,,,,,,,,,,,,,,,,,,,,,,,,,,,,,,,,,,,,,,,,,,,,,,,,,,,,,,,,,,,,,,,,,,,,,,,,,,,,,,,,,,,,,,,,,,,,,,,,,,,,,,,,,,,,,,,,,,,,,,,,,,,,,,,,,,,,,,,,,,,,,,,,,,,,,,,,,,,,,,,,,,,,,,,
2/26/26 15:10,2/26/26 15:19,IP Address,96,572,False,3/5/26 15:19,R_5rPb2zVGsc4pAbH,anonymous,EN,I Agree,Invasive plant management ,2 to 5 years,Nongovernmental Organization,,Yes,,,,,,,,,,,,,,,,,,,,,,,,,,,,,,,,,,,,,,,,,,,,,,,,,,,,,,,,,,,,,,,,,,,,,,,,,,,,,,,,,,,,,,,,,,,,,,,,,,,,,,,,,,,,,,,,,,,,,,,,,,,,,,,,,,,,,,,,,,,,,,,,,,,,,,,,,,,,,,,,,,,,,,,,,,,,,,,,,,,,,,,,,,,,,,,,,,,,,,,Yes,"Sipson Island, Orleans, MA ",Yes,,,,,,,,,,,,,,,,Yes,"Mowing, cutting, or other form of removing aboveground biomass",,,,,,,,,,,,,,,,,,,,,,,,,,,,,,,,,,,,,,,,,,,,,,,,,,,,,,,,,,,,,,,,,,,,,,,,,,,,,,,,,,,,,,,,,,,,,,
3/5/26 16:35,3/5/26 16:43,IP Address,100,509,True,3/5/26 16:43,R_7B9gKVBYajQN8hK,anonymous,EN,I Agree,Invasive plant management ,10+ years,Nongovernmental Organization,,Yes,5,2,1,3,4,7,6,8,,Yes - we monitor both invasive plant populations and native recovery post-treatment,No,,Invasive Knotweeds (Reynoutria spp.),,,"Treatment starting earlier due to changing phenology,Starting earlier or ending later for other reasons",,,,,,,,,,,,,,,,,,,,,,"Less frequently due to changing phenology,Other",,,,,,,,,,,,,,,,,,,,,,2,,,,,,,,,,,,,,,,,,,,Single site,,Vermont,"If yes, please provide your name and email",Amanda Garland amanda@vermontriverconservancy.org,Yes,"Worcester, VT ",No,,,,,,,,,,,,,,,,Yes,"Hand pulling, digging, or other form of removal of both above and belowground biomass",,April,May,1,5,"Yes, other","In prep for rare turtle nesting, outside the nesting season ","Yes, other",before the turtles arrive for nesting ,4,Weekly or more frequently,83,40,Slow population spread,,Extremely effective,Yes,,No,,,,,,,,,,,,,,,,,,,,,,,,,,,,,,,,,,,,,,No,,,,,,,,,,,,,,,,,,,,,,,,,,,,,,,,,,,,,,No,,,,,,,,,,,,,,,,,,,,,,,,,,,,,,,,,,,,,,No,,,,,,,,,,,,,,,,,,,,,,,,,,,,,,,,,,,,,,No,,,,,,,,,,,,,,,,,,,,,,,,,,,,,,,,,,,,,
2/27/26 6:42,2/27/26 6:43,IP Address,0,26,False,3/6/26 6:43,R_1rToJidTCVDG2zt,anonymous,EN,I Agree,,,,,,,,,,,,,,,,,,,,,,,,,,,,,,,,,,,,,,,,,,,,,,,,,,,,,,,,,,,,,,,,,,,,,,,,,,,,,,,,,,,,,,,,,,,,,,,,,,,,,,,,,,,,,,,,,,,,,,,,,,,,,,,,,,,,,,,,,,,,,,,,,,,,,,,,,,,,,,,,,,,,,,,,,,,,,,,,,,,,,,,,,,,,,,,,,,,,,,,,,,,,,,,,,,,,,,,,,,,,,,,,,,,,,,,,,,,,,,,,,,,,,,,,,,,,,,,,,,,,,,,,,,,,,,,,,,,,,,,,,,,,,,,,,,,,,,,,,,,,,,,,,,,,,,,,,,,,,
2/27/26 7:15,2/27/26 7:18,IP Address,23,153,False,3/6/26 7:18,R_3v2sceCCfhGq8lq,anonymous,EN,I Agree,Invasive plant management ,10+ years, Federal Government,,Yes,,,,,,,,,,,,,,,,,,,,,,,,,,,,,,,,,,,,,,,,,,,,,,,,,,,,,,,,,,,,,,,,,,,,,,,,,,,,,,,,,,,,,,,,,,,,,,,,,,,,,,,,,,,,,,,,,,,,,,,,,,,,,,,,,,,,,,,,,,,,,,,,,,,,,,,,,,,,,,,,,Yes,,Yes,,,,,,,,,,,,,,,,,,,,,,,,,,,,,,,,,,,,,,,,,,,,,,,,,,,,,,,,,,,,,,,,,,,,,,,,,,No,,,,,,,,,,,,,,,,,,,,,,,,,,,,,,,,,,,,,,,,,,,,,,,,,,,,,,,,,,,,,,,,,,,,,,,,,,,
2/27/26 8:08,2/27/26 8:13,IP Address,37,308,False,3/6/26 8:14,R_32gPxxtyQJpSRY3,anonymous,EN,I Agree,Invasive plant management ,6 to 10 years,Industry/Private Sector,,Yes,,,,,,,,,,,,,,,,,,,,,,,,,,,,,,,,,,,,,,,,,,,,,,,,,,,,,,,,,,,,,,,,,,,,,,,,,,,,,,,,,,,,,Yes,"Woods Hole, Mass",No,,,,,,,,,,,,,,,,Yes,"Mowing, cutting, or other form of removing aboveground biomass",,April,November,1,30,"Yes, vegetation emergence",,"Yes, vegetation emergence",,7,Every 1-2 months,,,Locally eradicate the population,,Very effective,Yes,,,,,,,,,,,,,,,,,,,,,,,,,,,,,,,,,,,,,,,,,,,,,,,,,,,,,,,,,,,,,,,,,,,,,,,,,,,,,,,,,,,,,,,,,,,,,,,,,,,,,,,,,,,,,,,,,,,,No,,,,,,,,,,,,,,,,,,,,,,,,,,,,,,,,,,,,,,,,,,,,,,,,,,,,,,,,,,,,,,,,,,,,,,,,,,,
2/27/26 7:58,2/27/26 8:14,IP Address,100,951,False,3/6/26 8:14,R_3xWmMycsOGyULC1,anonymous,EN,I Agree,Invasive plant management ,6 to 10 years,Industry/Private Sector,,Yes,1,2,6,4,3,5,7,8,,Yes - we monitor invasive plant populations post-treatment,No,,"Asiatic bittersweet (Celastrus orbiculatus),Bush Honeysuckle (Lonicera maackii, morrowii, tatarica or X bella),Multiflora rose (Rosa multiflora),Stiltgrass (Microstegium vimineum),Autumn-Olive (Elaeagnus umbellata),Barberry  (Berberis thunbergii),Japanese honeysuckle (Lonicera japonica),Privet (Ligustrum sp.),Tree of heaven (AiIanthus altissima)",,,,,,,,,,,,,,,,,,,,,,,,,,,,,,,,,,,,,,,,,,,,,,,,,,,,,,,,,,,,,,,,,,,,,,,,No,,,,,,,,,,,,,,,,,,,,,,,,,,,,,,,,,,,,,,Yes,"Loch Raven Reservoir, Baltimore Co, MD USA",Yes,,,,,Pre-emergent,Snap Shot,March,June,1,15,"Yes, dormancy",,"Yes, vegetation emergence",,3,No,,,,,,,,,,,,,,,Slow population spread,,Very effective,Yes,,Yes,"Loch Raven Reservoir, Baltimore Co, Maryland USA",Yes,,Cut and paint,,,,,July,December,5,31,"Yes, vegetation emergence",,"Yes, senescence",,1,Yes,"Mowing, cutting, or other form of removing aboveground biomass",,July,December,5,31,No,,No,,1,Once during the growing season,,0,Slow population spread,,Moderately effective,Yes,,Yes,"Loch Raven Reservoir, Baltimore Co, Maryland USA",Yes,Foliar spray,Foliar spray,,,,,April,October,1,31,"Yes, vegetation emergence",,"Yes, senescence",,1,Yes,"Mowing, cutting, or other form of removing aboveground biomass",,January,December,1,31,No,,No,,1,Once during the growing season,,0,Slow population spread,,Moderately effective,Yes,,No,,,,,,,,,,,,,,,,,,,,,,,,,,,,,,,,,,,,,,Yes,"Loch Raven Reservoir, Baltimore Co, MD USA",Yes,Foliar spray,Foliar spray,,,,,April,October,1,31,"Yes, vegetation emergence",,"Yes, senescence",,1,Yes,"Mowing, cutting, or other form of removing aboveground biomass",,January,December,1,31,No,,No,,1,Once during the growing season,0,0,Slow population spread,,Extremely effective,Yes,
2/27/26 12:29,2/27/26 12:30,IP Address,7,94,False,3/6/26 12:30,R_3QXZGwcQhPlWvgJ,anonymous,EN,I Agree,Invasive plant management ,Less than 2 years,Industry/Private Sector,,Yes,,,,,,,,,,,,,,,,,,,,,,,,,,,,,,,,,,,,,,,,,,,,,,,,,,,,,,,,,,,,,,,,,,,,,,,,,,,,,,,,,,,,,,,,,,,,,,,,,,,,,,,,,,,,,,,,,,,,,,,,,,,,,,,,,,,,,,,,,,,,,,,,,,,,,,,,,,,,,,,,,,,,,,,,,,,,,,,,,,,,,,,,,,,,,,,,,,,,,,,,,,,,,,,,,,,,,,,,,,,,,,,,,,,,,,,,,,,,,,,,,,,,,,,,,,,,,,,,,,,,,,,,,,,,,,,,,,,,,,,,,,,,,,,,,,,,,,,,,,,,,,,,,,,,,,,,
3/6/26 14:02,3/6/26 14:25,IP Address,100,1362,True,3/6/26 14:25,R_1jvRN5ofBQAxAQE,anonymous,EN,I Agree,Invasive plant research/science,6 to 10 years,Other,Non-Profit environmental stewardship org.,Yes,,,,,,,,,,Yes - we monitor invasive plant populations post-treatment,"If yes, please provide your name and email",Tom Hoagland  tom.hoagland963@gmail.com,"Asiatic bittersweet (Celastrus orbiculatus),Bush Honeysuckle (Lonicera maackii, morrowii, tatarica or X bella),Invasive Knotweeds (Reynoutria spp.),Multiflora rose (Rosa multiflora),Stiltgrass (Microstegium vimineum),Autumn-Olive (Elaeagnus umbellata),Barberry  (Berberis thunbergii),Black swallowwort (Vincetoxicum nigrum),Chinese silver grass (Miscanthus sinensis),Japanese honeysuckle (Lonicera japonica),Mugwort (Artemisia vulgaris),Phragmites australis,Privet (Ligustrum sp.)",Treatment ending later due to changing phenology,Treatment ending later due to changing phenology,,,Treatment ending later due to changing phenology,Treatment ending later due to changing phenology,Treatment ending later due to changing phenology,Treatment ending later due to changing phenology,,,,Treatment ending later due to changing phenology,,Treatment ending later due to changing phenology,Treatment ending later due to changing phenology,,Treatment ending later due to changing phenology,Treatment ending later due to changing phenology,,,,,At the same frequency due to no change in phenology,At the same frequency due to no change in phenology,At the same frequency due to no change in phenology,,At the same frequency due to no change in phenology,At the same frequency due to no change in phenology,At the same frequency due to no change in phenology,At the same frequency due to no change in phenology,,At the same frequency due to no change in phenology,,At the same frequency due to no change in phenology,,At the same frequency due to no change in phenology,At the same frequency due to no change in phenology,,At the same frequency due to no change in phenology,At the same frequency due to no change in phenology,,,,,10,10,3,,10,1,5,5,,10,,10,,10,4,,8,10,,,,,Single site,,Rhode Island,"If yes, please provide your name and email",Tom Hoagland  tom.hoagland963@gmail.com,Yes,"Canonchet Farm, Narragansett, RI",Yes,Foliar spray,,,,,,August,August,19,19,"Yes, flowering",,"Yes, flowering",,1,Yes,"Hand pulling, digging, or other form of removal of both above and belowground biomass",,July,July,12,12,No,,No,,1,Once during the growing season,100,5,Slow population spread,,Slightly effective,No,Address more surrounding areas to retard even further its spread,Yes,"Canonchet Farm, Narragansett, RI",No,,,,,,,,,,,,,,,,Yes,"Mowing, cutting, or other form of removing aboveground biomass",,September,September,24,24,"Yes, fruit or seed set",,"Yes, fruit or seed set",,1,Once during the growing season,100,4,Prevent population spread,,Moderately effective,No,,No,,,,,,,,,,,,,,,,,,,,,,,,,,,,,,,,,,,,,,No,,,,,,,,,,,,,,,,,,,,,,,,,,,,,,,,,,,,,,No,,,,,,,,,,,,,,,,,,,,,,,,,,,,,,,,,,,,,,Yes,"Canonchet Farm, Narragansett, RI",No,,,,,,,,,,,,,,,,Yes,"Hand pulling, digging, or other form of removal of both above and belowground biomass",,October,December,,,No,,No,,1,Weekly or more frequently,100,10,Locally eradicate the population,,Moderately effective,Yes,
3/6/26 14:54,3/6/26 15:09,IP Address,100,869,True,3/6/26 15:09,R_3hWNnsHnfqeyPMg,anonymous,EN,I Agree,Invasive plant management ,6 to 10 years,City/Municipal Government,,Yes,1,5,4,3,7,6,2,8,,Yes - we monitor both invasive plant populations and native recovery post-treatment,"If yes, please provide your name and email",Shauna.Doll@halifax.ca,"Invasive Knotweeds (Reynoutria spp.),Buckthorn (Rhamnus cathartica),Norway maple (Acer platanoides),Tree of heaven (AiIanthus altissima),Wild parsnip (Pastinaca sativa)",,,Treatment ending later due to changing phenology,,,,,,,,I don't know,,,,,I don't know,,,,,Other,I don't know,,,Other,,,,,,,,Other,,,,,Other,,,,,Other,Other,,,,,,,,,,,,,,,,,,,,,,, Other (please specify),Network of sites in the municipality,Nova Scotia,"If yes, please provide your name and email",Shauna.Doll@halifax.ca,Yes,"Dartmouth Common, Dartmouth, NS CAN",No,,,,,,,,,,,,,,,,Yes,Other,"Cutting, solarizing, and smothering",July,,31,,"Yes, other","Sought to begin removal aligned with vegetation emergence, but delays due to capacity pushed removal to June, followed by some heavy machinery work to level the site. Tarping and greenhouse plastic were then installed in late July.","Yes, other","No additional removal was required due to tarping, though we monitored the site every two weeks until end of October to ensure tarps were still intact",2,Every 2-4 weeks,90,336,Decrease population size,,Extremely effective,No,Injection of herbicide is likely to be a more efficacious and longer-term management option.,No,,,,,,,,,,,,,,,,,,,,,,,,,,,,,,,,,,,,,,No,,,,,,,,,,,,,,,,,,,,,,,,,,,,,,,,,,,,,,No,,,,,,,,,,,,,,,,,,,,,,,,,,,,,,,,,,,,,,No,,,,,,,,,,,,,,,,,,,,,,,,,,,,,,,,,,,,,,Yes,"Penhorn Lake Park, Dartmouth, NS CAN",No,,,,,,,,,,,,,,,,Yes,"Hand pulling, digging, or other form of removal of both above and belowground biomass",,May,,12,,"Yes, other",Once--we had access to an excavator so were able to dig out multiple plants and replanted native vegetation in the same site.,"Yes, other",n/a,1,Once during the growing season,0,0,Decrease population size,,Moderately effective,Yes,
3/6/26 15:13,3/6/26 15:30,IP Address,100,1033,True,3/6/26 15:30,R_3PSIjLonB3jZ76Z,anonymous,EN,I Agree,Invasive plant management ,2 to 5 years,Nongovernmental Organization,,Yes,4,3,5,1,6,2,7,8,,Yes - we monitor both invasive plant populations and native recovery post-treatment,No,,"Asiatic bittersweet (Celastrus orbiculatus),Bush Honeysuckle (Lonicera maackii, morrowii, tatarica or X bella),Invasive Knotweeds (Reynoutria spp.),Multiflora rose (Rosa multiflora),Autumn-Olive (Elaeagnus umbellata),Black swallowwort (Vincetoxicum nigrum),Chinese silver grass (Miscanthus sinensis),Japanese honeysuckle (Lonicera japonica),Mugwort (Artemisia vulgaris),Scotch broom (Cytisus scoparius),Spotted knapweed (Centaurea stoebe)",,,,,,,,,,,,,,,,,,,,,,,,,,,,,,,,,,,,,,,,,,,,,,,,,,,,,,,,,,,,,,,,,,,Network of sites within one state/province,,Massachusetts,No,,Yes,"0 Fox Meadow Drive, Brewster MA",No,,,,,,,,,,,,,,,,Yes,Other,cutting with hedge trimmer  and digging with mini excavator. ,,,,,No,,,,1,Once during the growing season,50,,Slow population spread,,Moderately effective,No,herbicide use,No,,,,,,,,,,,,,,,,,,,,,,,,,,,,,,,,,,,,,,Yes,"Dowling property, 0 Lower Rd, Brewster MA",No,,,,,,,,,,,,,,,,Yes,Other,"mowing, mini excavator to dig up roots, cutting from trees, solarization and smothering in some areas. Basically every form of mechanical removal!",,,,,"Yes, vegetation emergence",,"Yes, vegetation emergence",,10,Every 1-2 months,50,,Locally eradicate the population,,Moderately effective,No,herbicide,Yes,"Eddy Bay trail, Brewster MA ",No,,,,,,,,,,,,,,,,Yes,"Mowing, cutting, or other form of removing aboveground biomass",,,,,,No,,No,,,Every 1-2 months,90,,Decrease population size,,Slightly effective,Yes,,No,,,,,,,,,,,,,,,,,,,,,,,,,,,,,,,,,,,,,,Yes,"Quivett Marsh Vista, Brewster MA 02631",No,,,,,,,,,,,,,,,,Yes,"Mowing, cutting, or other form of removing aboveground biomass",,,,,,,,,,,,,,Decrease population size,,Slightly effective,No,routine herbicide treatments would be ideal. 
2/28/26 16:06,2/28/26 16:16,IP Address,97,629,False,3/7/26 16:16,R_1ScfuL7XgzhpxaV,anonymous,EN,I Agree,Invasive plant management ,6 to 10 years,State Government,,Yes,2,7,4,5,6,3,1,8,,Yes - we monitor native species or ecological recovery post-treatment,No,,"Bush Honeysuckle (Lonicera maackii, morrowii, tatarica or X bella),Multiflora rose (Rosa multiflora),Stiltgrass (Microstegium vimineum),Autumn-Olive (Elaeagnus umbellata),Phragmites australis,Privet (Ligustrum sp.),Tree of heaven (AiIanthus altissima)",,,,,,,,,,,,,,,,,,,,,,,,,,,,,,,,,,,,,,,,,,,,,,,,,,,,,,,,,,,,,,,,,,,,,,,,No,,,,,,,,,,,,,,,,,,,,,,,,,,,,,,,,,,,,,,Yes,,Yes,Foliar spray,Foliar spray,,,,,,,,,No,,No,,1,Yes,"Mowing, cutting, or other form of removing aboveground biomass",,,,,,No,,No,,1,Once during the growing season,,,Locally eradicate the population,,Moderately effective,Yes,,No,,,,,,,,,,,,,,,,,,,,,,,,,,,,,,,,,,,,,,Yes,,Yes,,"Foliar spray,Other",,,,,,,,,"Yes, flowering",,"Yes, fruit or seed set",,1,Yes,"Mowing, cutting, or other form of removing aboveground biomass",,,,,,"Yes, flowering",,"Yes, fruit or seed set",,1,Once during the growing season,,,Prevent population spread,,Very effective,Yes,,No,,,,,,,,,,,,,,,,,,,,,,,,,,,,,,,,,,,,,,Yes,,No,,,,,,,,,,,,,,,,Yes,"Mowing, cutting, or other form of removing aboveground biomass",,,,,,"Yes, flowering",,"Yes, fruit or seed set",,1,Once during the growing season,0,,Prevent population spread,,Moderately effective,Yes,
3/1/26 9:31,3/1/26 9:34,IP Address,2,179,False,3/8/26 10:34,R_8R7GRWI3GXEnwBA,anonymous,EN,I Agree,Invasive plant management ,Less than 2 years,Other,Nature conservation,,,,,,,,,,,,,,,,,,,,,,,,,,,,,,,,,,,,,,,,,,,,,,,,,,,,,,,,,,,,,,,,,,,,,,,,,,,,,,,,,,,,,,,,,,,,,,,,,,,,,,,,,,,,,,,,,,,,,,,,,,,,,,,,,,,,,,,,,,,,,,,,,,,,,,,,,,,,,,,,,,,,,,,,,,,,,,,,,,,,,,,,,,,,,,,,,,,,,,,,,,,,,,,,,,,,,,,,,,,,,,,,,,,,,,,,,,,,,,,,,,,,,,,,,,,,,,,,,,,,,,,,,,,,,,,,,,,,,,,,,,,,,,,,,,,,,,,,,,,,,,,,,,,,,,,,,
3/2/26 7:32,3/2/26 7:34,IP Address,8,142,False,3/9/26 8:34,R_1LaAlozsBlD295T,anonymous,EN,I Agree,Invasive plant management ,2 to 5 years,State Government,,Yes,,,,,,,,,,,,,,,,,,,,,,,,,,,,,,,,,,,,,,,,,,,,,,,,,,,,,,,,,,,,,,,,,,,,,,,,,,,,,,,,,,,,,,,,,,,,,,,,,,,,,,,,,,,,,,,,,,,,,,,,,,,,,,,,,,,,,,,,,,,,,,,,,,,,,,,,,,,,,,,,,Yes,,,,,,,,,,,,,,,,,,,,,,,,,,,,,,,,,,,,,,,,,,,,,,,,,,,,,,,,,,,,,,,,,,,,,,,,,,,,,,,,,,,,,,,,,,,,,,,,,,,,,,,,,,,,,,,,,,,,,,,,,,,,,,,,,,,,,,,,,,,,,,,,,,,,,,,
3/9/26 9:13,3/9/26 9:15,IP Address,100,89,True,3/9/26 9:15,R_6lrYkWkKQhouXhn,anonymous,EN,I Agree,Invasive plant management ,2 to 5 years,Industry/Private Sector,,"No, I do not actively manage invasive plant species",,,,,,,,,,,,,,,,,,,,,,,,,,,,,,,,,,,,,,,,,,,,,,,,,,,,,,,,,,,,,,,,,,,,,,,,,,,,,,,,,,,,,,,,,,,,,,,,,,,,,,,,,,,,,,,,,,,,,,,,,,,,,,,,,,,,,,,,,,,,,,,,,,,,,,,,,,,,,,,,,,,,,,,,,,,,,,,,,,,,,,,,,,,,,,,,,,,,,,,,,,,,,,,,,,,,,,,,,,,,,,,,,,,,,,,,,,,,,,,,,,,,,,,,,,,,,,,,,,,,,,,,,,,,,,,,,,,,,,,,,,,,,,,,,,,,,,,,,,,,,,,,,,,,,,,,
3/2/26 8:57,3/2/26 8:58,IP Address,52,85,False,3/9/26 9:58,R_50qjuaKK1fHxlN2,anonymous,EN,I Agree,Invasive plant management ,10+ years,Industry/Private Sector,,Yes,,,,,,,,,,,,,,,,,,,,,,,,,,,,,,,,,,,,,,,,,,,,,,,,,,,,,,,,,,,,,,,,,,,,,,,,,,,,,,,,,,,,,,,,,,,,,,,,,,,,,,,,,,,,,,,,,,,,,,,,,,,No,,,,,,,,,,,,,,,,,,,,,,,,,,,,,,,,,,,,,,,,,,,,,,,,,,,,,,,,,,,,,,,,,,,,,,,,,,,,Yes,,,,,,,,,,,,,,,,,,,,,,,,,,,,,,,,,,,,,,,,,,,,,,,,,,,,,,,,,,,,,,,,,,,,,,,,,,,,,,,,,,,,,,,,,,,,,,,,,,,,,,,,,,,,,,,,,
3/9/26 10:39,3/9/26 11:03,IP Address,100,1442,True,3/9/26 11:03,R_3YsNgjgIfC3NqDf,anonymous,EN,I Agree,Invasive plant management ,2 to 5 years,City/Municipal Government,,Yes,3,1,5,2,7,4,6,8,,Yes - we monitor both invasive plant populations and native recovery post-treatment,No,,"Bush Honeysuckle (Lonicera maackii, morrowii, tatarica or X bella),Invasive Knotweeds (Reynoutria spp.),Autumn-Olive (Elaeagnus umbellata),Buckthorn (Rhamnus cathartica),Japanese honeysuckle (Lonicera japonica),Norway maple (Acer platanoides),Phragmites australis,Tree of heaven (AiIanthus altissima),Wild parsnip (Pastinaca sativa)",,I don't know,Starting earlier or ending later for other reasons,,,,I don't know,,,,At the same time despite changing phenology,,,I don't know,,I don't know,At the same time due to no change in phenology,,,,At the same time due to no change in phenology,Starting earlier or ending later for other reasons,,I don’t know,More frequently due to changing phenology,,,,I don’t know,,,,More frequently due to changing phenology,,,I don’t know,,At the same frequency due to no change in phenology,I don’t know,,,,At the same frequency due to no change in phenology,I don’t know,,,8,,,,,,,,8,,,,,,,,,,2,,Network of sites within one state/province,,Ontario,No,,Yes,"Along Wyecroft Rd, Oakville, ON CA",Yes,Foliar spray,,,,,,,,,,"Yes, vegetation emergence",,"Yes, fruit or seed set",,,Yes,"Mowing, cutting, or other form of removing aboveground biomass",,,,,,"Yes, flowering",,"Yes, fruit or seed set",,,Every 1-2 months,,,Other,Baseline site to monitor other knotweed locations and determine appropriate application/mowing timelines,Very effective,Yes,,No,,,,,,,,,,,,,,,,,,,,,,,,,,,,,,,,,,,,,,No,,,,,,,,,,,,,,,,,,,,,,,,,,,,,,,,,,,,,,No,,,,,,,,,,,,,,,,,,,,,,,,,,,,,,,,,,,,,,No,,,,,,,,,,,,,,,,,,,,,,,,,,,,,,,,,,,,,,No,,,,,,,,,,,,,,,,,,,,,,,,,,,,,,,,,,,,,
3/9/26 11:06,3/9/26 11:15,IP Address,100,542,True,3/9/26 11:15,R_1OfwKlCXtu2ZYoa,anonymous,EN,I Agree,"Other (I work with invasive plants but not as a manager, researcher, or extension)",2 to 5 years,Other,Landowner who manages invasive species but also does urban forestry professionally ,Yes,1,3,5,4,6,2,7,8,,Yes - we monitor invasive plant populations post-treatment,No,,"Invasive Knotweeds (Reynoutria spp.),Buckthorn (Rhamnus cathartica),Mugwort (Artemisia vulgaris)",,,At the same time despite changing phenology,,,,,,,,At the same time despite changing phenology,,,,At the same time despite changing phenology,,,,,,,,,,More or less frequently for other reasons,,,,,,,,More or less frequently for other reasons,,,,More frequently due to changing phenology,,,,,,,,,,5,,,,,,,,2,,,,3,,,,,,,, Other (please specify),Multiple sites within my 150 acres property ,Vermont,No,,Yes,Bethel VT,No,,,,,,,,,,,,,,,,Yes,Other,Both mowing/cutting and hand pulling across different sites,June,September,1,1,"Yes, vegetation emergence",,"Yes, flowering",,3.5,Every 1-2 months,,,Locally eradicate the population,,Moderately effective,No,Herbicide application and increase in mechanical removal . would increase time allocated towards it,No,,,,,,,,,,,,,,,,,,,,,,,,,,,,,,,,,,,,,,No,,,,,,,,,,,,,,,,,,,,,,,,,,,,,,,,,,,,,,No,,,,,,,,,,,,,,,,,,,,,,,,,,,,,,,,,,,,,,No,,,,,,,,,,,,,,,,,,,,,,,,,,,,,,,,,,,,,,No,,,,,,,,,,,,,,,,,,,,,,,,,,,,,,,,,,,,,
3/9/26 12:28,3/9/26 12:45,IP Address,100,1043,True,3/9/26 12:45,R_7jZpgrqPT21G0fj,anonymous,EN,I Agree,Invasive plant management ,10+ years,State Government,,Yes,1,2,3,4,7,5,6,8,,Yes - we monitor invasive plant populations post-treatment,"If yes, please provide your name and email",Robert.Nelson@vermont.gov,"Asiatic bittersweet (Celastrus orbiculatus),Bush Honeysuckle (Lonicera maackii, morrowii, tatarica or X bella),Invasive Knotweeds (Reynoutria spp.),Multiflora rose (Rosa multiflora),Stiltgrass (Microstegium vimineum),Autumn-Olive (Elaeagnus umbellata),Barberry  (Berberis thunbergii),Buckthorn (Rhamnus cathartica),Phragmites australis,Wild parsnip (Pastinaca sativa)",At the same time due to no change in phenology,At the same time due to no change in phenology,At the same time due to no change in phenology,,At the same time due to no change in phenology,At the same time due to no change in phenology,At the same time due to no change in phenology,At the same time due to no change in phenology,,,Treatment ending later due to changing phenology,,,,,,At the same time due to no change in phenology,,,,,At the same time due to no change in phenology,At the same frequency due to no change in phenology,At the same frequency due to no change in phenology,At the same frequency due to no change in phenology,,At the same frequency due to no change in phenology,At the same frequency due to no change in phenology,At the same frequency due to no change in phenology,At the same frequency due to no change in phenology,,,At the same frequency due to no change in phenology,,,,,,At the same frequency due to no change in phenology,,,,,At the same frequency due to no change in phenology,5,15,3,,30,25,30,5,,,15,,,,,,5,,,,,5,Single site,,Vermont,"If yes, please provide your name and email",Robert.Nelson@vermont.gov,Yes,"Blue Goose Farm, Randolph Center, Vermont",Yes,Foliar spray,Foliar spray,,,,,May,June,15,15,"Yes, vegetation emergence",,"Yes, flowering",,2,No,,,,,,,,,,,,,,,Decrease population size,,Moderately effective,Yes,,Yes,"Blue Goose Farm, Randolph Center, Vermont",Yes,Foliar spray,,,,Foliar spray,metsulfuron methyl,June,June,1,15,"Yes, vegetation emergence",,No,,1,No,,,,,,,,,,,,,,,Locally eradicate the population,,Moderately effective,Yes,,Yes,"Blue Goose Farm, Randolph Center, Vermont",Yes,,Cut and paint,,,,,June,July,15,30,"Yes, vegetation emergence",,"Yes, fruit or seed set",,1,No,,,,,,,,,,,,,,,Decrease population size,,Very effective,Yes,,Yes,"Blue Goose Farm, Randolph Center, Vermont",Yes,Foliar spray,Foliar spray,,,Foliar spray,metsulfuron methyl,June,July,1,15,"Yes, vegetation emergence",,"Yes, fruit or seed set",,1,No,,,,,,,,,,,,,,,Decrease population size,,Very effective,Yes,,No,,,,,,,,,,,,,,,,,,,,,,,,,,,,,,,,,,,,,,Yes,"Blue Goose Farm, Randolph Center, Vermont",Yes,Foliar spray,Foliar spray,,,Foliar spray,metsulfuron methyl,June,July,1,30,"Yes, vegetation emergence",,"Yes, fruit or seed set",,1,No,,,,,,,,,,,,,,,Decrease population size,,Very effective,Yes,
3/2/26 13:41,3/2/26 13:44,IP Address,9,136,False,3/9/26 14:44,R_72kkuad3qhapSZX,anonymous,EN,I Agree,Invasive plant management ,2 to 5 years,Industry/Private Sector,,Yes,,,,,,,,,,,,,,,,,,,,,,,,,,,,,,,,,,,,,,,,,,,,,,,,,,,,,,,,,,,,,,,,,,,,,,,,,,,,,,,,,,,,,,,,,,,,,,,,,,,,,,,,,,,,,,,,,,,,,,,,,,,,,,,,,,,,,,,,,,,,,,,,,,,,,,,,,,,,,,,,,,,,,,,,,,,,,,,,,,,,,,,,,,,,,,,,,,,,,,,Yes,"Mount Tom Easthampton, MA",Yes,,,,,,,,,,,,,,,,,,,,,,,,,,,,,,,,,,,,,,,,,,,,,,,,,,,,,,,,,,,,,,,,,,,,,,,,,,,,,,,,,,,,,,,,,,,,,,,,,,,,,,,,,,,,,,,
3/9/26 14:30,3/9/26 15:44,IP Address,100,4474,True,3/9/26 15:44,R_5f0dgF6wdYD8aPv,anonymous,EN,I Agree,Invasive plant management ,10+ years,Nongovernmental Organization,,Yes,2,1,4,3,7,5,6,8,,Yes - we monitor invasive plant populations post-treatment,No,,"Asiatic bittersweet (Celastrus orbiculatus),Bush Honeysuckle (Lonicera maackii, morrowii, tatarica or X bella),Invasive Knotweeds (Reynoutria spp.),Multiflora rose (Rosa multiflora),Autumn-Olive (Elaeagnus umbellata),Barberry  (Berberis thunbergii),Black swallowwort (Vincetoxicum nigrum),Norway maple (Acer platanoides),Phragmites australis",I don't know,I don't know,I don't know,,Treatment starting earlier due to changing phenology,,I don't know,I don't know,,I don't know,,,,,,I don't know,I don't know,,,,,,I don’t know,I don’t know,I don’t know,,I don’t know,,I don’t know,I don’t know,,I don’t know,,,,,,I don’t know,I don’t know,,,,,,20,20,15,,20,,20,20,,5,,,,,,20,20,,,,,,Network of sites within one state/province,,Maine,No,,Yes,"The Basin Preserve, Phippsburg, ME USA",Yes,Foliar spray,,,,,,August,September,5,5,"Yes, other",strong re-growth of veg after cutting it back in spring,"Yes, other",treating any missed stems from 1st treatment,2,Yes,"Mowing, cutting, or other form of removing aboveground biomass",,July,July,15,15,"Yes, other",After full plant emergence but before flowering,"Yes, other",After full plant emergence but before flowering,1,Once during the growing season,,0,Locally eradicate the population,,Very effective,Yes,,No,,,,,,,,,,,,,,,,,,,,,,,,,,,,,,,,,,,,,,Yes,"Appleton Bog Preserve, Appleton, ME USA",Yes,,Other,,,,,July,July,1,1,No,,No,,1,Yes,"Hand pulling, digging, or other form of removal of both above and belowground biomass",,July,July,1,1,No,,No,,1,Once during the growing season,,0,Other,Both slow population spread and reduce population size,Slightly effective,No,"Increased bouts of control, potentially the use of a contractor crew to treat larger areas (both mechanically and with herbicides)",Yes,"Appleton Bog Preseve, Appleton, ME USA",Yes,"Foliar spray,Cut and paint",,,,,,July,July,1,1,"Yes, other",just before flowering,"Yes, other",just before flowering,1,No,,,,,,,,,,,,,,,Other,Slow population spread and decrease population size,Moderately effective,Yes,,No,,,,,,,,,,,,,,,,,,,,,,,,,,,,,,,,,,,,,,Yes,"Appleton Bog Preserve, Appleton, ME USA",Yes,Foliar spray,,,,,,July,July,1,1,"Yes, other",After flowering but before fruit was fully formed,"Yes, other",After flowering but before fruit was fully formed,1,Yes,"Hand pulling, digging, or other form of removal of both above and belowground biomass",,July,July,1,1,No,,No,,1,Once during the growing season,0,0,Other,both slow the spread and reduce the population size,Moderately effective,No,"More bouts of control efforts and potentially hire a contractor crew to do more work here, both mechanical and herbicide"
3/3/26 9:33,3/3/26 9:34,IP Address,2,58,False,3/10/26 10:34,R_5hQBXjZIjlvOnwI,anonymous,EN,I Agree,Invasive plant management ,2 to 5 years,Nongovernmental Organization,,,,,,,,,,,,,,,,,,,,,,,,,,,,,,,,,,,,,,,,,,,,,,,,,,,,,,,,,,,,,,,,,,,,,,,,,,,,,,,,,,,,,,,,,,,,,,,,,,,,,,,,,,,,,,,,,,,,,,,,,,,,,,,,,,,,,,,,,,,,,,,,,,,,,,,,,,,,,,,,,,,,,,,,,,,,,,,,,,,,,,,,,,,,,,,,,,,,,,,,,,,,,,,,,,,,,,,,,,,,,,,,,,,,,,,,,,,,,,,,,,,,,,,,,,,,,,,,,,,,,,,,,,,,,,,,,,,,,,,,,,,,,,,,,,,,,,,,,,,,,,,,,,,,,,,,,,
3/3/26 9:42,3/3/26 9:43,IP Address,1,68,False,3/10/26 10:43,R_1qy7WTheMwbhV4L,anonymous,EN,I Agree,Invasive plant management ,,,,,,,,,,,,,,,,,,,,,,,,,,,,,,,,,,,,,,,,,,,,,,,,,,,,,,,,,,,,,,,,,,,,,,,,,,,,,,,,,,,,,,,,,,,,,,,,,,,,,,,,,,,,,,,,,,,,,,,,,,,,,,,,,,,,,,,,,,,,,,,,,,,,,,,,,,,,,,,,,,,,,,,,,,,,,,,,,,,,,,,,,,,,,,,,,,,,,,,,,,,,,,,,,,,,,,,,,,,,,,,,,,,,,,,,,,,,,,,,,,,,,,,,,,,,,,,,,,,,,,,,,,,,,,,,,,,,,,,,,,,,,,,,,,,,,,,,,,,,,,,,,,,,,,,,,,,,
3/3/26 9:39,3/3/26 9:46,IP Address,4,398,False,3/10/26 10:46,R_74tUh5A4LYDIC7C,anonymous,EN,I Agree,Invasive plant research/science,10+ years,Academia/University,,"No, but I managed other invasive plant species",7,2,4,8,5,3,6,1,Regulatory limitations,Yes - we monitor both invasive plant populations and native recovery post-treatment,"If yes, please provide your name and email",Lars Anderson lwanderson@ucdavis.edu,Phragmites australis,,,,,,,,,,,,,,,,,,,,,,,,,,,,,,,,,,,,,,,,,,,,,,,,,,,,,,,,,,,,,,,,,,,,,,,,,,,,,,,,,,,,,,,,,,,,,,,,,,,,,,,,,,,,,,,,,,,,,,,,,,,,,,,,,,,,,,,,,,,,,,,,,,,,,,,,,,,,,,,,,,,,,,,,,,,,,,,,,,,,,,,,,,,,,,,,,,,,,,,,,,,,,,,,,,,,,,,,,,,,,,,,,,,,,,,,,,,,,,,,,,,,,,,,,,,,,,,,,,,,,,,,,,,,,,,,,,,,,,,,,,,,,,,,,,,,,,,,,,,
3/3/26 10:13,3/3/26 10:16,IP Address,41,183,False,3/10/26 11:20,R_5qkCGdkYMrMi4mi,anonymous,EN,I Agree,Invasive plant management ,10+ years,Nongovernmental Organization,,Yes,,,,,,,,,,,,,,,,,,,,,,,,,,,,,,,,,,,,,,,,,,,,,,,,,,,,,,,,,,,,,,,,,,,,,,,,,,,,,,,,,,,,,,,,,,,,,,,,,,,,,,,,,,,,,,,,,,,,,,,,,,,Yes,"Squam Swamp, Nantucket MA",No,,,,,,,,,,,,,,,,Yes,,,,,,,,,,,,,,,,,,,,No,,,,,,,,,,,,,,,,,,,,,,,,,,,,,,,,,,,,,,,,,,,,,,,,,,,,,,,,,,,,,,,,,,,,,,,,,,,,No,,,,,,,,,,,,,,,,,,,,,,,,,,,,,,,,,,,,,,,,,,,,,,,,,,,,,,,,,,,,,,,,,,,,,,,,,,,
3/3/26 10:38,3/3/26 10:39,IP Address,2,14,False,3/10/26 11:39,R_6k7nGmAzbYCMRWh,anonymous,EN,I Agree,Invasive plant management ,6 to 10 years,Nongovernmental Organization,,,,,,,,,,,,,,,,,,,,,,,,,,,,,,,,,,,,,,,,,,,,,,,,,,,,,,,,,,,,,,,,,,,,,,,,,,,,,,,,,,,,,,,,,,,,,,,,,,,,,,,,,,,,,,,,,,,,,,,,,,,,,,,,,,,,,,,,,,,,,,,,,,,,,,,,,,,,,,,,,,,,,,,,,,,,,,,,,,,,,,,,,,,,,,,,,,,,,,,,,,,,,,,,,,,,,,,,,,,,,,,,,,,,,,,,,,,,,,,,,,,,,,,,,,,,,,,,,,,,,,,,,,,,,,,,,,,,,,,,,,,,,,,,,,,,,,,,,,,,,,,,,,,,,,,,,,
3/3/26 10:57,3/3/26 11:02,IP Address,38,294,False,3/10/26 12:02,R_3czW0elEWrqM3dv,anonymous,EN,I Agree,Invasive plant management ,10+ years,Industry/Private Sector,,Yes,,,,,,,,,,,,,,,,,,,,,,,,,,,,,,,,,,,,,,,,,,,,,,,,,,,,,,,,,,,,,,,,,,,,,,,,,,,,,,,,,,,,,No,,,,,,,,,,,,,,,,,,,,,,,,,,,,,,,,,,,,,,Yes,,Yes,,,,,,,,,,,,,,,,,,,,,,,,,,,,,,,,,,,,,,,,,,,,,,,,,,,,,,,,,,,,,,,,,,,,,,,,,,,,,,,,,,,,,,,,,,,,,,,,,,,,,,,,,,,,,,,,No,,,,,,,,,,,,,,,,,,,,,,,,,,,,,,,,,,,,,,,,,,,,,,,,,,,,,,,,,,,,,,,,,,,,,,,,,,,
3/3/26 11:00,3/3/26 11:02,IP Address,11,126,False,3/10/26 12:02,R_3zf23EpPGWmmgbT,anonymous,EN,I Agree,Invasive plant management ,2 to 5 years,City/Municipal Government,,Yes,,,,,,,,,,,,,,,,,,,,,,,,,,,,,,,,,,,,,,,,,,,,,,,,,,,,,,,,,,,,,,,,,,,,,,,,,,,,,,,,,,,,,,,,,,,,,,,,,,,,,,,,,,,,,,,,,,,,,,,,,,,,,,,,,,,,,,,,,,,,,,,,,,,,,,,,,,,,,,,,,,,,,,,,,,,,,,,,,,,,,,,,,,,,,,,,,,,,,,,,,,,,,,,,,,,,,,,,,,,,,,,,,,,,,,,,,,,,,,,,,,,,,,,,,,,,,,,,,,,,,,,,,,,,,,,,,,,Yes,"Stoneymeade, Nagog Hill - Conservation Land",No,,,,,,,,,,,,,,,,Yes,,,,,,,,,,,,,,,,,,,
3/3/26 11:01,3/3/26 11:08,IP Address,0,414,False,3/10/26 12:08,R_5Wv4cSQFvRcSQJo,anonymous,EN,I Agree,,,,,,,,,,,,,,,,,,,,,,,,,,,,,,,,,,,,,,,,,,,,,,,,,,,,,,,,,,,,,,,,,,,,,,,,,,,,,,,,,,,,,,,,,,,,,,,,,,,,,,,,,,,,,,,,,,,,,,,,,,,,,,,,,,,,,,,,,,,,,,,,,,,,,,,,,,,,,,,,,,,,,,,,,,,,,,,,,,,,,,,,,,,,,,,,,,,,,,,,,,,,,,,,,,,,,,,,,,,,,,,,,,,,,,,,,,,,,,,,,,,,,,,,,,,,,,,,,,,,,,,,,,,,,,,,,,,,,,,,,,,,,,,,,,,,,,,,,,,,,,,,,,,,,,,,,,,,,
3/3/26 11:33,3/3/26 11:35,IP Address,2,148,False,3/10/26 12:35,R_6qz95LjQZYg8Q3h,anonymous,EN,I Agree,Invasive plant management ,6 to 10 years,Other,Land trust and trails association,"No, but I managed other invasive plant species",,,,,,,,,,,,,,,,,,,,,,,,,,,,,,,,,,,,,,,,,,,,,,,,,,,,,,,,,,,,,,,,,,,,,,,,,,,,,,,,,,,,,,,,,,,,,,,,,,,,,,,,,,,,,,,,,,,,,,,,,,,,,,,,,,,,,,,,,,,,,,,,,,,,,,,,,,,,,,,,,,,,,,,,,,,,,,,,,,,,,,,,,,,,,,,,,,,,,,,,,,,,,,,,,,,,,,,,,,,,,,,,,,,,,,,,,,,,,,,,,,,,,,,,,,,,,,,,,,,,,,,,,,,,,,,,,,,,,,,,,,,,,,,,,,,,,,,,,,,,,,,,,,,,,,,,
3/3/26 11:35,3/3/26 11:38,IP Address,38,182,False,3/10/26 12:38,R_1r2wFkyc0KCotlD,anonymous,EN,I Agree,"Other (I work with invasive plants but not as a manager, researcher, or extension)",10+ years,State Government,,Yes,,,,,,,,,,,,,,,,,,,,,,,,,,,,,,,,,,,,,,,,,,,,,,,,,,,,,,,,,,,,,,,,,,,,,,,,,,,,,,,,,,,,,No,,,,,,,,,,,,,,,,,,,,,,,,,,,,,,,,,,,,,,Yes,,Yes,,,,,,,,,,,,,,,,,,,,,,,,,,,,,,,,,,,,,,,,,,,,,,,,,,,,,,,,,,,,,,,,,,,,,,,,,,,,,,,,,,,,,,,,,,,,,,,,,,,,,,,,,,,,,,,,,,,,,,,,,,,,,,,,,,,,,,,,,,,,,,,,,,,,,,No,,,,,,,,,,,,,,,,,,,,,,,,,,,,,,,,,,,,,
3/3/26 11:17,3/3/26 11:49,IP Address,100,1954,False,3/10/26 12:49,R_39bmMHLSDMvJn7X,anonymous,EN,I Agree,Invasive plant management ,10+ years,Nongovernmental Organization,,Yes,2,3,6,5,4,7,1,8,,Yes - we monitor native species or ecological recovery post-treatment,No,,"Asiatic bittersweet (Celastrus orbiculatus),Bush Honeysuckle (Lonicera maackii, morrowii, tatarica or X bella),Kudzu (Pueraria montana),Multiflora rose (Rosa multiflora),Stiltgrass (Microstegium vimineum),Autumn-Olive (Elaeagnus umbellata),Buckthorn (Rhamnus cathartica),Chinese silver grass (Miscanthus sinensis),Japanese honeysuckle (Lonicera japonica),Privet (Ligustrum sp.),Tree of heaven (AiIanthus altissima)",,,,,,,,,,,,,,,,,,,,,,,,,,,,,,,,,,,,,,,,,,,,,,,,,,,,,,,,,,,,,,,,,,,,,Kentucky,No,,No,,,,,,,,,,,,,,,,,,,,,,,,,,,,,,,,,,,,,,Yes,"KNLT Preserves, Harlan County, KY",No,,,,,,,,,,,,,,,,Yes,Other,both pulling and cutting while flowering,September,October,1,30,No,,"Yes, flowering",,1,,,,Slow population spread,,Slightly effective,No,pre-emergent chemical treatment in the spring across wider area; too much ground to cover and populations too large. ,No,,,,,,,,,,,,,,,,,,,,,,,,,,,,,,,,,,,,,,Yes,"Private land, Jamestown, KY USA",Yes,Cut and paint,,,,,,November,December,1,15,"Yes, dormancy",,No,,1,Yes,"Hand pulling, digging, or other form of removal of both above and belowground biomass",,October,November,1,15,"Yes, other","leaves still on plant, other plants dormant","Yes, other","leaves still on plant, other plants dormant",1,Once during the growing season,,,Locally eradicate the population,,Very effective,Yes,,No,,,,,,,,,,,,,,,,,,,,,,,,,,,,,,,,,,,,,,Yes,"Private land, Jamestown, KY; KNLT Preserve, Harlan County, KY",Yes,Cut and paint,,,,Foliar spray,Imazapic (Plateau),May,November,1,30,"Yes, vegetation emergence",,No,,3,No,,,,,,,,,,,,,,,Decrease population size,,Very effective,Yes,
3/3/26 12:06,3/3/26 12:11,IP Address,26,300,False,3/10/26 13:11,R_7trEkkEa4dBA5bM,anonymous,EN,I Agree,Invasive plant management ,6 to 10 years,Industry/Private Sector,,Yes,,,,,,,,,,,,,,,,,,,,,,,,,,,,,,,,,,,,,,,,,,,,,,,,,,,,,,,,,,,,,,,,,,,,,,,,,,,,,,,,,,,,,No,,,,,,,,,,,,,,,,,,,,,,,,,,,,,,,,,,,,,,,,,,,,,,,,,,,,,,,,,,,,,,,,,,,,,,,,,,,,Yes,"Osamequin Farm, Seekonk, MA",No,,,,,,,,,,,,,,,,Yes,,,,,,,,,,,,,,,,,,,,,,,,,,,,,,,,,,,,,,,,,,,,,,,,,,,,,,,,,,,,,,,,,,,,,,,,,,,,,,,,,,,,,,,,,,,,,,,,,,,,,,,,,,,,,,,,,,,,,,,,,,,,,,,,,,,,,
3/3/26 12:11,3/3/26 12:13,IP Address,1,139,False,3/10/26 13:13,R_7MuGpUDOlJPDdV5,anonymous,EN,I Agree,Invasive plant management ,6 to 10 years,,,,,,,,,,,,,,,,,,,,,,,,,,,,,,,,,,,,,,,,,,,,,,,,,,,,,,,,,,,,,,,,,,,,,,,,,,,,,,,,,,,,,,,,,,,,,,,,,,,,,,,,,,,,,,,,,,,,,,,,,,,,,,,,,,,,,,,,,,,,,,,,,,,,,,,,,,,,,,,,,,,,,,,,,,,,,,,,,,,,,,,,,,,,,,,,,,,,,,,,,,,,,,,,,,,,,,,,,,,,,,,,,,,,,,,,,,,,,,,,,,,,,,,,,,,,,,,,,,,,,,,,,,,,,,,,,,,,,,,,,,,,,,,,,,,,,,,,,,,,,,,,,,,,,,,,,,,
3/3/26 14:16,3/3/26 14:19,IP Address,9,170,False,3/10/26 15:19,R_5IWAlbGZL3GFq67,anonymous,EN,I Agree,Invasive plant management ,10+ years,State Government,,Yes,,,,,,,,,,,,,,,,,,,,,,,,,,,,,,,,,,,,,,,,,,,,,,,,,,,,,,,,,,,,,,,,,,,,,,,,,,,,,,,,,,,,,,,,,,,,,,,,,,,,,,,,,,,,,,,,,,,,,,,,,,,Yes,"Harlan County, KY",Yes,,,,,,,,,,,,,,,,,,,,,,,,,,,,,,,,,,,,,,,,,,,,,,,,,,,,,,,,,,,,,,,,,,,,,,,,,,,,,,,,,,,,,,,,,,,,,,,,,,,,,,,,,,,,,,,,,,,,,,,,,,,,,,,,,,,,,,,,,,,,,,,,,,,,,,,,,,,,,,,,,,,,,,,,,,,,,,,,,,,,,,,,,,,
3/5/26 9:52,3/10/26 15:38,IP Address,100,449149,True,3/10/26 15:38,R_7KUC02XqiV6Bqnd,anonymous,EN,I Agree,Invasive plant management ,2 to 5 years,Nongovernmental Organization,,Yes,1,2,3,4,6,7,5,8,,I don't know,"If yes, please provide your name and email","Jared Belsky, jbelsky@pittsburghparks.org","Asiatic bittersweet (Celastrus orbiculatus),Bush Honeysuckle (Lonicera maackii, morrowii, tatarica or X bella),Invasive Knotweeds (Reynoutria spp.),Kudzu (Pueraria montana),Multiflora rose (Rosa multiflora),Stiltgrass (Microstegium vimineum),Autumn-Olive (Elaeagnus umbellata),Barberry  (Berberis thunbergii),Buckthorn (Rhamnus cathartica),Chinese silver grass (Miscanthus sinensis),Japanese honeysuckle (Lonicera japonica),Mugwort (Artemisia vulgaris),Norway maple (Acer platanoides),Privet (Ligustrum sp.),Spotted knapweed (Centaurea stoebe),Tree of heaven (AiIanthus altissima),Wild parsnip (Pastinaca sativa)",I don't know,I don't know,I don't know,I don't know,I don't know,I don't know,I don't know,I don't know,,,I don't know,I don't know,,I don't know,I don't know,I don't know,,I don't know,,I don't know,I don't know,I don't know,I don’t know,I don’t know,I don’t know,I don’t know,I don’t know,I don’t know,I don’t know,I don’t know,,,I don’t know,I don’t know,,I don’t know,I don’t know,I don’t know,,I don’t know,,I don’t know,I don’t know,I don’t know,4,4,1,4,4,4,0,3,,,3,3,,4,4,1,,4,,0,1,2,Network of sites within one state/province,,Pennsylvania,"If yes, please provide your name and email","Jared Belsky, jbelsky@pittsburghparks.org","Yes, but I’m out of time - take me to the last section",,,,,,,,,,,,,,,,,,,,,,,,,,,,,,,,,,,,,,,,,,,,,,,,,,,,,,,,,,,,,,,,,,,,,,,,,,,,,,,,,,,,,,,,,,,,,,,,,,,,,,,,,,,,,,,,,,,,,,,,,,,,,,,,,,,,,,,,,,,,,,,,,,,,,,,,,,,,,,,,,,,,,,,,,,,,,,,,,,,,,,,,,,,,,,Yes,"Hays Woods Park, Pittsburgh, PA USA",No,,,,,,,,,,,,,,,,Yes,"Hand pulling, digging, or other form of removal of both above and belowground biomass",,February,November,19,15,No,,No,,2,Every 1-2 months,5,100,Decrease population size,,Slightly effective,No,More herbicide treatments (we now do have that capability but did now last year).
3/3/26 17:46,3/3/26 17:47,IP Address,2,41,False,3/10/26 18:47,R_5S7zyRYMYbjwkjv,anonymous,EN,I Agree,Invasive plant management ,6 to 10 years,Nongovernmental Organization,,,,,,,,,,,,,,,,,,,,,,,,,,,,,,,,,,,,,,,,,,,,,,,,,,,,,,,,,,,,,,,,,,,,,,,,,,,,,,,,,,,,,,,,,,,,,,,,,,,,,,,,,,,,,,,,,,,,,,,,,,,,,,,,,,,,,,,,,,,,,,,,,,,,,,,,,,,,,,,,,,,,,,,,,,,,,,,,,,,,,,,,,,,,,,,,,,,,,,,,,,,,,,,,,,,,,,,,,,,,,,,,,,,,,,,,,,,,,,,,,,,,,,,,,,,,,,,,,,,,,,,,,,,,,,,,,,,,,,,,,,,,,,,,,,,,,,,,,,,,,,,,,,,,,,,,,,
3/10/26 16:25,3/11/26 11:33,IP Address,100,68880,True,3/11/26 11:33,R_6GdBoCs86X7eZOA,anonymous,EN,I Agree,Invasive plant management ,2 to 5 years,City/Municipal Government,,"No, but I managed other invasive plant species",7,1,6,3,2,4,5,8,,Yes - we monitor invasive plant populations post-treatment,"If yes, please provide your name and email",If it's aquatic species - limingk@worcesterma.gov,Phragmites australis,,,,,,,,,,,,,,,,,At the same time due to no change in phenology,,,,,,,,,,,,,,,,,,,,,,At the same frequency due to no change in phenology,,,,,,,,,,,,,,,,,,,,,,9,,,,,,Network of sites within one state/province,,Massachusetts,"If yes, please provide your name and email","Katie Liming, limingk@worcesterma.gov",,,,,,,,,,,,,,,,,,,,,,,,,,,,,,,,,,,,,,,,,,,,,,,,,,,,,,,,,,,,,,,,,,,,,,,,,,,,,,,,,,,,,,,,,,,,,,,,,,,,,,,,,,,,,,,,,,,,,,,,,,,,,,,,,,,,,,,,,,,,,,,,,,,,,,,,,,,,,,,,,,,,,,,,,,,,,,,,,,,,,,,,,,,,,,,,,,,,,,,,,,,,,,,,,,,,,,,,,,,,,,,,,,,,
3/11/26 11:51,3/11/26 12:13,IP Address,100,1303,True,3/11/26 12:13,R_5LbQSP06StAQnss,anonymous,EN,I Agree,Invasive plant management ,6 to 10 years,Other,Active Voulenteer and run FB Group with 1600 participants,Yes,6,3,4,1,2,5,7,8,,Yes - we monitor both invasive plant populations and native recovery post-treatment,"If yes, please provide your name and email",Joe@joejohnson.net Joe Johnson,"Asiatic bittersweet (Celastrus orbiculatus),Bush Honeysuckle (Lonicera maackii, morrowii, tatarica or X bella),Invasive Knotweeds (Reynoutria spp.),Multiflora rose (Rosa multiflora),Autumn-Olive (Elaeagnus umbellata),Barberry  (Berberis thunbergii),Black swallowwort (Vincetoxicum nigrum),Japanese honeysuckle (Lonicera japonica),Mugwort (Artemisia vulgaris),Phragmites australis,Tree of heaven (AiIanthus altissima)",I don't know,I don't know,I don't know,,I don't know,,I don't know,I don't know,,I don't know,,,,I don't know,I don't know,,I don't know,,,,I don't know,,I don’t know,I don’t know,I don’t know,,I don’t know,,I don’t know,I don’t know,,I don’t know,,,,I don’t know,I don’t know,,I don’t know,,,,I don’t know,,4,4,5,,4,,2,4,,2,,,,3,2,,5,,,,3,,Multi-state network of sites,,Massachusetts,"If yes, please provide your name and email",Joe@joejohnson.net,,,,,,,,,,,,,,,,,,,,,,,,,,,,,,,,,,,,,,,,,,,,,,,,,,,,,,,,,,,,,,,,,,,,,,,,,,,,,"Yes, but I’m out of time - take me to the last section",,,,,,,,,,,,,,,,,,,,,,,,,,,,,,,,,,,,,,Yes,"Pulls along trails in Dodge Park, Worcester",No,,,,,,,,,,,,,,,,Yes,Solarization or other form of smothering plants,,April,September,15,30,"Yes, other",encourage hand pulling along trails with roots hung in trees,"Yes, other",park use diminishes at this time,12,Weekly or more frequently,100,15,Decrease population size,,Moderately effective,Yes,,,,,,,,,,,,,,,,,,,,,,,,,,,,,,,,,,,,,,,,Yes,"Worcester, MA, Dodge Park USA",No,,,,,,,,,,,,,,,,Yes,"Hand pulling, digging, or other form of removal of both above and belowground biomass",,April,September,1,30,"Yes, vegetation emergence",,"Yes, other",diminishing public use,15,Weekly or more frequently,100,10,Decrease population size,,Moderately effective,Yes,
3/11/26 12:11,3/11/26 12:29,IP Address,100,1089,True,3/11/26 12:30,R_6aQAI6BcidxDPt7,anonymous,EN,I Agree,Invasive plant management ,6 to 10 years,County Government,,Yes,1,6,5,3,7,2,4,8,,Yes - we monitor both invasive plant populations and native recovery post-treatment,"If yes, please provide your name and email",Emily Helm; ehelm@waukeshacounty.gov,"Bush Honeysuckle (Lonicera maackii, morrowii, tatarica or X bella),Invasive Knotweeds (Reynoutria spp.),Multiflora rose (Rosa multiflora),Autumn-Olive (Elaeagnus umbellata),Barberry  (Berberis thunbergii),Black swallowwort (Vincetoxicum nigrum),Buckthorn (Rhamnus cathartica),Japanese honeysuckle (Lonicera japonica),Norway maple (Acer platanoides),Phragmites australis,Spotted knapweed (Centaurea stoebe),Wild parsnip (Pastinaca sativa)",,I don't know,I don't know,,I don't know,,I don't know,I don't know,,I don't know,I don't know,,,I don't know,,I don't know,I don't know,,,I don't know,,I don't know,,I don’t know,I don’t know,,I don’t know,,I don’t know,I don’t know,,I don’t know,I don’t know,,,I don’t know,,I don’t know,I don’t know,,,I don’t know,,I don’t know,,8,3,,8,,8,8,,8,8,,,8,,8,8,,,8,,8,Network of sites within one state/province,,Wisconsin,"If yes, please provide your name and email",Emily Helm; ehelm@waukeshacounty.gov,Yes,"Retzer Nature Center, Waukesha, WI USA",Yes,,Foliar spray,,,,,August,August,9,9,"Yes, other","Population was mowed earlier in the year, foliar application took place after vegetation re-emergence from mowing",No,,3,Yes,"Mowing, cutting, or other form of removing aboveground biomass",,June,August,1,15,"Yes, vegetation emergence",,"Yes, vegetation emergence",,3,Every 1-2 months,0,0,Decrease population size,,Moderately effective,Yes,,No,,,,,,,,,,,,,,,,,,,,,,,,,,,,,,,,,,,,,,No,,,,,,,,,,,,,,,,,,,,,,,,,,,,,,,,,,,,,,Yes,"Muskego Park, Muskego, WI USA",Yes,Cut and paint,,,,,,January,December,1,1,No,,No,,2,No,,,,,,,,,,,,,,,Prevent population spread,,Very effective,Yes,,No,,,,,,,,,,,,,,,,,,,,,,,,,,,,,,,,,,,,,,Yes,"Muskego Park, Muskego, WI USA",Yes,"Foliar spray,Cut and paint",,,,,,July,December,1,31,"Yes, vegetation emergence",,No,,2,No,,,,,,,,,,,,,,,Prevent population spread,,Very effective,Yes,
3/4/26 11:33,3/4/26 11:38,IP Address,55,263,False,3/11/26 12:38,R_5OBOhf0OnReyYgF,anonymous,EN,I Agree,Invasive plant management ,2 to 5 years,Nongovernmental Organization,,Yes,,,,,,,,,,,,,,,,,,,,,,,,,,,,,,,,,,,,,,,,,,,,,,,,,,,,,,,,,,,,,,,,,,,,,,,,,,,,,,,,,,,,,Yes,"Monroe, MI",Yes,Foliar spray,,,,,,September,September,3,3,No,,"Yes, senescence",,1,No,,,,,,,,,,,,,,,Locally eradicate the population,,Moderately effective,Yes,,,,,,,,,,,,,,,,,,,,,,,,,,,,,,,,,,,,,,,,No,,,,,,,,,,,,,,,,,,,,,,,,,,,,,,,,,,,,,,,,,,,,,,,,,,,,,,,,,,,,,,,,,,,,,,,,,,,,No,,,,,,,,,,,,,,,,,,,,,,,,,,,,,,,,,,,,,,Yes,,No,,,,,,,,,,,,,,,,Yes,,,,,,,,,,,,,,,,,,,
3/4/26 11:38,3/4/26 11:38,IP Address,8,29,False,3/11/26 12:39,R_6Fo0ZopTqu7WiTn,anonymous,EN,I Agree,Invasive plant management ,2 to 5 years,Nongovernmental Organization,,Yes,,,,,,,,,,,,,,,,,,,,,,,,,,,,,,,,,,,,,,,,,,,,,,,,,,,,,,,,,,,,,,,,,,,,,,,,,,,,,,,,,,,,,,,,,,,,,,,,,,,,,,,,,,,,,,,,,,,,,,,,,,,,,,,,,,,,,,,,,,,,,,,,,,,,,,,,,,,,,,,,,,,,,,,,,,,,,,,,,,,,,,,,,,,,,,,,,,,,,,,Yes,,,,,,,,,,,,,,,,,,,,,,,,,,,,,,,,,,,,,,,,,,,,,,,,,,,,,,,,,,,,,,,,,,,,,,,,,,,,,,,,,,,,,,,,,,,,,,,,,,,,,,,,,,,,,,,,,
3/4/26 11:38,3/4/26 11:39,IP Address,0,22,False,3/11/26 12:39,R_1dSKxWFlxmjUAqp,anonymous,EN,I Agree,,,,,,,,,,,,,,,,,,,,,,,,,,,,,,,,,,,,,,,,,,,,,,,,,,,,,,,,,,,,,,,,,,,,,,,,,,,,,,,,,,,,,,,,,,,,,,,,,,,,,,,,,,,,,,,,,,,,,,,,,,,,,,,,,,,,,,,,,,,,,,,,,,,,,,,,,,,,,,,,,,,,,,,,,,,,,,,,,,,,,,,,,,,,,,,,,,,,,,,,,,,,,,,,,,,,,,,,,,,,,,,,,,,,,,,,,,,,,,,,,,,,,,,,,,,,,,,,,,,,,,,,,,,,,,,,,,,,,,,,,,,,,,,,,,,,,,,,,,,,,,,,,,,,,,,,,,,,,
3/4/26 11:36,3/4/26 11:43,IP Address,30,446,False,3/11/26 12:43,R_60ARNzxS7klkTeJ,anonymous,EN,I Agree,Invasive plant management ,2 to 5 years,State Government,,Yes,,,,,,,,,,,,,,,,,,,,,,,,,,,,,,,,,,,,,,,,,,,,,,,,,,,,,,,,,,,,,,,,,,,,,,,,,,,,,,,,,,,,,,,,,,,,,,,,,,,,,,,,,,,,,,,,,,,,,,,,,,,,,,,,,,,,,,,,,,,,,,,,,,,,,,,,,,,,,,,,,Yes,"Hoyles Mill Conservation Park, Boyds MD, USA",Yes,Cut and paint,,,,,,June,December,11,31,No,,No,,4,Yes,"Hand pulling, digging, or other form of removal of both above and belowground biomass",,March,November,9,16,No,,No,,5,Every 1-2 months,100,30,,,,,,,,,,,,,,,,,,,,,,,,,,,,,,,,,,,,,,,,,,,,,,,,,,,,,,,,,,,,,,,,,,,,,,,,,,,,,,,,,,Yes,"Little Bennett Regional Park, Clarksburg, MD USA",Yes,"Foliar spray,Cut and paint",,,,,,May,December,10,31,"Yes, vegetation emergence",,"Yes, senescence",,2,Yes,"Mowing, cutting, or other form of removing aboveground biomass",,January,December,1,31,No,,No,,1,Once during the growing season,11,40,Locally eradicate the population,,Moderately effective,Yes,
3/4/26 12:34,3/4/26 12:40,IP Address,97,344,False,3/11/26 13:52,R_3jDvchw2cDxqtZu,anonymous,EN,I Agree,Invasive plant management ,10+ years,City/Municipal Government,,Yes,2,6,7,4,3,5,1,8,,Yes - we monitor invasive plant populations post-treatment,No,,"Asiatic bittersweet (Celastrus orbiculatus),Bush Honeysuckle (Lonicera maackii, morrowii, tatarica or X bella),Invasive Knotweeds (Reynoutria spp.),Multiflora rose (Rosa multiflora),Barberry  (Berberis thunbergii),Black swallowwort (Vincetoxicum nigrum),Buckthorn (Rhamnus cathartica),Mugwort (Artemisia vulgaris),Norway maple (Acer platanoides),Phragmites australis,Tree of heaven (AiIanthus altissima)",,,,,,,,,,,,,,,,,,,,,,,,,,,,,,,,,,,,,,,,,,,,,,,,,,,,,,,,,,,,,,,,,,,,,,,,No,,,,,,,,,,,,,,,,,,,,,,,,,,,,,,,,,,,,,,No,,,,,,,,,,,,,,,,,,,,,,,,,,,,,,,,,,,,,,No,,,,,,,,,,,,,,,,,,,,,,,,,,,,,,,,,,,,,,No,,,,,,,,,,,,,,,,,,,,,,,,,,,,,,,,,,,,,,No,,,,,,,,,,,,,,,,,,,,,,,,,,,,,,,,,,,,,,No,,,,,,,,,,,,,,,,,,,,,,,,,,,,,,,,,,,,,
3/11/26 14:39,3/11/26 14:47,IP Address,100,450,True,3/11/26 14:47,R_5TC90zZy8XOlfiw,anonymous,EN,I Agree,"Other (I work with invasive plants but not as a manager, researcher, or extension)",2 to 5 years,Other,Non-Profit,"No, I do not actively manage invasive plant species",,,,,,,,,,,,,,,,,,,,,,,,,,,,,,,,,,,,,,,,,,,,,,,,,,,,,,,,,,,,,,,,,,,,,,,,,,,,,,,,,,,,,,,,,,,,,,,,,,,,,,,,,,,,,,,,,,,,,,,,,,,,,,,,,,,,,,,,,,,,,,,,,,,,,,,,,,,,,,,,,,,,,,,,,,,,,,,,,,,,,,,,,,,,,,,,,,,,,,,,,,,,,,,,,,,,,,,,,,,,,,,,,,,,,,,,,,,,,,,,,,,,,,,,,,,,,,,,,,,,,,,,,,,,,,,,,,,,,,,,,,,,,,,,,,,,,,,,,,,,,,,,,,,,,,,,
3/3/26 11:08,3/4/26 13:59,IP Address,95,96653,False,3/11/26 14:59,R_3xVIgqFc98T9Vuf,anonymous,EN,I Agree,Invasive plant management ,2 to 5 years,Nongovernmental Organization,,Yes,,,,,,,,,,,,,,,,,,,,,,,,,,,,,,,,,,,,,,,,,,,,,,,,,,,,,,,,,,,,,,,,,,,,,,,,,,,,,,,,,,,,,Yes,,Yes,Foliar spray,,,Foliar spray,,,,,,,"Yes, flowering",,,,,No,,,,,,,,,,,,,,,Slow population spread,,Very effective,Yes,,No,,,,,,,,,,,,,,,,,,,,,,,,,,,,,,,,,,,,,,No,,,,,,,,,,,,,,,,,,,,,,,,,,,,,,,,,,,,,,Yes,"Cumberland Gap National Historical Park (Middlesboro, Kentucky)",Yes,Cut and paint,,,,,,,,,,"Yes, vegetation emergence",,,,,No,,,,,,,,,,,,,,,Locally eradicate the population,,Moderately effective,No,"Just because of how aggressive the growth rate is, we would hit the site multiple times within a year instead of just once or twice.",Yes,,Yes,Foliar spray,,,,,,,,,,"Yes, fruit or seed set",,,,,Yes,"Hand pulling, digging, or other form of removal of both above and belowground biomass",,,,,,"Yes, dormancy",,,,,Every 2-4 weeks,10,,Slow population spread,,Slightly effective,No,"My management of these areas would be a lot more aggressive. They would include longer treatment times and more people. Kudzu is often a losing battle though, no matter how many times you treat or how many people you may have.",Yes,,Yes,,Foliar spray,,,,,,,,,"Yes, flowering",,,,1,No,,,,,,,,,,,,,,,Decrease population size,,Very effective,Yes,
3/4/26 9:10,3/4/26 15:28,IP Address,97,22661,False,3/11/26 16:28,R_10IfCIoksS1OX3o,anonymous,EN,I Agree,Invasive plant management ,2 to 5 years,State Government,,Yes,3,2,6,1,5,4,7,8,,Yes - we monitor both invasive plant populations and native recovery post-treatment,No,,"Invasive Knotweeds (Reynoutria spp.),Stiltgrass (Microstegium vimineum),Autumn-Olive (Elaeagnus umbellata),Barberry  (Berberis thunbergii),Chinese silver grass (Miscanthus sinensis),Phragmites australis,Privet (Ligustrum sp.),Tree of heaven (AiIanthus altissima)",,,,,,,,,,,,,,,,,,,,,,,,,,,,,,,,,,,,,,,,,,,,,,,,,,,,,,,,,,,,,,,,,,,,,,,,Yes,"Green ridge state forest, Flintstone MD USA",Yes,Foliar spray,,,,,,July,September,1,1,"Yes, vegetation emergence",,"Yes, fruit or seed set",,2,Yes,"Mowing, cutting, or other form of removing aboveground biomass",,June,June,1,1,"Yes, vegetation emergence",,"Yes, vegetation emergence",,1,Once during the growing season,0,0,Prevent population spread,,Moderately effective,Yes,,Yes,"Hollingsworth Ponds, Henderson MD 21640",Yes,Foliar spray,,,,,,September,September,15,15,"Yes, fruit or seed set",,"Yes, fruit or seed set",,1,No,,,,,,,,,,,,,,,Slow population spread,,Moderately effective,No,We would do this treatment on all trail systems that are sensitive to invasive species ,No,,,,,,,,,,,,,,,,,,,,,,,,,,,,,,,,,,,,,,No,,,,,,,,,,,,,,,,,,,,,,,,,,,,,,,,,,,,,,No,,,,,,,,,,,,,,,,,,,,,,,,,,,,,,,,,,,,,,No,,,,,,,,,,,,,,,,,,,,,,,,,,,,,,,,,,,,,
3/5/26 7:43,3/5/26 7:52,IP Address,26,499,False,3/12/26 8:52,R_1HoxFjzPiQm4m03,anonymous,EN,I Agree,Invasive plant management ,10+ years,Tribal/First Nation,,Yes,,,,,,,,,,,,,,,,,,,,,,,,,,,,,,,,,,,,,,,,,,,,,,,,,,,,,,,,,,,,,,,,,,,,,,,,,,,,,,,,,,,,,,,,,,,,,,,,,,,,,,,,,,,,,,,,,,,,,,,,,,,,,,,,,,,,,,,,,,,,,,,,,,,,,,,,,,,,,,,,,Yes,"New Buffalo, MI",Yes,,Foliar spray,,,Cut and paint,Pathway,July,August,31,19,No,,No,,2,Yes,,,,,,,,,,,,,,,,,,,,,,,,,,,,,,,,,,,,,,,,,,,,,,,,,,,,,,,,,,No,,,,,,,,,,,,,,,,,,,,,,,,,,,,,,,,,,,,,,,,,,,,,,,,,,,,,,,,,,,,,,,,,,,,,,,,,,,
3/5/26 8:37,3/5/26 8:41,IP Address,26,267,False,3/12/26 9:41,R_71ZVtBlsOsKAYxH,anonymous,EN,I Agree,Invasive plant management ,10+ years,Industry/Private Sector,,Yes,,,,,,,,,,,,,,,,,,,,,,,,,,,,,,,,,,,,,,,,,,,,,,,,,,,,,,,,,,,,,,,,,,,,,,,,,,,,,,,,,,,,,,,,,,,,,,,,,,,,,,,,,,,,,,,,,,,,,,,,,,,Yes,"Manchaug, Sutton, MA",Yes,Foliar spray,Foliar spray,,,,,August,August,1,1,"Yes, vegetation emergence",,,,2,No,,,,,,,,,,,,,,,Locally eradicate the population,,Very effective,Yes,,,,,,,,,,,,,,,,,,,,,,,,,,,,,,,,,,,,,,,,Yes,"Hopkinton, MA",Yes,,Hack and squirt,,,,,March,March,2,8,"Yes, dormancy",,"Yes, dormancy",,1,,,,,,,,,,,,,,,,,,,,,,,,,,,,,,,,,,,,,,,,,,,,,,,,,,,,,,,,,,,,,,,,,,,,,,,,,,,,,,,,,,,,,,,,,,,,,,,,
3/12/26 9:41,3/12/26 10:30,IP Address,100,2934,True,3/12/26 10:30,R_1cXJB7R9H2DR8Me,anonymous,EN,I Agree,Invasive plant management ,6 to 10 years,City/Municipal Government,,Yes,,,,,,,,,,No,"If yes, please provide your name and email",jconlon@stoughton-ma.gov,"Asiatic bittersweet (Celastrus orbiculatus),Bush Honeysuckle (Lonicera maackii, morrowii, tatarica or X bella),Multiflora rose (Rosa multiflora),Autumn-Olive (Elaeagnus umbellata),Barberry  (Berberis thunbergii),Buckthorn (Rhamnus cathartica),Japanese honeysuckle (Lonicera japonica),Norway maple (Acer platanoides)",,,,,,,,,,,,,,,,,,,,,,,,,,,,,,,,,,,,,,,,,,,,,,,,,,,,,,,,,,,,,,,,,,,,,,,,Yes,"0 Wildwood Avenue, Eastwood Rd. Washington Street, 400 Prospect Street, 271 Canton Street, other sites for proposed development",Yes,"Foliar spray,Cut and paint,Hack and squirt,Stem injection",,,,,,September,September,1,7,"Yes, dormancy",,"Yes, dormancy",,1,No,,,,,,,,,,,,,,,Other,,Not effective at all,No,,Yes,None,No,,,,,,,,,,,,,,,,No,,,,,,,,,,,,,,,I don’t know,,Not effective at all,No,,Yes,"Numerous development sites, Bird Street Conservation land fields and surrounding Forests",Yes,"Cut and paint,Hack and squirt",,,,,,July,July,1,20,"Yes, vegetation emergence",,"Yes, other",1,1,Yes,"Mowing, cutting, or other form of removing aboveground biomass",,July,July,1,15,"Yes, vegetation emergence",,"Yes, vegetation emergence",,,Once during the growing season,0,40,Decrease population size,,Moderately effective,Yes,,Yes,"Bird Street Fields, Bird Street, Conservation, Dennison's Pond, Fields, Plain Street, McNamara's Fields, West Street, Lessa Playground Cow Pasture, West Street, Stoughton, Massachusetts ",No,,,,,,,,,,,,,,,,Yes,"Mowing, cutting, or other form of removing aboveground biomass",,June,October,30,15,"Yes, vegetation emergence",,"Yes, dormancy",,2,Every 1-2 months,0,0,Slow population spread,,Moderately effective,No,"Generate IVMP for the one or more of the sites sites, field survey, plan development, report physical control, field study, mapping, supervision implementation, reporting.",No,,,,,,,,,,,,,,,,,,,,,,,,,,,,,,,,,,,,,,No,,,,,,,,,,,,,,,,,,,,,,,,,,,,,,,,,,,,,
3/12/26 10:23,3/12/26 12:05,IP Address,100,6108,True,3/12/26 12:05,R_6y5SxuWb3DWCEJX,anonymous,EN,I Agree,Invasive plant management ,10+ years,State Government,,"No, but I managed other invasive plant species",2,1,7,4,3,6,5,8,,No,No,,,,,,,,,,,,,,,,,,,,,,,,,,,,,,,,,,,,,,,,,,,,,,,,,,,,,,,,,,,,,,,,,,,,,Multi-state network of sites,,New York,No,,,,,,,,,,,,,,,,,,,,,,,,,,,,,,,,,,,,,,,,,,,,,,,,,,,,,,,,,,,,,,,,,,,,,,,,,,,,,,,,,,,,,,,,,,,,,,,,,,,,,,,,,,,,,,,,,,,,,,,,,,,,,,,,,,,,,,,,,,,,,,,,,,,,,,,,,,,,,,,,,,,,,,,,,,,,,,,,,,,,,,,,,,,,,,,,,,,,,,,,,,,,,,,,,,,,,,,,,,,,,,,,,,,,,
3/5/26 12:30,3/5/26 12:35,IP Address,22,270,False,3/12/26 13:35,R_18TmFQkpnrjFRDS,anonymous,EN,I Agree,Invasive plant management ,2 to 5 years,Nongovernmental Organization,,Yes,,,,,,,,,,,,,,,,,,,,,,,,,,,,,,,,,,,,,,,,,,,,,,,,,,,,,,,,,,,,,,,,,,,,,,,,,,,,,,,,,,,,,,,,,,,,,,,,,,,,,,,,,,,,,,,,,,,,,,,,,,,,,,,,,,,,,,,,,,,,,,,,,,,,,,,,,,,,,,,,,,,,,,,,,,,,,,,,,,,,,,,,,,,,,,,,,,,,,,,Yes,,,,,,,,,,,,,,,,,,,,,,,,,,,,,,,,,,,,,,,,,,,,,,,,,,,,,,,,,,,,,,,,,,,,,,,,,,,,Yes,"Woodsong, Clyde, Michigan",Yes,Cut and paint,,,,,,February,February,24,24,"Yes, dormancy",,"Yes, dormancy",,1,Yes,"Mowing, cutting, or other form of removing aboveground biomass",,November,November,10,10,"Yes, dormancy",,"Yes, dormancy",,2,Every 2-4 weeks,40,2,Locally eradicate the population,,Very effective,Yes,
3/12/26 14:52,3/12/26 15:12,IP Address,100,1256,True,3/12/26 15:13,R_1IvpUjUVXHoOlPW,anonymous,EN,I Agree,Invasive plant management ,10+ years,Nongovernmental Organization,,Yes,7,1,3,2,5,4,6,8,,Yes - we monitor both invasive plant populations and native recovery post-treatment,"If yes, please provide your name and email",Rick LaDue  rick@equinoxpreservationtrust.org,"Asiatic bittersweet (Celastrus orbiculatus),Bush Honeysuckle (Lonicera maackii, morrowii, tatarica or X bella),Multiflora rose (Rosa multiflora),Barberry  (Berberis thunbergii),Buckthorn (Rhamnus cathartica),Japanese honeysuckle (Lonicera japonica),Norway maple (Acer platanoides)",Treatment ending later due to changing phenology,Treatment ending later due to changing phenology,,,At the same time due to no change in phenology,,,Treatment ending later due to changing phenology,,,Treatment ending later due to changing phenology,,,Treatment ending later due to changing phenology,,I don't know,,,,,,,At the same frequency despite a change in phenology,At the same frequency despite a change in phenology,,,I don’t know,,,At the same frequency despite a change in phenology,,,At the same frequency despite a change in phenology,,,At the same frequency despite a change in phenology,,At the same frequency despite a change in phenology,,,,,,,10,18,,,4,,,12,,,12,,,18,,10,,,,,,,Single site,,Vermont,"If yes, please provide your name and email",Rick LaDue   rick@equinoxpreservationtrust.org,No,,,,,,,,,,,,,,,,,,,,,,,,,,,,,,,,,,,,,,No,,,,,,,,,,,,,,,,,,,,,,,,,,,,,,,,,,,,,,Yes,"Manchester, VT  05250",Yes,,"Foliar spray,Cut and paint",,,,,July,October,20,20,"Yes, fruit or seed set",,"Yes, senescence",,10,Yes,"Hand pulling, digging, or other form of removal of both above and belowground biomass",,July,October,15,15,"Yes, fruit or seed set",,No,,15,Weekly or more frequently,,0,Other,decrease population size of seed bearing plants,Moderately effective,Yes,,Yes,"Manchester, VT  USA",Yes,Cut and paint,,,,,,August,September,15,30,No,,No,,2,Yes,"Hand pulling, digging, or other form of removal of both above and belowground biomass",,June,October,15,15,No,,No,,5,Once during the growing season,0,0,Locally eradicate the population,,Very effective,Yes,,No,,,,,,,,,,,,,,,,,,,,,,,,,,,,,,,,,,,,,,Yes,"Manchester, VT  USA",No,,,,,,,,,,,,,,,,Yes,"Hand pulling, digging, or other form of removal of both above and belowground biomass",,July,September,10,30,No,,No,,1,Once during the growing season,0,0,Locally eradicate the population,,Moderately effective,Yes,
3/6/26 13:48,3/6/26 15:43,IP Address,11,6945,False,3/13/26 16:44,R_1CPpZZHz8wkcCeR,anonymous,EN,I Agree,Invasive plant management ,10+ years,City/Municipal Government,,Yes,,,,,,,,,,,,,,,,,,,,,,,,,,,,,,,,,,,,,,,,,,,,,,,,,,,,,,,,,,,,,,,,,,,,,,,,,,,,,,,,,,,,,,,,,,,,,,,,,,,,,,,,,,,,,,,,,,,,,,,,,,,Yes,,Yes,,,,,Pre-emergent,Pendimethalin,March,March,15,20,"Yes, dormancy",,"Yes, vegetation emergence",,1,Yes,,,,,,,,,,,,,,,,,,,,,,,,,,,,,,,,,,,,,,,,,,,,,,,,,,,,,,,,,,,,,,,,,,,,,,,,,,,,,,,,,,,,,,,,,,,,,,,,,,,,,,,,,,,,,,,,,,,,,,,,,,,,,,,,,,,,,,,,,,,,,,,,,,,,,,,,,,,,,,,,,,,,,,,,,,,
3/16/26 8:29,3/16/26 8:57,IP Address,100,1715,True,3/16/26 8:57,R_7ZJRu0abbATItQu,anonymous,EN,I Agree,Invasive plant management ,10+ years,County Government,,Yes,6,1,4,2,5,3,7,8,,Yes - we monitor both invasive plant populations and native recovery post-treatment,No,,"Kudzu (Pueraria montana),Autumn-Olive (Elaeagnus umbellata),Chinese silver grass (Miscanthus sinensis),Privet (Ligustrum sp.),Tree of heaven (AiIanthus altissima)",,,,At the same time due to no change in phenology,,,"Treatment starting earlier due to changing phenology,Treatment ending later due to changing phenology",,,,,I don't know,,,,,,At the same time due to no change in phenology,,,At the same time due to no change in phenology,,,,,I don’t know,,,I don’t know,,,,,I don’t know,,,,,,I don’t know,,,I don’t know,,,,,12,,,10,,,,,3,,,,,,12,,,10,,Network of sites within one state/province,,North Carolina,"If yes, please provide your name and email",katie.proctor@mecknc.gov,Yes,"Rozzelle's Ferry Nature Preserve, Charlotte, NC, USA",Yes,Foliar spray,Cut and paint,,,,,May,August,15,15,"Yes, other",Cut it so that it can regrow for foliar spraying,"Yes, other",Regrowth is tall enough and has enough leaves to spray ,2,Yes,"Mowing, cutting, or other form of removing aboveground biomass",,May,,15,,"Yes, flowering",,,,1,Once during the growing season,,0,Locally eradicate the population,,Moderately effective,Yes,,No,,,,,,,,,,,,,,,,,,,,,,,,,,,,,,,,,,,,,,No,,,,,,,,,,,,,,,,,,,,,,,,,,,,,,,,,,,,,,No,,,,,,,,,,,,,,,,,,,,,,,,,,,,,,,,,,,,,,Yes,"Rocky River Bluff Nature Preserve, Davidson, NC, USA",Yes,,Cut and paint,,,"Foliar spray,Stem injection",Aminopyralid,January,December,1,31,"Yes, dormancy",,"Yes, dormancy",,12,Yes,"Mowing, cutting, or other form of removing aboveground biomass",,January,December,1,31,"Yes, dormancy",,"Yes, dormancy",,8,Every 1-2 months,0,0,Locally eradicate the population,,Very effective,Yes,,No,,,,,,,,,,,,,,,,,,,,,,,,,,,,,,,,,,,,,
3/9/26 11:03,3/9/26 11:05,IP Address,38,112,False,3/16/26 11:05,R_1pRmejXRGZA9vDU,anonymous,EN,I Agree,"Other (I work with invasive plants but not as a manager, researcher, or extension)",2 to 5 years,Other,Landowner ,Yes,,,,,,,,,,,,,,,,,,,,,,,,,,,,,,,,,,,,,,,,,,,,,,,,,,,,,,,,,,,,,,,,,,,,,,,,,,,,,,,,,,,,,Yes,"Bethel, VT",Yes,,,,,,,,,,,,,,,,,,,,,,,,,,,,,,,,,,,,No,,,,,,,,,,,,,,,,,,,,,,,,,,,,,,,,,,,,,,No,,,,,,,,,,,,,,,,,,,,,,,,,,,,,,,,,,,,,,,,,,,,,,,,,,,,,,,,,,,,,,,,,,,,,,,,,,,,,,,,,,,,,,,,,,,,,,,,,,,,,,,,,,,,,,,,,,,,,,,,,,,,,,,,,,,,,,,,,,,,,,,,,,,,,,,
3/10/26 16:36,3/10/26 16:48,IP Address,11,706,False,3/17/26 16:51,R_1wJZWNOKIuagkwx,anonymous,EN,I Agree,Invasive plant management ,2 to 5 years,Nongovernmental Organization,,Yes,,,,,,,,,,,,,,,,,,,,,,,,,,,,,,,,,,,,,,,,,,,,,,,,,,,,,,,,,,,,,,,,,,,,,,,,,,,,,,,,,,,,,,,,,,,,,,,,,,,,,,,,,,,,,,,,,,,,,,,,,,,,,,,,,,,,,,,,,,,,,,,,,,,,,,,,,,,,,,,,,Yes,"Fuller Forest, York, ME USA",Yes,Cut and paint,,,,,,October,December,15,30,"Yes, senescence",,"Yes, other",Sap ascent,3,Yes,,,,,,,,,,,,,,,,,,,,,,,,,,,,,,,,,,,,,,,,,,,,,,,,,,,,,,,,,,,,,,,,,,,,,,,,,,,,,,,,,,,,,,,,,,,,,,,,,,,,,,,,,,,,,,,,,,,,,,,,,,,,,,,,,,,,,
3/10/26 20:25,3/10/26 20:32,IP Address,23,396,False,3/17/26 20:32,R_5G3TsIidDPaoaK6,anonymous,EN,I Agree,Invasive plant management ,6 to 10 years,Nongovernmental Organization,,Yes,,,,,,,,,,,,,,,,,,,,,,,,,,,,,,,,,,,,,,,,,,,,,,,,,,,,,,,,,,,,,,,,,,,,,,,,,,,,,,,,,,,,,Yes,"Sycamore Landing, Manville, Rhode Island USA",Yes,,,,,,,,,,,,,,,,,,,,,,,,,,,,,,,,,,,,,,,,,,,,,,,,,,,,,,,,,,,,,,,,,,,,,,,,,,,,,,,,,,,,,,,,,,,,,,,,,,,,,,,,,,,,,,,,,,,,,,,,,,,,,,,,,,,,,,,,,,,,,,,,,,,,,,,,,,,,,,,,,,,,,,,,,,,,,,,,,,,,,,,,,,,,No,,,,,,,,,,,,,,,,,,,,,,,,,,,,,,,,,,,,,
3/11/26 8:56,3/11/26 9:03,IP Address,0,452,False,3/18/26 9:04,R_3902hyT2s9BLKoB,anonymous,EN,I Agree,,,,,,,,,,,,,,,,,,,,,,,,,,,,,,,,,,,,,,,,,,,,,,,,,,,,,,,,,,,,,,,,,,,,,,,,,,,,,,,,,,,,,,,,,,,,,,,,,,,,,,,,,,,,,,,,,,,,,,,,,,,,,,,,,,,,,,,,,,,,,,,,,,,,,,,,,,,,,,,,,,,,,,,,,,,,,,,,,,,,,,,,,,,,,,,,,,,,,,,,,,,,,,,,,,,,,,,,,,,,,,,,,,,,,,,,,,,,,,,,,,,,,,,,,,,,,,,,,,,,,,,,,,,,,,,,,,,,,,,,,,,,,,,,,,,,,,,,,,,,,,,,,,,,,,,,,,,,,
3/20/26 9:27,3/20/26 9:46,IP Address,100,1165,True,3/20/26 9:46,R_7sbq6ayzwLi9Bex,anonymous,EN,I Agree,Invasive plant management ,2 to 5 years,Industry/Private Sector,,Yes,2,3,7,4,5,6,1,8,,No,"If yes, please provide your name and email",adriana.hughes@swca.com,"Asiatic bittersweet (Celastrus orbiculatus),Bush Honeysuckle (Lonicera maackii, morrowii, tatarica or X bella),Invasive Knotweeds (Reynoutria spp.),Multiflora rose (Rosa multiflora),Autumn-Olive (Elaeagnus umbellata),Barberry  (Berberis thunbergii),Black swallowwort (Vincetoxicum nigrum),Buckthorn (Rhamnus cathartica),Mugwort (Artemisia vulgaris),Phragmites australis,Privet (Ligustrum sp.),Spotted knapweed (Centaurea stoebe),Tree of heaven (AiIanthus altissima)",I don't know,I don't know,I don't know,,I don't know,,I don't know,I don't know,,I don't know,I don't know,,,,I don't know,,I don't know,I don't know,,I don't know,I don't know,,I don’t know,I don’t know,I don’t know,,I don’t know,,I don’t know,I don’t know,,I don’t know,I don’t know,,,,I don’t know,,I don’t know,I don’t know,,I don’t know,I don’t know,,,,,,,,,,,,,,,,,,,,,,,,Multi-state network of sites,,Massachusetts,"If yes, please provide your name and email",adriana.hughes@swca.com,Yes,Bayview Bogs Yarmouth MA,Yes,Foliar spray,,,,,,August,October,1,15,No,,No,,1,No,,,,,,,,,,,,,,,Decrease population size,,Very effective,No,Additional follow up treatments,No,,,,,,,,,,,,,,,,,,,,,,,,,,,,,,,,,,,,,,Yes,Hickory Ridge Golf Course Amherst MA,Yes,,Foliar spray,,,,,July,August,1,30,No,,No,,2,No,,,,,,,,,,,,,,,Decrease population size,,Very effective,Yes,,Yes,Mount Tom Easthampton MA,Yes,Cut and paint,,,,,,August,October,1,30,No,,No,,1,No,,,,,,,,,,,,,,,Decrease population size,,Very effective,No,Repeated visits to review the effect of our management approach,No,,,,,,,,,,,,,,,,,,,,,,,,,,,,,,,,,,,,,,Yes,Hickory Ridge Gold Course Amherst MA,Yes,"Foliar spray,Cut and paint","Foliar spray,Cut and paint",,,,,July,August,1,30,No,,No,,1,No,,,,,,,,,,,,,,,Decrease population size,,Very effective,Yes,
3/20/26 9:31,3/20/26 9:59,IP Address,100,1689,True,3/20/26 9:59,R_70N2YgQ7thcn06s,anonymous,EN,I Agree,Invasive plant management ,6 to 10 years,Other,volunteer Arlington MA Invasive ArMI,Yes,4,1,3,6,2,5,7,8,,Yes - we monitor both invasive plant populations and native recovery post-treatment,"If yes, please provide your name and email",ecrowder@communication-exchange.com,"Asiatic bittersweet (Celastrus orbiculatus),Invasive Knotweeds (Reynoutria spp.),Multiflora rose (Rosa multiflora),Barberry  (Berberis thunbergii),Black swallowwort (Vincetoxicum nigrum),Buckthorn (Rhamnus cathartica),Japanese honeysuckle (Lonicera japonica),Mugwort (Artemisia vulgaris),Norway maple (Acer platanoides),Tree of heaven (AiIanthus altissima)",,,,,,,,,,,,,,,,,,,,,,,,,,,,,,,,,,,,,,,,,,,,,6,,5,,6,,,6,,6,4,,,,,4,,,,,,, Other (please specify),several sites in the town of Arlington,Massachusetts,,,Yes,"Arlington, MA",No,,,,,,,,,,,,,,,,,Other,"combination depending on sun level- primarily digging/repeated cutting in pt shade, smothering and digging the edges in higher sun.",June,October,1,31,"Yes, other",robust height after emergence to deplete root energy,"Yes, dormancy",,6,Every 2-4 weeks,100,48,Locally eradicate the population,,Moderately effective,Yes,,No,,,,,,,,,,,,,,,,,,,,,,,,,,,,,,,,,,,,,,Yes,Arlington MA,No,,,,,,,,,,,,,,,,Yes,"Hand pulling, digging, or other form of removal of both above and belowground biomass",,November,March,1,15,"Yes, dormancy",,"Yes, other",vegetation emergence of other plants in the wetlands -warmer winter provided greater access to vines,6,Every 2-4 weeks,100,48,Decrease population size,,Very effective,Yes,,No,,,,,,,,,,,,,,,,,,,,,,,,,,,,,,,,,,,,,,No,,,,,,,,,,,,,,,,,,,,,,,,,,,,,,,,,,,,,,,,,,,,,,,,,,,,,,,,,,,,,,,,,,,,,,,,,,,
3/20/26 9:34,3/20/26 10:24,IP Address,100,3014,True,3/20/26 10:24,R_77YAH73ER57ZnBn,anonymous,EN,I Agree,Invasive plant management ,10+ years,Academia/University,,Yes,2,1,6,4,5,3,7,8,,Yes - we monitor both invasive plant populations and native recovery post-treatment,No,,"Asiatic bittersweet (Celastrus orbiculatus),Bush Honeysuckle (Lonicera maackii, morrowii, tatarica or X bella),Kudzu (Pueraria montana),Autumn-Olive (Elaeagnus umbellata),Privet (Ligustrum sp.),Tree of heaven (AiIanthus altissima)",At the same time due to no change in phenology,At the same time due to no change in phenology,,At the same time due to no change in phenology,,,At the same time due to no change in phenology,,,,,,,,,,,At the same time due to no change in phenology,,,At the same time due to no change in phenology,,At the same frequency due to no change in phenology,At the same frequency due to no change in phenology,,At the same frequency due to no change in phenology,,,At the same frequency due to no change in phenology,,,,,,,,,,,At the same frequency due to no change in phenology,,,At the same frequency due to no change in phenology,,15,15,,15,,,15,,,,,,,,,,,15,,,15,,Network of sites within one state/province,,Kentucky,No,,No,,,,,,,,,,,,,,,,,,,,,,,,,,,,,,,,,,,,,,No,,,,,,,,,,,,,,,,,,,,,,,,,,,,,,,,,,,,,,Yes,"Berea College Forest, Berea, KY USA",Yes,Cut and paint,Cut and paint,,,,,September,September,1,30,"Yes, dormancy",,"Yes, dormancy",,1,Yes,"Hand pulling, digging, or other form of removal of both above and belowground biomass",,September,September,1,30,"Yes, other","While cutting/treating large vines, we pull up the small vines.","Yes, other",We pull up the small vines while cutting/treating the large vines...choosing to do this just prior to dormancy to maximize affect.,1,Once during the growing season,0,0,Decrease population size,,Moderately effective,Yes,,Yes,"Berea College Forest, Berea, KY USA",Yes,Cut and paint,Cut and paint,,,,,January,January,1,30,"Yes, other","We treat bush honeysuckle year-round, but focus on it most in the fall when it is the only thing leafed out (easiest to see).","Yes, other","We treat it year-around because it is so prevalent here, but we especially treat it in the fall after everything else has lost its leaves but honeysuckle is still leafed out.",1,Yes,"Hand pulling, digging, or other form of removal of both above and belowground biomass",,February,December,15,15,"Yes, other","Year-around, except when the ground is frozen, we hand pull the small honeysuckle bushes as we have time, and as we're cut/treating the large bushes.",No,,1,Weekly or more frequently,0,0,Decrease population size,,Moderately effective,No,"There is so much bush honeysuckle, over so many acres, that we're only able to barely make a dent in it with current staff/time/resources.  If resources were not a barrier, I would sign up large acreages for EQIP funding brush management, then contract out these large acreages to be gone over with a Fecon brush cutter followed by herbicide treatment for the less steep areas and have an army of hand-cutters, stump treatment contractors address treat the brush on steep slopes inappropriate for the equipment.  When cost share has been available, we have done this on as many acres as we could obtain funding on (90 acres) but even that is not a lot when we have about 3,000 acres affected by honeysuckle brush.  To really tackle the problem in earnest it would cost a lot even with available cost share and be difficult to find contractors equipped and willing to do this much work here. ",Yes,"Berea College Forest, Berea, KY USA",Yes,Foliar spray,Foliar spray,,,,,June,September,15,15,"Yes, other","Early summer, once fully leafed-out, to knock back to control mass, then treated again early fall to deplete roots before dormancy.","Yes, dormancy",,2,Yes,"Mowing, cutting, or other form of removing aboveground biomass",,June,June,15,30,"Yes, other","While we did foliar herbicide treatment, we also cut as many root crowns as we could find and applied herbicide to the cut surface.","Yes, other","We did it in conjunction with the foliar herbicide application, picked timing to coincide with full leaf-out status reached in early summer.",1,Once during the growing season,0,0,Locally eradicate the population,,Moderately effective,Yes,,No,,,,,,,,,,,,,,,,,,,,,,,,,,,,,,,,,,,,,
3/20/26 10:14,3/20/26 10:32,IP Address,100,1096,True,3/20/26 10:32,R_3G9fjD3aUkxTH1a,anonymous,EN,I Agree,Invasive plant management ,10+ years,Industry/Private Sector,,Yes,7,3,1,2,5,4,6,8,,Yes - we monitor both invasive plant populations and native recovery post-treatment,No,,"Asiatic bittersweet (Celastrus orbiculatus),Bush Honeysuckle (Lonicera maackii, morrowii, tatarica or X bella),Multiflora rose (Rosa multiflora),Stiltgrass (Microstegium vimineum),Barberry  (Berberis thunbergii),Japanese honeysuckle (Lonicera japonica),Tree of heaven (AiIanthus altissima)",At the same time due to no change in phenology,At the same time due to no change in phenology,,,At the same time due to no change in phenology,At the same time due to no change in phenology,,At the same time due to no change in phenology,,,,,,At the same time due to no change in phenology,,,,,,,At the same time due to no change in phenology,,At the same frequency due to no change in phenology,At the same frequency due to no change in phenology,,,At the same frequency due to no change in phenology,At the same frequency due to no change in phenology,,Other,,,,,,At the same frequency due to no change in phenology,,,,,,,Other,,15,20,,,15,30,,15,,,,,,30,,,,,,,15,,Network of sites within one state/province,,Maryland,No,,No,,,,,,,,,,,,,,,,,,,,,,,,,,,,,,,,,,,,,,Yes,"private residance, Germantown, MD USA",Yes,,,,,Foliar spray,fluazifop-P-butyl,July,August,15,1,"Yes, flowering",,"Yes, flowering",,2,Yes,"Hand pulling, digging, or other form of removal of both above and belowground biomass",,April,November,15,30,No,,No,,14,Every 2-4 weeks,0,0,Decrease population size,,Very effective,Yes,,Yes,"Private homes, Germantown, MD USA",No,,,,,,,,,,,,,,,,Yes,"Hand pulling, digging, or other form of removal of both above and belowground biomass",,January,December,1,31,No,,No,,4,Every 1-2 months,0,0,Slow population spread,,Very effective,Yes,,Yes,"Private homes, Germantown, MD USA",No,,,,,,,,,,,,,,,,Yes,"Hand pulling, digging, or other form of removal of both above and belowground biomass",,January,December,1,31,No,,No,,4,Every 1-2 months,0,0,Slow population spread,,Very effective,Yes,,No,,,,,,,,,,,,,,,,,,,,,,,,,,,,,,,,,,,,,,Yes,"Private residance, Germantown, MD USA",No,,,,,,,,,,,,,,,,Yes,"Hand pulling, digging, or other form of removal of both above and belowground biomass",,January,December,1,31,No,,No,,4,Every 1-2 months,0,0,Slow population spread,,Very effective,Yes,
3/20/26 11:01,3/20/26 11:34,IP Address,100,1984,True,3/20/26 11:34,R_5UXKN47dXwQas3T,anonymous,EN,I Agree,Invasive plant management ,10+ years,Nongovernmental Organization,,Yes,3,5,6,1,2,7,4,8,,Yes - we monitor invasive plant populations post-treatment,No,,"Asiatic bittersweet (Celastrus orbiculatus),Bush Honeysuckle (Lonicera maackii, morrowii, tatarica or X bella),Autumn-Olive (Elaeagnus umbellata),Buckthorn (Rhamnus cathartica),Wild parsnip (Pastinaca sativa)",I don't know,I don't know,,,,,I don't know,,,,I don't know,,,,,,,,,,,I don't know,I don’t know,I don’t know,,,,,I don’t know,,,,I don’t know,,,,,,,,,,,I don’t know,2,30,,,,,1,,,,30,,,,,,,,,,,4,Multi-state network of sites,,Wisconsin,No,,No,,,,,,,,,,,,,,,,,,,,,,,,,,,,,,,,,,,,,,No,,,,,,,,,,,,,,,,,,,,,,,,,,,,,,,,,,,,,,Yes,Spring valley wi,Yes,Cut and paint,,,,,,October,October,15,16,No,,No,,1,Yes,"Mowing, cutting, or other form of removing aboveground biomass",,October,October,15,16,No,,No,,1,Once during the growing season,100,1,Locally eradicate the population,,Slightly effective,Yes,,Yes,"Spring valley, River Falls Wi . bay port man",Yes,,"Cut and paint,Other",,,Cut and paint,Quest,September,January,30,31,No,,No,,10,No,,,,,,,,,,,,,,,Decrease population size,,Slightly effective,No,More help,No,,,,,,,,,,,,,,,,,,,,,,,,,,,,,,,,,,,,,,No,,,,,,,,,,,,,,,,,,,,,,,,,,,,,,,,,,,,,
3/20/26 9:59,3/20/26 11:44,IP Address,100,6306,True,3/20/26 11:44,R_5RehWcfd4oBoyZP,anonymous,EN,I Agree,"Other (I work with invasive plants but not as a manager, researcher, or extension)",10+ years,Other,private land,"No, but I managed other invasive plant species",4,3,6,5,2,7,1,8,,No,No,,"Multiflora rose (Rosa multiflora),Barberry  (Berberis thunbergii),Buckthorn (Rhamnus cathartica),Norway maple (Acer platanoides)",,,,,I don't know,,,I don't know,,,I don't know,,,,,I don't know,,,,,,,,,,,I don’t know,,,I don’t know,,,I don’t know,,,,,I don’t know,,,,,,,,,,,10,,,10,,,20,,,,,20,,,,,,,Single site,,Massachusetts,No,,,,,,,,,,,,,,,,,,,,,,,,,,,,,,,,,,,,,,,,,,,,,,,,,,,,,,,,,,,,,,,,,,,,,,,,,,,,,,,,,,,,,,,,,,,,,,,,,,,,,,,,,,,,,,,,,,,,,,,,,,,,,,,,,,,,,,,,,,,,,,,,,,,,,,,,,,,,,,,,,,,,,,,,,,,,,,,,,,,,,,,,,,,,,,,,,,,,,,,,,,,,,,,,,,,,,,,,,,,,,,,,,,,,,
3/20/26 11:44,3/20/26 12:17,IP Address,100,1955,True,3/20/26 12:17,R_51hjoFYUg74WFmz,anonymous,EN,I Agree,Invasive plant management ,10+ years, Federal Government,,Yes,1,3,8,4,6,7,5,2,Availability of boats for transportation to the island,No,No,,"Asiatic bittersweet (Celastrus orbiculatus),Bush Honeysuckle (Lonicera maackii, morrowii, tatarica or X bella),Invasive Knotweeds (Reynoutria spp.),Multiflora rose (Rosa multiflora),Stiltgrass (Microstegium vimineum),Autumn-Olive (Elaeagnus umbellata),Barberry  (Berberis thunbergii),Black swallowwort (Vincetoxicum nigrum),Buckthorn (Rhamnus cathartica),Japanese honeysuckle (Lonicera japonica),Mugwort (Artemisia vulgaris),Norway maple (Acer platanoides),Phragmites australis,Privet (Ligustrum sp.),Spotted knapweed (Centaurea stoebe),Tree of heaven (AiIanthus altissima)",At the same time despite changing phenology,At the same time despite changing phenology,At the same time despite changing phenology,,At the same time despite changing phenology,At the same time despite changing phenology,At the same time due to no change in phenology,At the same time due to no change in phenology,,"Treatment starting earlier due to changing phenology,Treatment ending later due to changing phenology",At the same time due to no change in phenology,,,"Treatment starting earlier due to changing phenology,Treatment ending later due to changing phenology",At the same time due to no change in phenology,At the same time due to no change in phenology,"Treatment starting earlier due to changing phenology,Treatment ending later due to changing phenology",,,"Treatment starting earlier due to changing phenology,Treatment ending later due to changing phenology",At the same time due to no change in phenology,,More or less frequently for other reasons,More or less frequently for other reasons,More or less frequently for other reasons,,More or less frequently for other reasons,More or less frequently for other reasons,More or less frequently for other reasons,More or less frequently for other reasons,,More or less frequently for other reasons,More or less frequently for other reasons,,,More or less frequently for other reasons,More or less frequently for other reasons,More or less frequently for other reasons,More or less frequently for other reasons,More or less frequently for other reasons,,More or less frequently for other reasons,More or less frequently for other reasons,,25,25,15,,25,5,15,15,,25,25,,,15,10,25,25,25,,25,25,,Network of sites within one state/province,,Massachusetts,"If yes, please provide your name and email","Bill Fuchs, william_fuchs@nps.gov",,,,,,,,,,,,,,,,,,,,,,,,,,,,,,,,,,,,,,,Yes,"Grape Island, Weymouth, MA, USA",No,,,,,,,,,,,,,,,,Yes,"Hand pulling, digging, or other form of removal of both above and belowground biomass",,June,September,20,15,"Yes, other",Above ground portion of the plant enough to identify and pull successfully,No,,5,Once during the growing season,90,20,Decrease population size,,Moderately effective,No,Increase the number of hours of manual and chemical treatment to be able to target the entire population and treat multiple times per season. ,Yes,"Grape Island, Weymouth, MA, USA",Yes,,Cut and paint,,,,,March,September,1,15,No,,No,,15,Yes,"Mowing, cutting, or other form of removing aboveground biomass",,March,September,15,15,No,,No,,15,Once during the growing season,70,90,Decrease population size,,Moderately effective,No,Increase the number of hours of manual and chemical treatment to be able to target the entire population and treat multiple times per season. ,Yes,"Grape Island, Weymouth, MA, USA",Yes,,Cut and paint,,,,,May,September,15,15,No,,No,,10,Yes,"Mowing, cutting, or other form of removing aboveground biomass",,May,September,15,15,No,,No,,10,Once during the growing season,80,30,Decrease population size,,Very effective,No,Increase the number of hours of manual and chemical treatment to be able to target the entire population and treat multiple times per season. ,No,,,,,,,,,,,,,,,,,,,,,,,,,,,,,,,,,,,,,,Yes,"Grape Island, Weymouth, MA, USA",Yes,Foliar spray,"Foliar spray,Cut and paint",,Stem injection,,,May,September,1,15,No,,No,,15,Yes,"Mowing, cutting, or other form of removing aboveground biomass",,May,September,15,15,No,,No,,15,Once during the growing season,70,120,Decrease population size,,Moderately effective,No,Increase the number of hours of manual and chemical treatment to be able to target the entire population and treat multiple times per season. 
3/20/26 12:43,3/20/26 13:37,IP Address,100,3243,True,3/20/26 13:37,R_3mwJdcOf68mSU8i,anonymous,EN,I Agree,Invasive plant management ,10+ years,Nongovernmental Organization,,Yes,2,1,5,3,4,6,7,8,,Yes - we monitor invasive plant populations post-treatment,"If yes, please provide your name and email",bill@athensconservancy.org,"Asiatic bittersweet (Celastrus orbiculatus),Bush Honeysuckle (Lonicera maackii, morrowii, tatarica or X bella),Multiflora rose (Rosa multiflora),Stiltgrass (Microstegium vimineum),Autumn-Olive (Elaeagnus umbellata),Barberry  (Berberis thunbergii),Chinese silver grass (Miscanthus sinensis),Japanese honeysuckle (Lonicera japonica),Privet (Ligustrum sp.),Tree of heaven (AiIanthus altissima)",I don't know,I don't know,,,I don't know,Treatment starting earlier due to changing phenology,I don't know,I don't know,,,,Treatment ending later due to changing phenology,,I don't know,,,,I don't know,,,At the same time despite changing phenology,,At the same frequency despite a change in phenology,At the same frequency despite a change in phenology,,,At the same frequency despite a change in phenology,More frequently due to changing phenology,At the same frequency despite a change in phenology,At the same frequency despite a change in phenology,,,,At the same frequency despite a change in phenology,,At the same frequency despite a change in phenology,,,,At the same frequency despite a change in phenology,,,At the same frequency despite a change in phenology,,10,10,,,10,10,10,10,,,,5,,10,,,,10,,,10,, Other (please specify),county-wide network of preserves,Ohio,No,,No,,,,,,,,,,,,,,,,,,,,,,,,,,,,,,,,,,,,,,Yes,"Athens County, OH, USA",No,,,,,,,,,,,,,,,,Yes,"Mowing, cutting, or other form of removing aboveground biomass",,August,September,15,30,"Yes, other","ideally, just before flowering","Yes, senescence",,1,Once during the growing season,0,0,Locally eradicate the population,,,No,I would try some torching with a propane tank and/or use a very low concentration glyphosate solution.,Yes,"Athens County, OH, USA",Yes,,"Cut and paint,Other",,,,basal bark,July,March,15,15,"Yes, other","I use herbicide on asian bittersweet somewhat opportunistically from about mid-summer, but do most of it during the fall and winter when the sap is going down.","Yes, vegetation emergence",,1,Yes,"Hand pulling, digging, or other form of removal of both above and belowground biomass",,January,December,1,31,No,,No,,1,Once during the growing season,10,50,Prevent population spread,,Very effective,Yes,,Yes,"Athens County, OH, USA",Yes,,"Cut and paint,Other",,,,basal bark,June,March,15,1,"Yes, other",opportunistically from about early summer to late winter,"Yes, vegetation emergence",,1,Yes,"Hand pulling, digging, or other form of removal of both above and belowground biomass",,January,December,1,31,No,,No,,1,Once during the growing season,10,20,Decrease population size,,Very effective,Yes,,No,,,,,,,,,,,,,,,,,,,,,,,,,,,,,,,,,,,,,,Yes,"Athens County, OH, USA",Yes,,Cut and paint,,,,,June,February,1,30,"Yes, other",opportunistically from about June through February.  I don't do it during the spring since it's not as effective,"Yes, vegetation emergence",,1,Yes,"Hand pulling, digging, or other form of removal of both above and belowground biomass",,January,December,1,31,No,,No,,1,Once during the growing season,50,60,Decrease population size,,Extremely effective,Yes,
3/20/26 12:40,3/20/26 14:45,IP Address,100,7503,True,3/20/26 14:45,R_3odqWeiPriybrSx,anonymous,EN,I Agree,Invasive plant management ,10+ years,Industry/Private Sector,,Yes,8,2,3,1,7,6,4,5,What species are present and can they be realistically attained ,Yes - we monitor both invasive plant populations and native recovery post-treatment,"If yes, please provide your name and email",reforestmd@gmail.com,"Asiatic bittersweet (Celastrus orbiculatus),Bush Honeysuckle (Lonicera maackii, morrowii, tatarica or X bella),Invasive Knotweeds (Reynoutria spp.),Multiflora rose (Rosa multiflora),Autumn-Olive (Elaeagnus umbellata),Barberry  (Berberis thunbergii),Chinese silver grass (Miscanthus sinensis),Japanese honeysuckle (Lonicera japonica),Phragmites australis,Privet (Ligustrum sp.),Tree of heaven (AiIanthus altissima)",At the same time despite changing phenology,At the same time due to no change in phenology,At the same time due to no change in phenology,,At the same time due to no change in phenology,,At the same time due to no change in phenology,At the same time due to no change in phenology,,,,At the same time due to no change in phenology,,At the same time due to no change in phenology,,,At the same time due to no change in phenology,At the same time due to no change in phenology,,,At the same time due to no change in phenology,,At the same frequency due to no change in phenology,At the same frequency due to no change in phenology,At the same frequency due to no change in phenology,,At the same frequency due to no change in phenology,,At the same frequency due to no change in phenology,At the same frequency due to no change in phenology,,,,At the same frequency due to no change in phenology,,At the same frequency due to no change in phenology,,,At the same frequency due to no change in phenology,At the same frequency due to no change in phenology,,,At the same frequency due to no change in phenology,,16,25,25,,20,,12,10,,,,10,,25,,,30,10,,,20,,Multi-state network of sites,,Maryland,"If yes, please provide your name and email",Chris. reforestmd@gmail.com,Yes,Brunswick boat ramp Brunswick MD,Yes,Foliar spray,Foliar spray,,,,,May,September,5,11,"Yes, other",Early stage and follow up. Pre-flower on second wave ,"Yes, other",Early stage control with a letter season follow up pre flower . ,2,No,,,,,,,,,,,,,,,Locally eradicate the population,,Very effective,Yes,,No,,,,,,,,,,,,,,,,,,,,,,,,,,,,,,,,,,,,,,Yes,Mt weather virginia ,Yes,,Cut and paint,,,,,October,March,15,10,"Yes, dormancy",,"Yes, dormancy",,1,Yes,"Mowing, cutting, or other form of removing aboveground biomass",,October,,15,,"Yes, dormancy",,"Yes, dormancy",,1,Once during the growing season,,0,Slow population spread,,Slightly effective,No,Cut and treat in fall . Foliar control in summer.,Yes,Ballenger creek park Frederick Maryland ,Yes,Foliar spray,,,,,,April,October,15,24,"Yes, vegetation emergence",,"Yes, other",Mature foliation,2,No,,,,,,,,,,,,,,,Decrease population size,,Very effective,Yes,,No,,,,,,,,,,,,,,,,,,,,,,,,,,,,,,,,,,,,,,Yes,Tilley wolfsville Md,Yes,,"Foliar spray,Cut and paint",,,,,July,February,7,2,"Yes, other",Spray in summer cut and treat in the winter .,"Yes, dormancy",,2,No,,,,,,,,,,,,,,,Locally eradicate the population,,Very effective,Yes,
3/13/26 19:49,3/13/26 19:52,IP Address,11,172,False,3/20/26 19:52,R_1CYOTQgtqXxrJVT,anonymous,EN,I Agree,Invasive plant management ,Less than 2 years,City/Municipal Government,,Yes,,,,,,,,,,,,,,,,,,,,,,,,,,,,,,,,,,,,,,,,,,,,,,,,,,,,,,,,,,,,,,,,,,,,,,,,,,,,,,,,,,,,,,,,,,,,,,,,,,,,,,,,,,,,,,,,,,,,,,,,,,,,,,,,,,,,,,,,,,,,,,,,,,,,,,,,,,,,,,,,,,,,,,,,,,,,,,,,,,,,,,,,,,,,,,,,,,,,,,,,,,,,,,,,,,,,,,,,,,,,,,,,,,,,,,,,,,,,,,,,,,,,,,,,,,,,,,,,,,,,,,,,,,,,,,,,,,,Yes,,No,,,,,,,,,,,,,,,,,,,,,,,,,,,,,,,,,,,
3/20/26 20:51,3/20/26 22:09,IP Address,100,4663,True,3/20/26 22:09,R_6RfvvrSVaZFoLRH,anonymous,EN,I Agree,Invasive plant management ,10+ years,Nongovernmental Organization,,Yes,3,2,5,4,7,6,1,8,,Yes - we monitor both invasive plant populations and native recovery post-treatment,No,,"Asiatic bittersweet (Celastrus orbiculatus),Invasive Knotweeds (Reynoutria spp.),Kudzu (Pueraria montana),Multiflora rose (Rosa multiflora),Stiltgrass (Microstegium vimineum),Autumn-Olive (Elaeagnus umbellata),Barberry  (Berberis thunbergii),Japanese honeysuckle (Lonicera japonica),Privet (Ligustrum sp.),Spotted knapweed (Centaurea stoebe),Tree of heaven (AiIanthus altissima)",Treatment starting earlier due to changing phenology,,I don't know,Treatment starting earlier due to changing phenology,I don't know,Treatment ending later due to changing phenology,Treatment starting earlier due to changing phenology,I don't know,,,,,,I don't know,,,,At the same time despite changing phenology,,I don't know,Treatment starting earlier due to changing phenology,,At the same frequency despite a change in phenology,,Other,More or less frequently for other reasons,At the same frequency despite a change in phenology,More frequently due to changing phenology,At the same frequency despite a change in phenology,At the same frequency despite a change in phenology,,,,,,I don’t know,,,,At the same frequency despite a change in phenology,,At the same frequency despite a change in phenology,At the same frequency despite a change in phenology,,12,,3,1,12,12,12,12,,,,,,12,,,,12,,12,12,,Network of sites within one state/province,,Virginia,"If yes, please provide your name and email",Lauren Taylor lauren@blueridgeprism.org,Yes,"Reva Rd, Stanardsville, VA USA",Yes,,,,,Foliar spray,Trycera (triclopyr acid),October,October,17,17,"Yes, other","""The Window"" - from flower fade until 2 weeks before 1st hard frost","Yes, other",same as above,1,No,,,,,,,,,,,,,,,Locally eradicate the population,,Very effective,Yes,,Yes,"Baker property, Ruckersville, VA USA",Yes,,,,,Foliar spray,Trycera (triclopyr acid),July,September,5,3,"Yes, flowering",,"Yes, flowering",,1,No,,,,,,,,,,,,,,,Decrease population size,,Extremely effective,Yes,,Yes,"Baker property, Ruckersville, VA USA",Yes,,,,,Foliar spray,Trycera (triclopyr acid),July,August,5,9,No,,No,,1,No,,,,,,,,,,,,,,,Decrease population size,,Extremely effective,Yes,,No,,,,,,,,,,,,,,,,,,,,,,,,,,,,,,,,,,,,,,Yes,"Swift Run Mutton Hollow, Stanardsville, VA USA",Yes,,Foliar spray,,,,,August,September,1,15,"Yes, other","The intention was to target vegetation emergence; however, we got started late.",No,,1,Yes,Other,forestry mulching and chainsaw cutting vines,March,April,1,15,"Yes, dormancy",,"Yes, dormancy",,1,,0,0,Decrease population size,,Moderately effective,No,"1) Use a drone for spraying large open areas, and 2) start foliar spray much earlier in the season",Yes,"Azalea Park, Charlottesville, VA USA",Yes,,,,,Foliar spray,Trycera (triclopyr acid),August,August,5,8,No,,No,,1,No,,,,,,,,,,,,,,,Decrease population size,,Extremely effective,Yes,
3/16/26 7:47,3/16/26 7:49,IP Address,9,152,False,3/23/26 7:49,R_7lReh6jChp3mr3j,anonymous,EN,I Agree,Invasive plant management ,10+ years,County Government,,Yes,,,,,,,,,,,,,,,,,,,,,,,,,,,,,,,,,,,,,,,,,,,,,,,,,,,,,,,,,,,,,,,,,,,,,,,,,,,,,,,,,,,,,,,,,,,,,,,,,,,,,,,,,,,,,,,,,,,,,,,,,,,,,,,,,,,,,,,,,,,,,,,,,,,,,,,,,,,,,,,,,,,,,,,,,,,,,,,,,,,,,,,,,,,,,,,,,,,,,,,Yes,"The Parklands, Louisville, KY USA",Yes,,,,,,,,,,,,,,,,,,,,,,,,,,,,,,,,,,,,,,,,,,,,,,,,,,,,,,,,,,,,,,,,,,,,,,,,,,,,,,,,,,,,,,,,,,,,,,,,,,,,,,,,,,,,,,,
3/23/26 9:22,3/23/26 9:56,IP Address,100,2045,True,3/23/26 9:56,R_1EGs8JgbiTLIdrk,anonymous,EN,I Agree,Invasive plant management ,10+ years,Nongovernmental Organization,,Yes,4,1,6,2,7,5,3,8,,Yes - we monitor invasive plant populations post-treatment,No,,"Bush Honeysuckle (Lonicera maackii, morrowii, tatarica or X bella),Invasive Knotweeds (Reynoutria spp.),Autumn-Olive (Elaeagnus umbellata),Barberry  (Berberis thunbergii),Buckthorn (Rhamnus cathartica),Phragmites australis,Wild parsnip (Pastinaca sativa)",,"Starting earlier or ending later for other reasons,At the same time despite changing phenology","Treatment ending later due to changing phenology,Starting earlier or ending later for other reasons",,,,"Starting earlier or ending later for other reasons,At the same time despite changing phenology","Starting earlier or ending later for other reasons,At the same time despite changing phenology",,,"Starting earlier or ending later for other reasons,At the same time despite changing phenology",,,,,,Treatment ending later due to changing phenology,,,,,Treatment starting earlier due to changing phenology,,At the same frequency despite a change in phenology,At the same frequency despite a change in phenology,,,,At the same frequency despite a change in phenology,At the same frequency despite a change in phenology,,,At the same frequency despite a change in phenology,,,,,,At the same frequency despite a change in phenology,,,,,More frequently due to changing phenology,,15,15,,,,15,15,,,15,,,,,,12,,,,,10,Multi-state network of sites,,Michigan,No,,Yes,"Private property, Menominee, MI USA",Yes,,,,Foliar spray,,,September,September,9,9,"Yes, senescence",,"Yes, senescence",,1,No,,,,,,,,,,,,,,,Locally eradicate the population,,Very effective,Yes,,No,,,,,,,,,,,,,,,,,,,,,,,,,,,,,,,,,,,,,,No,,,,,,,,,,,,,,,,,,,,,,,,,,,,,,,,,,,,,,Yes,"Bay College Walking Trail, Iron Mountain, MI USA",Yes,,Cut and paint,,,,,September,October,15,1,"Yes, senescence",,"Yes, senescence",,1,Yes,"Hand pulling, digging, or other form of removal of both above and belowground biomass",,September,October,15,1,"Yes, senescence",,"Yes, senescence",,1,Once during the growing season,100,20,Decrease population size,,Very effective,Yes,,No,,,,,,,,,,,,,,,,,,,,,,,,,,,,,,,,,,,,,,No,,,,,,,,,,,,,,,,,,,,,,,,,,,,,,,,,,,,,
3/25/26 7:14,3/25/26 7:37,IP Address,100,1362,True,3/25/26 7:37,R_3Si9tax1RwMIZLT,anonymous,EN,I Agree,Invasive plant management ,10+ years,Industry/Private Sector,,Yes,6,1,7,3,4,2,5,8,,Yes - we monitor invasive plant populations post-treatment,"If yes, please provide your name and email",ryan@offshootsinc.com,"Asiatic bittersweet (Celastrus orbiculatus),Bush Honeysuckle (Lonicera maackii, morrowii, tatarica or X bella),Invasive Knotweeds (Reynoutria spp.),Multiflora rose (Rosa multiflora),Stiltgrass (Microstegium vimineum),Autumn-Olive (Elaeagnus umbellata),Barberry  (Berberis thunbergii),Black swallowwort (Vincetoxicum nigrum),Buckthorn (Rhamnus cathartica),Chinese silver grass (Miscanthus sinensis),Japanese honeysuckle (Lonicera japonica),Mugwort (Artemisia vulgaris),Norway maple (Acer platanoides),Phragmites australis,Privet (Ligustrum sp.),Spotted knapweed (Centaurea stoebe),Tree of heaven (AiIanthus altissima),Wild parsnip (Pastinaca sativa)","Treatment starting earlier due to changing phenology,Treatment ending later due to changing phenology","Treatment starting earlier due to changing phenology,Treatment ending later due to changing phenology","Treatment starting earlier due to changing phenology,Treatment ending later due to changing phenology",,"Treatment starting earlier due to changing phenology,Treatment ending later due to changing phenology",At the same time due to no change in phenology,"Treatment starting earlier due to changing phenology,Treatment ending later due to changing phenology","Treatment starting earlier due to changing phenology,Treatment ending later due to changing phenology",,At the same time due to no change in phenology,"Treatment starting earlier due to changing phenology,Treatment ending later due to changing phenology",At the same time due to no change in phenology,,"Treatment starting earlier due to changing phenology,Treatment ending later due to changing phenology","Treatment starting earlier due to changing phenology,Treatment ending later due to changing phenology","Treatment starting earlier due to changing phenology,Treatment ending later due to changing phenology",At the same time due to no change in phenology,"Treatment starting earlier due to changing phenology,Treatment ending later due to changing phenology",,At the same time due to no change in phenology,"Treatment starting earlier due to changing phenology,Treatment ending later due to changing phenology",At the same time due to no change in phenology,At the same frequency despite a change in phenology,At the same frequency despite a change in phenology,At the same frequency despite a change in phenology,,At the same frequency despite a change in phenology,At the same frequency despite a change in phenology,At the same frequency despite a change in phenology,At the same frequency despite a change in phenology,,At the same frequency despite a change in phenology,At the same frequency despite a change in phenology,At the same frequency despite a change in phenology,,At the same frequency despite a change in phenology,At the same frequency despite a change in phenology,At the same frequency despite a change in phenology,At the same frequency despite a change in phenology,At the same frequency despite a change in phenology,,At the same frequency despite a change in phenology,At the same frequency despite a change in phenology,At the same frequency despite a change in phenology,9,9,9,,9,5,9,9,,9,9,2,,8,9,9,9,9,,9,9,8,Multi-state network of sites,,Massachusetts,"If yes, please provide your name and email",ryan@offshootsinc.com,Yes,Roslindale Wetland Boston,Yes,"Foliar spray,Stem injection",,,,,,August,October,4,14,"Yes, flowering",,"Yes, dormancy",,2,No,,,,,,,,,,,,,,,Decrease population size,,Very effective,No,,"Yes, but I’m out of time - take me to the last section",,,,,,,,,,,,,,,,,,,,,,,,,,,,,,,,,,,,,,Yes,"Lone Tree Hill in Belmont, Mattahunt Woods in Boston, Dozens of sites in eastern massachusetts and Maine",Yes,"Foliar spray,Cut and paint,Stem injection","Foliar spray,Cut and paint,Hack and squirt",,,,,June,December,6,20,"Yes, other","Flowering and early dormancy were most effective, Tricolpyr 4a was most effective but can only be in upland","Yes, other",After December the temperatures make treatment difficult and the plant receptiveness declines going into feb,2,Yes,Other,Combined a big initial ground distrubance with frequent mowing of resprouts (3 times per season),May,October,15,31,"Yes, other","Target distrubance in May when the plant is actively pushing new growth, frequent mowings into late summer flowering period. This takes a few years","Yes, dormancy",,5,Every 1-2 months,19,60,Decrease population size,,Very effective,Yes,,Yes,Monterey Urban Wild Boston,Yes,,"Foliar spray,Cut and paint,Hack and squirt",,,Hack and squirt,Triclopyr 4 Oil based,June,December,8,14,"Yes, flowering",,"Yes, dormancy",,2,Yes,"Hand pulling, digging, or other form of removal of both above and belowground biomass",,May,December,15,,"Yes, vegetation emergence",,"Yes, vegetation emergence",,2,Every 1-2 months,10,40,Decrease population size,,Very effective,No,,No,,,,,,,,,,,,,,,,,,,,,,,,,,,,,,,,,,,,,,Yes,,Yes,"Foliar spray,Cut and paint",,,,,,June,December,7,6,"Yes, flowering",,"Yes, dormancy",,3,Yes,"Hand pulling, digging, or other form of removal of both above and belowground biomass",,May,December,10,12,"Yes, flowering",,"Yes, dormancy",,3,Every 1-2 months,15,40,Locally eradicate the population,,Very effective,Yes,
3/18/26 14:38,3/18/26 14:42,IP Address,32,199,False,3/25/26 14:42,R_30IW0CAhgxCoxyt,anonymous,EN,I Agree,Invasive plant management ,6 to 10 years,State Government,,Yes,,,,,,,,,,,,,,,,,,,,,,,,,,,,,,,,,,,,,,,,,,,,,,,,,,,,,,,,,,,,,,,,,,,,,,,,,,,,,,,,,,,,,,,,,,,,,,,,,,,,,,,,,,,,,,,,,,,,,,,,,,,,,,,,,,,,,,,,,,,,,,,,,,,,,,,,,,,,,,,,,Yes,"Rush Oak Opening, Rush, NY USA",Yes,Cut and paint,Cut and paint,,,,,,,,,No,,No,,,No,,,,,,,,,,,,,,,Decrease population size,,Slightly effective,Yes,,,,,,,,,,,,,,,,,,,,,,,,,,,,,,,,,,,,,,,,,,,,,,,,,,,,,,,,,,,,,,,,,,,,,,,,,,,,,,"Yes, but I’m out of time - take me to the last section",,,,,,,,,,,,,,,,,,,,,,,,,,,,,,,,,,,,,
3/19/26 16:38,3/20/26 9:33,IP Address,37,60890,False,3/27/26 9:33,R_10wNFmXFZwwHl68,anonymous,EN,I Agree,Invasive plant management ,6 to 10 years,City/Municipal Government,,Yes,,,,,,,,,,,,,,,,,,,,,,,,,,,,,,,,,,,,,,,,,,,,,,,,,,,,,,,,,,,,,,,,,,,,,,,,,,,,,,,,,,,,,,,,,,,,,,,,,,,,,,,,,,,,,,,,,,,,,,,,,,,No,,,,,,,,,,,,,,,,,,,,,,,,,,,,,,,,,,,,,,,,,,,,,,,,,,,,,,,,,,,,,,,,,,,,,,,,,,,,Yes,"Codman South, Lincoln, MA",No,,,,,,,,,,,,,,,,Yes,"Hand pulling, digging, or other form of removal of both above and belowground biomass",,April,September,15,15,"Yes, vegetation emergence",,No,,1,Once during the growing season,20,20,Locally eradicate the population,,Very effective,Yes,,,,,,,,,,,,,,,,,,,,,,,,,,,,,,,,,,,,,,,,,,,,,,,,,,,,,,,,,,,,,,,,,,,,,,,,,,,,,
3/20/26 9:31,3/20/26 9:33,IP Address,11,107,False,3/27/26 9:33,R_1MLq4wF0YdEl13o,anonymous,EN,I Agree,Invasive plant management ,10+ years,Nongovernmental Organization,,Yes,,,,,,,,,,,,,,,,,,,,,,,,,,,,,,,,,,,,,,,,,,,,,,,,,,,,,,,,,,,,,,,,,,,,,,,,,,,,,,,,,,,,,,,,,,,,,,,,,,,,,,,,,,,,,,,,,,,,,,,,,,,,,,,,,,,,,,,,,,,,,,,,,,,,,,,,,,,,,,,,,,,,,,,,,,,,,,,,,,,,,,,,,,,,,,,,,,,,,,,,,,,,,,,,,,,,,,,,,,,,,,,,,,,,,,,,,,,,,,,,,,,,,,,,,,,,,,,,,,,,,,,,,,,,,,,,,,,Yes,,,,,,,,,,,,,,,,,,,,,,,,,,,,,,,,,,,,,
3/20/26 9:32,3/20/26 9:34,IP Address,2,90,False,3/27/26 9:34,R_539dKtH3hwOhQTV,anonymous,EN,I Agree,Invasive plant management ,2 to 5 years,State Government,,"No, but I managed other invasive plant species",,,,,,,,,,,,,,,,,,,,,,,,,,,,,,,,,,,,,,,,,,,,,,,,,,,,,,,,,,,,,,,,,,,,,,,,,,,,,,,,,,,,,,,,,,,,,,,,,,,,,,,,,,,,,,,,,,,,,,,,,,,,,,,,,,,,,,,,,,,,,,,,,,,,,,,,,,,,,,,,,,,,,,,,,,,,,,,,,,,,,,,,,,,,,,,,,,,,,,,,,,,,,,,,,,,,,,,,,,,,,,,,,,,,,,,,,,,,,,,,,,,,,,,,,,,,,,,,,,,,,,,,,,,,,,,,,,,,,,,,,,,,,,,,,,,,,,,,,,,,,,,,,,,,,,,,
3/20/26 9:42,3/20/26 9:43,IP Address,8,53,False,3/27/26 9:43,R_74qmsdPMq35BLZY,anonymous,EN,I Agree,Invasive plant management ,10+ years,State Government,,Yes,,,,,,,,,,,,,,,,,,,,,,,,,,,,,,,,,,,,,,,,,,,,,,,,,,,,,,,,,,,,,,,,,,,,,,,,,,,,,,,,,,,,,,,,,,,,,,,,,,,,,,,,,,,,,,,,,,,,,,,,,,,,,,,,,,,,,,,,,,,,,,,,,,,,,,,,,,,,,,,,,Yes,,,,,,,,,,,,,,,,,,,,,,,,,,,,,,,,,,,,,,,,,,,,,,,,,,,,,,,,,,,,,,,,,,,,,,,,,,,,,,,,,,,,,,,,,,,,,,,,,,,,,,,,,,,,,,,,,,,,,,,,,,,,,,,,,,,,,,,,,,,,,,,,,,,,,,,
3/27/26 9:46,3/27/26 9:50,IP Address,100,215,True,3/27/26 9:50,R_1mfmWo3SZAFBgFX,anonymous,EN,I Agree,Invasive plant management ,2 to 5 years,State Government,,Yes,7,5,1,2,6,4,3,8,,I don't know,No,,"Bush Honeysuckle (Lonicera maackii, morrowii, tatarica or X bella),Invasive Knotweeds (Reynoutria spp.),Multiflora rose (Rosa multiflora),Barberry  (Berberis thunbergii),Black swallowwort (Vincetoxicum nigrum),Buckthorn (Rhamnus cathartica),Phragmites australis",,,,,,,,,,,,,,,,,,,,,,,,,,,,,,,,,,,,,,,,,,,,,,,,,,,,,,,,,,,,,,,,,,,Network of sites within one state/province,,New York,No,,,,,,,,,,,,,,,,,,,,,,,,,,,,,,,,,,,,,,,,,,,,,,,,,,,,,,,,,,,,,,,,,,,,,,,,,,,,,,,,,,,,,,,,,,,,,,,,,,,,,,,,,,,,,,,,,,,,,,,,,,,,,,,,,,,,,,,,,,,,,,,,,,,,,,,,,,"Yes, but I’m out of time - take me to the last section",,,,,,,,,,,,,,,,,,,,,,,,,,,,,,,,,,,,,,,,,,,,,,,,,,,,,,,,,,,,,,,,,,,,,,,,,,,
3/20/26 9:50,3/20/26 9:54,IP Address,55,218,False,3/27/26 9:54,R_33eM59cJ5s2BcNa,anonymous,EN,I Agree,"Other (I work with invasive plants but not as a manager, researcher, or extension)",2 to 5 years,City/Municipal Government,,Yes,,,,,,,,,,,,,,,,,,,,,,,,,,,,,,,,,,,,,,,,,,,,,,,,,,,,,,,,,,,,,,,,,,,,,,,,,,,,,,,,,,,,,Yes,,,,,,,,,,,,,,,,,,,,,,,,,,,,,,,,,,,,,,No,,,,,,,,,,,,,,,,,,,,,,,,,,,,,,,,,,,,,,No,,,,,,,,,,,,,,,,,,,,,,,,,,,,,,,,,,,,,,No,,,,,,,,,,,,,,,,,,,,,,,,,,,,,,,,,,,,,,,,,,,,,,,,,,,,,,,,,,,,,,,,,,,,,,,,,,,,,,,,,,,,,,,,,,,,,,,,,,,,,,,,,,,,,,,,,
3/20/26 10:59,3/20/26 11:00,IP Address,0,25,False,3/27/26 11:00,R_6Odpal5AJL9iMkL,anonymous,EN,I Agree,,,,,,,,,,,,,,,,,,,,,,,,,,,,,,,,,,,,,,,,,,,,,,,,,,,,,,,,,,,,,,,,,,,,,,,,,,,,,,,,,,,,,,,,,,,,,,,,,,,,,,,,,,,,,,,,,,,,,,,,,,,,,,,,,,,,,,,,,,,,,,,,,,,,,,,,,,,,,,,,,,,,,,,,,,,,,,,,,,,,,,,,,,,,,,,,,,,,,,,,,,,,,,,,,,,,,,,,,,,,,,,,,,,,,,,,,,,,,,,,,,,,,,,,,,,,,,,,,,,,,,,,,,,,,,,,,,,,,,,,,,,,,,,,,,,,,,,,,,,,,,,,,,,,,,,,,,,,,
3/20/26 11:38,3/20/26 11:41,IP Address,22,197,False,3/27/26 11:41,R_5K6YqAup8jU5DGg,anonymous,EN,I Agree,Invasive plant management ,10+ years,City/Municipal Government,,Yes,,,,,,,,,,,,,,,,,,,,,,,,,,,,,,,,,,,,,,,,,,,,,,,,,,,,,,,,,,,,,,,,,,,,,,,,,,,,,,,,,,,,,No,,,,,,,,,,,,,,,,,,,,,,,,,,,,,,,,,,,,,,Yes,,,,,,,,,,,,,,,,,,,,,,,,,,,,,,,,,,,,,,,,,,,,,,,,,,,,,,,,,,,,,,,,,,,,,,,,,,,,,,,,,,,,,,,,,,,,,,,,,,,,,,,,,,,,,,,,,,,,,,,,,,,,,,,,,,,,,,,,,,,,,,,,,,,,,,,,,,,,,,,,,,,,,,,,,,,,,,,,,,,,,,,,,,,,,
3/20/26 11:13,3/20/26 11:47,IP Address,100,2021,False,3/27/26 11:47,R_62Ll7ZFWepKPSWn,anonymous,EN,I Agree,Invasive plant management ,10+ years,Industry/Private Sector,,Yes,5,1,4,2,7,6,3,8,,Yes - we monitor both invasive plant populations and native recovery post-treatment,"If yes, please provide your name and email",erik@someforest.com,"Asiatic bittersweet (Celastrus orbiculatus),Bush Honeysuckle (Lonicera maackii, morrowii, tatarica or X bella),Invasive Knotweeds (Reynoutria spp.),Multiflora rose (Rosa multiflora),Autumn-Olive (Elaeagnus umbellata),Barberry  (Berberis thunbergii),Black swallowwort (Vincetoxicum nigrum),Buckthorn (Rhamnus cathartica),Japanese honeysuckle (Lonicera japonica),Norway maple (Acer platanoides),Phragmites australis,Privet (Ligustrum sp.),Tree of heaven (AiIanthus altissima),Wild parsnip (Pastinaca sativa)",At the same time due to no change in phenology,"Treatment starting earlier due to changing phenology,Treatment ending later due to changing phenology",Treatment ending later due to changing phenology,,Treatment ending later due to changing phenology,,Treatment ending later due to changing phenology,"Treatment starting earlier due to changing phenology,Treatment ending later due to changing phenology",,At the same time due to no change in phenology,Treatment ending later due to changing phenology,,,"Treatment starting earlier due to changing phenology,Treatment ending later due to changing phenology",,Treatment ending later due to changing phenology,At the same time due to no change in phenology,At the same time due to no change in phenology,,,At the same time due to no change in phenology,At the same time due to no change in phenology,At the same frequency due to no change in phenology,At the same frequency due to no change in phenology,At the same frequency due to no change in phenology,,At the same frequency due to no change in phenology,,At the same frequency due to no change in phenology,At the same frequency due to no change in phenology,,At the same frequency due to no change in phenology,At the same frequency due to no change in phenology,,,At the same frequency due to no change in phenology,,At the same frequency due to no change in phenology,At the same frequency due to no change in phenology,At the same frequency due to no change in phenology,,,At the same frequency due to no change in phenology,At the same frequency due to no change in phenology,28,28,28,,28,,28,28,,15,28,,,28,,20,15,15,,,10,15,Multi-state network of sites,,Maine,"If yes, please provide your name and email",erik@someforest.com,Yes,"House Lot, Cape RD Buxton, ME USA",Yes,Foliar spray,,,,,,September,September,25,25,"Yes, fruit or seed set",,"Yes, fruit or seed set",,1,No,,,,,,,,,,,,,,,Locally eradicate the population,,Very effective,No,"no change, but a follow up treatment was prescribed and is planned",No,,,,,,,,,,,,,,,,,,,,,,,,,,,,,,,,,,,,,,Yes,"Shaker Pond Rec area, Town of Alfred, Alfred ME, USA",Yes,,Foliar spray,,,,,May,June,15,30,"Yes, other",early vigorous foliage growth,No,,1,No,,,,,,,,,,,,,,,Locally eradicate the population,,Moderately effective,Yes,,Yes,"Shaker pond rec lot, Alfred Maine, USA",Yes,Foliar spray,Foliar spray,,,,,May,June,10,30,"Yes, other",I needed to do a foliar application and the contracted time ended July 1,No,,1,No,,,,,,,,,,,,,,,Locally eradicate the population,,Very effective,No,"No change in process, political constraints on timing and length of contract were the primary challenges",No,,,,,,,,,,,,,,,,,,,,,,,,,,,,,,,,,,,,,,Yes,"Swain Farm, Sanbornton NH, USA",Yes,,Foliar spray,,,,,September,September,20,20,"Yes, other",complete foliar application before end of treatment window,"Yes, other",complete treatment before end of foliage ,1,No,,,,,,,,,,,,,,,Locally eradicate the population,,Moderately effective,Yes,
3/20/26 12:47,3/20/26 12:57,IP Address,100,648,False,3/27/26 12:57,R_1flgE1bOQDY1J2D,anonymous,EN,I Agree,Invasive plant management ,6 to 10 years,Other,Self Employer Consulting Forester,Yes,5,1,3,7,2,6,4,8,,Yes - we monitor invasive plant populations post-treatment,No,,"Asiatic bittersweet (Celastrus orbiculatus),Bush Honeysuckle (Lonicera maackii, morrowii, tatarica or X bella),Invasive Knotweeds (Reynoutria spp.),Multiflora rose (Rosa multiflora),Buckthorn (Rhamnus cathartica)",I don't know,I don't know,I don't know,,I don't know,,,,,,I don't know,,,,,,,,,,,,At the same frequency despite a change in phenology,At the same frequency despite a change in phenology,At the same frequency despite a change in phenology,,At the same frequency despite a change in phenology,,,,,,At the same frequency despite a change in phenology,,,,,,,,,,,,3,3,3,,3,,,,,,3,,,,,,,,,,,,Single site,,Maine,No,,No,,,,,,,,,,,,,,,,,,,,,,,,,,,,,,,,,,,,,,No,,,,,,,,,,,,,,,,,,,,,,,,,,,,,,,,,,,,,,Yes,Maine,Yes,Foliar spray,,,,,,September,,27,,"Yes, fruit or seed set",,"Yes, fruit or seed set",,1,Yes,"Hand pulling, digging, or other form of removal of both above and belowground biomass",,September,,27,,"Yes, dormancy",,"Yes, dormancy",,2,Once during the growing season,100,2,Locally eradicate the population,,Very effective,Yes,,Yes,Maine,Yes,Foliar spray,,,,,,September,,27,,"Yes, fruit or seed set",,"Yes, fruit or seed set",,1,Yes,"Hand pulling, digging, or other form of removal of both above and belowground biomass",,September,,27,,"Yes, fruit or seed set",,"Yes, fruit or seed set",,1,Once during the growing season,100,2,Locally eradicate the population,,Very effective,Yes,,Yes,Maine,No,,,,,,,,,,,,,,,,No,,,,,,,,,,,,,,,Locally eradicate the population,,Very effective,Yes,,Yes,Maine,Yes,Foliar spray,,,,,,September,September,27,27,"Yes, fruit or seed set",,"Yes, fruit or seed set",,1,No,,,,,,,,,,,,,,,Locally eradicate the population,,Very effective,Yes,
3/27/26 13:43,3/27/26 14:04,IP Address,100,1251,True,3/27/26 14:04,R_3Xof06Wl6uTCmnD,anonymous,EN,I Agree,Invasive plant management ,10+ years,State Government,,Yes,2,4,5,7,6,3,1,8,,Yes - we monitor invasive plant populations post-treatment,"If yes, please provide your name and email",Daniel Shaffer daniel.shaffer@dec.ny.gov,"Asiatic bittersweet (Celastrus orbiculatus),Bush Honeysuckle (Lonicera maackii, morrowii, tatarica or X bella),Invasive Knotweeds (Reynoutria spp.),Multiflora rose (Rosa multiflora),Stiltgrass (Microstegium vimineum),Autumn-Olive (Elaeagnus umbellata),Black swallowwort (Vincetoxicum nigrum),Buckthorn (Rhamnus cathartica),Japanese honeysuckle (Lonicera japonica),Norway maple (Acer platanoides),Spotted knapweed (Centaurea stoebe)",Starting earlier or ending later for other reasons,Starting earlier or ending later for other reasons,Starting earlier or ending later for other reasons,,Starting earlier or ending later for other reasons,Starting earlier or ending later for other reasons,Starting earlier or ending later for other reasons,,,Starting earlier or ending later for other reasons,Starting earlier or ending later for other reasons,,,Starting earlier or ending later for other reasons,,Starting earlier or ending later for other reasons,,,,Starting earlier or ending later for other reasons,,,More or less frequently for other reasons,More or less frequently for other reasons,More or less frequently for other reasons,,More or less frequently for other reasons,More or less frequently for other reasons,More or less frequently for other reasons,,,More or less frequently for other reasons,More or less frequently for other reasons,,,More or less frequently for other reasons,,More or less frequently for other reasons,,,,More or less frequently for other reasons,,,20,20,20,,20,5,20,,,15,10,,,20,,15,,,,15,,,Network of sites within one state/province,,New York,"If yes, please provide your name and email",Daniel Shaffer daniel.shaffer@dec.ny.gov,Yes,McCarty Hill State Forest Great Valley NY USA,Yes,Foliar spray,,,,,,June,September,15,30,"Yes, dormancy",,"Yes, senescence",,2,No,,,,,,,,,,,,,,,Locally eradicate the population,,Moderately effective,Yes,,No,,,,,,,,,,,,,,,,,,,,,,,,,,,,,,,,,,,,,,Yes,"McCarty Hill State Forest Great Valley, NY USA",Yes,Foliar spray,Hack and squirt,,,,,June,September,15,30,"Yes, dormancy",,"Yes, senescence",,1,No,,,,,,,,,,,,,,,Locally eradicate the population,,Moderately effective,Yes,,Yes,"McCarty Hill State Forest, Great Valley, NY USA",Yes,Foliar spray,Hack and squirt,,,,,June,September,15,30,"Yes, dormancy",,"Yes, senescence",,1,No,,,,,,,,,,,,,,,Locally eradicate the population,,Moderately effective,Yes,,No,,,,,,,,,,,,,,,,,,,,,,,,,,,,,,,,,,,,,,Yes,McCarty Hill State Forest Great Valley NY USA,Yes,Foliar spray,Hack and squirt,,,,,June,September,15,30,"Yes, dormancy",,"Yes, senescence",,1,No,,,,,,,,,,,,,,,Locally eradicate the population,,Moderately effective,Yes,
3/20/26 14:56,3/20/26 14:57,IP Address,0,14,False,3/27/26 14:57,R_1cyXcPrvH8Eq3Dz,anonymous,EN,I Agree,,,,,,,,,,,,,,,,,,,,,,,,,,,,,,,,,,,,,,,,,,,,,,,,,,,,,,,,,,,,,,,,,,,,,,,,,,,,,,,,,,,,,,,,,,,,,,,,,,,,,,,,,,,,,,,,,,,,,,,,,,,,,,,,,,,,,,,,,,,,,,,,,,,,,,,,,,,,,,,,,,,,,,,,,,,,,,,,,,,,,,,,,,,,,,,,,,,,,,,,,,,,,,,,,,,,,,,,,,,,,,,,,,,,,,,,,,,,,,,,,,,,,,,,,,,,,,,,,,,,,,,,,,,,,,,,,,,,,,,,,,,,,,,,,,,,,,,,,,,,,,,,,,,,,,,,,,,,,
3/27/26 14:48,3/27/26 15:12,IP Address,100,1466,True,3/27/26 15:12,R_3lWumIYfy2qG65b,anonymous,EN,I Agree,Invasive plant management ,6 to 10 years,State Government,,Yes,1,4,2,6,7,3,5,8,,Yes - we monitor both invasive plant populations and native recovery post-treatment,No,,"Asiatic bittersweet (Celastrus orbiculatus),Bush Honeysuckle (Lonicera maackii, morrowii, tatarica or X bella),Invasive Knotweeds (Reynoutria spp.),Autumn-Olive (Elaeagnus umbellata),Black swallowwort (Vincetoxicum nigrum),Buckthorn (Rhamnus cathartica),Japanese honeysuckle (Lonicera japonica),Phragmites australis",At the same time due to no change in phenology,At the same time due to no change in phenology,At the same time due to no change in phenology,,,,At the same time due to no change in phenology,,,At the same time due to no change in phenology,At the same time due to no change in phenology,,,At the same time due to no change in phenology,,,At the same time due to no change in phenology,,,,,,At the same frequency due to no change in phenology,At the same frequency due to no change in phenology,At the same frequency due to no change in phenology,,,,At the same frequency due to no change in phenology,,,At the same frequency due to no change in phenology,At the same frequency due to no change in phenology,,,At the same frequency due to no change in phenology,,,At the same frequency due to no change in phenology,,,,,,1,1,1,,,,1,,,1,1,,,1,,,1,,,,,,Network of sites within one state/province,,New York,No,,Yes,"West Parishville State Forest, Parishville, NY USA",Yes,Stem injection,,,,,,August,August,,,No,,No,,1,No,,,,,,,,,,,,,,,Locally eradicate the population,,Very effective,Yes,,No,,,,,,,,,,,,,,,,,,,,,,,,,,,,,,,,,,,,,,No,,,,,,,,,,,,,,,,,,,,,,,,,,,,,,,,,,,,,,Yes,"Stammer Creek State Forest, Edwards, NY USA",Yes,,"Cut and paint,Other",,,,,August,August,,,No,,No,,1,Yes,"Hand pulling, digging, or other form of removal of both above and belowground biomass",,,,,,"Yes, other",Any time I walk past it. ,No,,1,Once during the growing season,,0,Decrease population size,,Very effective,Yes,,No,,,,,,,,,,,,,,,,,,,,,,,,,,,,,,,,,,,,,,No,,,,,,,,,,,,,,,,,,,,,,,,,,,,,,,,,,,,,
3/27/26 15:12,3/27/26 15:50,IP Address,100,2249,True,3/27/26 15:50,R_70UIFBzhIKuqskM,anonymous,EN,I Agree,Invasive plant management ,10+ years,State Government,,Yes,6,4,8,2,5,3,7,1,Contractor Availability,Yes - we monitor invasive plant populations post-treatment,No,,"Invasive Knotweeds (Reynoutria spp.),Multiflora rose (Rosa multiflora),Barberry  (Berberis thunbergii),Buckthorn (Rhamnus cathartica),Japanese honeysuckle (Lonicera japonica)",,,I don't know,,Treatment ending later due to changing phenology,,,Treatment ending later due to changing phenology,,,Treatment ending later due to changing phenology,,,Treatment ending later due to changing phenology,,,,,,,,,,,I don’t know,,I don’t know,,,I don’t know,,,I don’t know,,,I don’t know,,,,,,,,,,,20,,20,,,20,,,3,,,20,,,,,,,,,Network of sites within one state/province,,New York,No,,Yes,"Red Brook State Forest, German, NY USA",Yes,Foliar spray,,,Foliar spray,,,September,September,15,30,No,,No,,1,No,,,,,,,,,,,,,,,Locally eradicate the population,,Moderately effective,Yes,,No,,,,,,,,,,,,,,,,,,,,,,,,,,,,,,,,,,,,,,No,,,,,,,,,,,,,,,,,,,,,,,,,,,,,,,,,,,,,,No,,,,,,,,,,,,,,,,,,,,,,,,,,,,,,,,,,,,,,No,,,,,,,,,,,,,,,,,,,,,,,,,,,,,,,,,,,,,,No,,,,,,,,,,,,,,,,,,,,,,,,,,,,,,,,,,,,,
3/30/26 8:06,3/30/26 8:18,IP Address,100,682,True,3/30/26 8:18,R_7NTYejGCvqGhEQB,anonymous,EN,I Agree,Invasive plant management ,10+ years,State Government,,Yes,2,3,6,5,4,7,1,8,,Yes - we monitor invasive plant populations post-treatment,No,,"Invasive Knotweeds (Reynoutria spp.),Multiflora rose (Rosa multiflora),Stiltgrass (Microstegium vimineum),Buckthorn (Rhamnus cathartica),Japanese honeysuckle (Lonicera japonica)",,,At the same time due to no change in phenology,,At the same time due to no change in phenology,At the same time due to no change in phenology,,,,,At the same time due to no change in phenology,,,At the same time due to no change in phenology,,,,,,,,,,,At the same frequency due to no change in phenology,,At the same frequency due to no change in phenology,At the same frequency due to no change in phenology,,,,,At the same frequency due to no change in phenology,,,At the same frequency due to no change in phenology,,,,,,,,,,,5,,10,5,,,,,3,,,10,,,,,,,,,Network of sites within one state/province,,New York,No,,Yes,"along forest roads, on log landings.",Yes,Foliar spray,,,,,,July,July,23,23,"Yes, vegetation emergence",,"Yes, vegetation emergence",,1,Yes,"Mowing, cutting, or other form of removing aboveground biomass",,June,June,1,1,"Yes, vegetation emergence",,"Yes, vegetation emergence",,1,Once during the growing season,,0,Prevent population spread,,Slightly effective,No,"more frequent treatments, more often.",Yes,along a recreational trail ,Yes,Foliar spray,,,,,,August,August,12,12,"Yes, vegetation emergence",,"Yes, vegetation emergence",,1,No,,,,,,,,,,,,,,,Locally eradicate the population,,Moderately effective,Yes,,No,,,,,,,,,,,,,,,,,,,,,,,,,,,,,,,,,,,,,,Yes,in a timber sale area,Yes,Foliar spray,,,,,,May,May,1,1,"Yes, vegetation emergence",,"Yes, vegetation emergence",,1,No,,,,,,,,,,,,,,,Locally eradicate the population,,Very effective,Yes,,No,,,,,,,,,,,,,,,,,,,,,,,,,,,,,,,,,,,,,,Yes,in a timber management area,Yes,Foliar spray,,,,,,June,June,1,1,"Yes, vegetation emergence",,"Yes, vegetation emergence",,1,No,,,,,,,,,,,,,,,Locally eradicate the population,,Very effective,Yes,
3/23/26 8:29,3/23/26 8:31,IP Address,8,108,False,3/30/26 8:31,R_302k1tiovkvc8vo,anonymous,EN,I Agree,Invasive plant management ,10+ years,Nongovernmental Organization,,Yes,,,,,,,,,,,,,,,,,,,,,,,,,,,,,,,,,,,,,,,,,,,,,,,,,,,,,,,,,,,,,,,,,,,,,,,,,,,,,,,,,,,,,,,,,,,,,,,,,,,,,,,,,,,,,,,,,,,,,,,,,,,,,,,,,,,,,,,,,,,,,,,,,,,,,,,,,,,,,,,,,Yes,,,,,,,,,,,,,,,,,,,,,,,,,,,,,,,,,,,,,,,,,,,,,,,,,,,,,,,,,,,,,,,,,,,,,,,,,,,,,,,,,,,,,,,,,,,,,,,,,,,,,,,,,,,,,,,,,,,,,,,,,,,,,,,,,,,,,,,,,,,,,,,,,,,,,,,
3/27/26 10:25,3/30/26 10:58,IP Address,100,261195,True,3/30/26 10:58,R_5fD2mEaMt50J8cx,anonymous,EN,I Agree,Invasive plant management ,6 to 10 years,State Government,,Yes,1,4,5,6,7,3,2,8,,Yes - we monitor invasive plant populations post-treatment,,,"Asiatic bittersweet (Celastrus orbiculatus),Kudzu (Pueraria montana),Stiltgrass (Microstegium vimineum),Barberry  (Berberis thunbergii),Japanese honeysuckle (Lonicera japonica),Norway maple (Acer platanoides)",I don't know,,,I don't know,,I don't know,,I don't know,,,,,,I don't know,,I don't know,,,,,,,I don’t know,,,I don’t know,,I don’t know,,I don’t know,,,,,,I don’t know,,I don’t know,,,,,,,2,,,2,,2,,2,,,,,,2,,2,,,,,,,Network of sites within one state/province,,New York,No,,No,,,,,,,,,,,,,,,,,,,,,,,,,,,,,,,,,,,,,,Yes,"St Francis Woodlands, Staten Island NY ",Yes,Foliar spray,,,,Pre-emergent,Oust,April,August,1,1,"Yes, vegetation emergence",,"Yes, fruit or seed set",,2,Yes,"Mowing, cutting, or other form of removing aboveground biomass",,June,August,1,1,"Yes, fruit or seed set",,"Yes, fruit or seed set",,,Every 2-4 weeks,30,30,Locally eradicate the population,,Moderately effective,Yes,,Yes,"Sharrotts Shoreline, Staten Island NY",No,,,,,,,,,,,,,,,,Yes,Other,,,,,,,,,,,,,,Other,cut vines from trees,Moderately effective,Yes,,No,,,,,,,,,,,,,,,,,,,,,,,,,,,,,,,,,,,,,,Yes,,Yes,Cut and paint,,,,,,,,,,,,,,,Yes,"Mowing, cutting, or other form of removing aboveground biomass",,,,,,,,,,,,,,Locally eradicate the population,,Very effective,No,,No,,,,,,,,,,,,,,,,,,,,,,,,,,,,,,,,,,,,,
3/23/26 9:38,3/24/26 10:22,IP Address,9,89027,False,3/31/26 10:22,R_12QSTOpecXUjRmZ,anonymous,EN,I Agree,Invasive plant management ,Less than 2 years,Nongovernmental Organization,,Yes,,,,,,,,,,,,,,,,,,,,,,,,,,,,,,,,,,,,,,,,,,,,,,,,,,,,,,,,,,,,,,,,,,,,,,,,,,,,,,,,,,,,,,,,,,,,,,,,,,,,,,,,,,,,,,,,,,,,,,,,,,,,,,,,,,,,,,,,,,,,,,,,,,,,,,,,,,,,,,,,,,,,,,,,,,,,,,,,,,,,,,,,,,,,,,,,,,,,,,,Yes,Dartmouth MA,Yes,,,,,,,,,,,,,,,,,,,,,,,,,,,,,,,,,,,,,,,,,,,,,,,,,,,,,,,,,,,,,,,,,,,,,,,,,,,,,,,,,,,,,,,,,,,,,,,,,,,,,,,,,,,,,,,
3/24/26 10:49,3/24/26 10:53,IP Address,4,198,False,3/31/26 10:53,R_5S1wzXLPgsnd5Z3,anonymous,EN,I Agree,Invasive plant management ,6 to 10 years,State Government,,"No, but I managed other invasive plant species",7,1,2,3,4,5,6,8,,Yes - we monitor invasive plant populations post-treatment,No,,"Autumn-Olive (Elaeagnus umbellata),Barberry  (Berberis thunbergii),Mugwort (Artemisia vulgaris),Phragmites australis",,,,,,,,,,,,,,,,,,,,,,,,,,,,,,,,,,,,,,,,,,,,,,,,,,,,,,,,,,,,,,,,,,,,,,,,,,,,,,,,,,,,,,,,,,,,,,,,,,,,,,,,,,,,,,,,,,,,,,,,,,,,,,,,,,,,,,,,,,,,,,,,,,,,,,,,,,,,,,,,,,,,,,,,,,,,,,,,,,,,,,,,,,,,,,,,,,,,,,,,,,,,,,,,,,,,,,,,,,,,,,,,,,,,,,,,,,,,,,,,,,,,,,,,,,,,,,,,,,,,,,,,,,,,,,,,,,,,,,,,,,,,,,,,,,,,,,,,,,,
3/31/26 11:40,3/31/26 11:52,IP Address,100,744,True,3/31/26 11:52,R_3OGXoylU3DboPJf,anonymous,EN,I Agree,Invasive plant management ,10+ years,Industry/Private Sector,,Yes,1,2,6,5,4,3,7,8,,No,No,,"Bush Honeysuckle (Lonicera maackii, morrowii, tatarica or X bella),Barberry  (Berberis thunbergii),Buckthorn (Rhamnus cathartica),Japanese honeysuckle (Lonicera japonica)",,Other,,,,,,Other,,,Other,,,Other,,,,,,,,,,Other,,,,,,Other,,,Other,,,Other,,,,,,,,,,10,,,,,,10,,,10,,,10,,,,,,,,,Single site,,Vermont,No,,No,,,,,,,,,,,,,,,,,,,,,,,,,,,,,,,,,,,,,,No,,,,,,,,,,,,,,,,,,,,,,,,,,,,,,,,,,,,,,No,,,,,,,,,,,,,,,,,,,,,,,,,,,,,,,,,,,,,,Yes,"Buck Family Maple Farm, Washington, VT USA",No,,,,,,,,,,,,,,,,Yes,"Mowing, cutting, or other form of removing aboveground biomass",,April,October,1,30,"Yes, vegetation emergence",,"Yes, other",When discovered,,Once during the growing season,100,8,Locally eradicate the population,,Very effective,Yes,,No,,,,,,,,,,,,,,,,,,,,,,,,,,,,,,,,,,,,,,No,,,,,,,,,,,,,,,,,,,,,,,,,,,,,,,,,,,,,
3/24/26 12:52,3/24/26 13:04,IP Address,97,758,False,3/31/26 13:04,R_6waxO7UCLnF3DXP,anonymous,EN,I Agree,Invasive plant management ,2 to 5 years,Other,Community-Based Voluntary Organization,Yes,,,,,,,,,,No,"If yes, please provide your name and email",taimontanarella@gmail.com,"Asiatic bittersweet (Celastrus orbiculatus),Bush Honeysuckle (Lonicera maackii, morrowii, tatarica or X bella),Multiflora rose (Rosa multiflora),Stiltgrass (Microstegium vimineum),Japanese honeysuckle (Lonicera japonica),Mugwort (Artemisia vulgaris)",,,,,,,,,,,,,,,,,,,,,,,,,,,,,,,,,,,,,,,,,,,,,,,,,,,,,,,,,,,,,,,,,,,,,,,,No,,,,,,,,,,,,,,,,,,,,,,,,,,,,,,,,,,,,,,,,,,,,,,,,,,,,,,,,,,,,,,,,,,,,,,,,,,,,No,,,,,,,,,,,,,,,,,,,,,,,,,,,,,,,,,,,,,,Yes,"Pelham Manor, Westchester County NY USA",No,,,,,,,,,,,,,,,,No,,,,,,,,,,,,,,,Other,Slow population spread and protect recently planted native shrub seedlings. ,Slightly effective,No,"If I had root levers, I would attempt to pull out the roots as well. ",,,,,,,,,,,,,,,,,,,,,,,,,,,,,,,,,,,,,,,No,,,,,,,,,,,,,,,,,,,,,,,,,,,,,,,,,,,,,
3/26/26 9:03,3/26/26 11:13,IP Address,82,7813,False,4/2/26 11:13,R_5RkcGErB0fqr9Fn,anonymous,EN,I Agree,Invasive plant management ,10+ years,Nongovernmental Organization,,Yes,,,,,,,,,,,,,,,,,,,,,,,,,,,,,,,,,,,,,,,,,,,,,,,,,,,,,,,,,,,,,,,,,,,,,,,,,,,,,,,,,,,,,No,,,,,,,,,,,,,,,,,,,,,,,,,,,,,,,,,,,,,,No,,,,,,,,,,,,,,,,,,,,,,,,,,,,,,,,,,,,,,No,,,,,,,,,,,,,,,,,,,,,,,,,,,,,,,,,,,,,,No,,,,,,,,,,,,,,,,,,,,,,,,,,,,,,,,,,,,,,No,,,,,,,,,,,,,,,,,,,,,,,,,,,,,,,,,,,,,,Yes,"Guyette Farm CA, Plainfield, MA USA",Yes,,,,,,,,,,,,,,,,,,,,,,,,,,,,,,,,,,,
3/27/26 11:22,3/27/26 11:29,IP Address,23,400,False,4/3/26 11:30,R_3efMgXIbxCQJW7v,anonymous,EN,I Agree,Invasive plant management ,10+ years,State Government,,Yes,,,,,,,,,,,,,,,,,,,,,,,,,,,,,,,,,,,,,,,,,,,,,,,,,,,,,,,,,,,,,,,,,,,,,,,,,,,,,,,,,,,,,,,,,,,,,,,,,,,,,,,,,,,,,,,,,,,,,,,,,,,,,,,,,,,,,,,,,,,,,,,,,,,,,,,,,,,,,,,,,Yes,"Summer Hill State Forest, Summerhill, NY USA",Yes,,,,,,,,,,,,,,,,,,,,,,,,,,,,,,,,,,,,,,,,,,,,,,,,,,,,,,,,,,,,,,,,,,,,,,,,,,No,,,,,,,,,,,,,,,,,,,,,,,,,,,,,,,,,,,,,,,,,,,,,,,,,,,,,,,,,,,,,,,,,,,,,,,,,,,
3/27/26 11:37,3/27/26 12:14,IP Address,97,2212,False,4/3/26 12:14,R_3gMvrHyxKxXqJCk,anonymous,EN,I Agree,Invasive plant management ,2 to 5 years,State Government,,Yes,7,5,3,8,6,2,4,1,Wetlands,Yes - we monitor invasive plant populations post-treatment,No,,"Kudzu (Pueraria montana),Barberry  (Berberis thunbergii),Black swallowwort (Vincetoxicum nigrum),Buckthorn (Rhamnus cathartica),Chinese silver grass (Miscanthus sinensis),Phragmites australis",,,,,,,,,,,,,,,,,,,,,,,,,,,,,,,,,,,,,,,,,,,,,,,,,,,,,,,,,,,,,,,,,,,,,,,,No,,,,,,,,,,,,,,,,,,,,,,,,,,,,,,,,,,,,,,Yes,Norton basin,Yes,,,,,Other,I forgot we only did mechanical but can't go back,August,September,15,15,"Yes, flowering",,"Yes, flowering",,1,Yes,"Hand pulling, digging, or other form of removal of both above and belowground biomass",,August,September,15,15,"Yes, flowering",,"Yes, flowering",,1,Once during the growing season,,0,Decrease population size,,Moderately effective,No,Herbicide,No,,,,,,,,,,,,,,,,,,,,,,,,,,,,,,,,,,,,,,No,,,,,,,,,,,,,,,,,,,,,,,,,,,,,,,,,,,,,,Yes,"Manhasset, Ny, USA",Yes,Foliar spray,,,,,,September,October,15,15,"Yes, senescence",,"Yes, senescence",,1,Yes,"Hand pulling, digging, or other form of removal of both above and belowground biomass",,September,October,15,15,"Yes, senescence",,"Yes, senescence",,1,Once during the growing season,0,0,Decrease population size,,Very effective,Yes,,No,,,,,,,,,,,,,,,,,,,,,,,,,,,,,,,,,,,,,
3/28/26 11:49,3/28/26 11:56,IP Address,11,397,False,4/4/26 11:56,R_6P66nrY1kWthDSg,anonymous,EN,I Agree,Invasive plant management ,6 to 10 years,Nongovernmental Organization,,Yes,,,,,,,,,,,,,,,,,,,,,,,,,,,,,,,,,,,,,,,,,,,,,,,,,,,,,,,,,,,,,,,,,,,,,,,,,,,,,,,,,,,,,,,,,,,,,,,,,,,,,,,,,,,,,,,,,,,,,,,,,,,,,,,,,,,,,,,,,,,,,,,,,,,,,,,,,,,,,,,,,,,,,,,,,,,,,,,,,,,,,,,,,,,,,,,,,,,,,,,,,,,,,,,,,,,,,,,,,,,,,,,,,,,,,,,,,,,,,,,,,,,,,,,,,,,,,,,,,,,,,,,,,,,,,,,,,,,Yes,"Pisgah National Forest, Hot Springs, NC USA",Yes,"Foliar spray,Cut and paint","Foliar spray,Cut and paint",,,,,March,December,1,15,"Yes, vegetation emergence",,"Yes, dormancy",,10,Yes,,,,,,,,,,,,,,,,,,,
3/30/26 12:27,3/30/26 12:27,IP Address,0,15,False,4/6/26 12:27,R_1joI8GJ4ZVWYvZu,anonymous,EN,I Agree,,,,,,,,,,,,,,,,,,,,,,,,,,,,,,,,,,,,,,,,,,,,,,,,,,,,,,,,,,,,,,,,,,,,,,,,,,,,,,,,,,,,,,,,,,,,,,,,,,,,,,,,,,,,,,,,,,,,,,,,,,,,,,,,,,,,,,,,,,,,,,,,,,,,,,,,,,,,,,,,,,,,,,,,,,,,,,,,,,,,,,,,,,,,,,,,,,,,,,,,,,,,,,,,,,,,,,,,,,,,,,,,,,,,,,,,,,,,,,,,,,,,,,,,,,,,,,,,,,,,,,,,,,,,,,,,,,,,,,,,,,,,,,,,,,,,,,,,,,,,,,,,,,,,,,,,,,,,,
3/26/26 14:39,3/31/26 11:10,IP Address,100,419466,False,4/7/26 11:10,R_3hrUIBYt44CRBWV,anonymous,EN,I Agree,Invasive plant management ,2 to 5 years,State Government,,Yes,1,4,7,5,6,3,2,8,,Yes - we monitor invasive plant populations post-treatment,No,,"Invasive Knotweeds (Reynoutria spp.),Kudzu (Pueraria montana),Multiflora rose (Rosa multiflora),Autumn-Olive (Elaeagnus umbellata),Black swallowwort (Vincetoxicum nigrum),Buckthorn (Rhamnus cathartica),Japanese honeysuckle (Lonicera japonica)",,,I don't know,I don't know,I don't know,,I don't know,,,I don't know,I don't know,,,I don't know,,,,,,,,,,,I don’t know,I don’t know,I don’t know,,I don’t know,,,I don’t know,I don’t know,,,I don’t know,,,,,,,,,,,,,,,,,,,,,,,,,,,,,,,Network of sites within one state/province,,New York,No,,No,,,,,,,,,,,,,,,,,,,,,,,,,,,,,,,,,,,,,,No,,,,,,,,,,,,,,,,,,,,,,,,,,,,,,,,,,,,,,No,,,,,,,,,,,,,,,,,,,,,,,,,,,,,,,,,,,,,,Yes,"NYSDEC Avon office headquarters, Avon NY USA",Yes,Cut and paint,,,,,,March,March,10,17,No,,No,,1,Yes,"Mowing, cutting, or other form of removing aboveground biomass",,March,March,10,17,No,,No,,1,Once during the growing season,,0,Decrease population size,,Very effective,Yes,,Yes,"Can't remember, somewhere in Long Island",Yes,"Foliar spray,Cut and paint",,,,,,August,August,10,10,No,,No,,1,Yes,"Hand pulling, digging, or other form of removal of both above and belowground biomass",,August,August,10,10,No,,No,,1,Once during the growing season,0,0,Locally eradicate the population,,Very effective,Yes,,Yes,"Sonyea State Forest, West Sparta NY USA",No,,,,,,,,,,,,,,,,Yes,"Mowing, cutting, or other form of removing aboveground biomass",,August,August,15,18,No,,No,,1,Once during the growing season,0,0,Decrease population size,,Slightly effective,No,More staff and involve the use of herbicides
4/8/26 19:39,4/8/26 19:50,IP Address,100,620,True,4/8/26 19:50,R_7mleLpdbPvb6bxt,anonymous,EN,I Agree,Invasive plant management ,2 to 5 years,Industry/Private Sector,,Yes,2,7,3,4,6,5,1,8,This question isn't that relevant because we manage all invasive plants regardless of season,Yes - we monitor both invasive plant populations and native recovery post-treatment,"If yes, please provide your name and email","Colin Bennett, swampyankeeearthcare@gmail.com","Asiatic bittersweet (Celastrus orbiculatus),Bush Honeysuckle (Lonicera maackii, morrowii, tatarica or X bella),Invasive Knotweeds (Reynoutria spp.),Multiflora rose (Rosa multiflora),Stiltgrass (Microstegium vimineum),Autumn-Olive (Elaeagnus umbellata),Barberry  (Berberis thunbergii),Black swallowwort (Vincetoxicum nigrum),Buckthorn (Rhamnus cathartica),Chinese silver grass (Miscanthus sinensis),Japanese honeysuckle (Lonicera japonica),Mugwort (Artemisia vulgaris),Phragmites australis,Privet (Ligustrum sp.),Spotted knapweed (Centaurea stoebe)",At the same time due to no change in phenology,At the same time due to no change in phenology,At the same time due to no change in phenology,,At the same time due to no change in phenology,Treatment starting earlier due to changing phenology,At the same time due to no change in phenology,At the same time due to no change in phenology,,Treatment starting earlier due to changing phenology,At the same time due to no change in phenology,At the same time due to no change in phenology,,At the same time due to no change in phenology,At the same time due to no change in phenology,,At the same time due to no change in phenology,At the same time due to no change in phenology,,At the same time due to no change in phenology,,,At the same frequency due to no change in phenology,At the same frequency due to no change in phenology,At the same frequency due to no change in phenology,,At the same frequency due to no change in phenology,At the same frequency due to no change in phenology,At the same frequency due to no change in phenology,At the same frequency due to no change in phenology,,At the same frequency due to no change in phenology,At the same frequency due to no change in phenology,At the same frequency due to no change in phenology,,At the same frequency due to no change in phenology,At the same frequency due to no change in phenology,,At the same frequency due to no change in phenology,At the same frequency due to no change in phenology,,At the same frequency due to no change in phenology,,,3,2,5,,2,2,2,2,,2,1,2,,2,2,,2,2,,2,,,Network of sites within one state/province,,Connecticut,"If yes, please provide your name and email","Colin Bennett, swampyankeeearthcare@gmail.com",,,,,,,,,,,,,,,,,,,,,,,,,,,,,,,,,,,,,,,,,,,,,,,,,,,,,,,,,,,,,,,,,,,,,,,,,,,,,"Yes, but I’m out of time - take me to the last section",,,,,,,,,,,,,,,,,,,,,,,,,,,,,,,,,,,,,,Yes,"East Lyme, Connecticut",No,,,,,,,,,,,,,,,,Yes,"Hand pulling, digging, or other form of removal of both above and belowground biomass",,January,December,1,31,No,,No,,1,Once during the growing season,,0,Locally eradicate the population,,Extremely effective,Yes,,,,,,,,,,,,,,,,,,,,,,,,,,,,,,,,,,,,,,,,Yes,"East Lyme, Connecticut",No,,,,,,,,,,,,,,,,Yes,"Hand pulling, digging, or other form of removal of both above and belowground biomass",,January,December,1,31,No,,No,,5,Every 1-2 months,0,0,Locally eradicate the population,,Extremely effective,Yes,
4/9/26 9:03,4/9/26 9:06,IP Address,8,176,False,4/16/26 9:06,R_1dgVycaBm6OVXn0,anonymous,EN,I Agree,Invasive plant management ,2 to 5 years,Nongovernmental Organization,,Yes,,,,,,,,,,,,,,,,,,,,,,,,,,,,,,,,,,,,,,,,,,,,,,,,,,,,,,,,,,,,,,,,,,,,,,,,,,,,,,,,,,,,,Yes,,,,,,,,,,,,,,,,,,,,,,,,,,,,,,,,,,,,,,,,,,,,,,,,,,,,,,,,,,,,,,,,,,,,,,,,,,,,,,,,,,,,,,,,,,,,,,,,,,,,,,,,,,,,,,,,,,,,,,,,,,,,,,,,,,,,,,,,,,,,,,,,,,,,,,,,,,,,,,,,,,,,,,,,,,,,,,,,,,,,,,,,,,,,,,,,,,,,,,,,,,,,,,,,,,,,,,,,,,,,,,,,,,,